name,brand,condition,packaging,saleTerms,group,type,audience,ridingStyles,sizeLabel,sizeFilterKeys,officialSize,variant,color,price,reference,url,sku,id,productId,observedAt
"Prologo NAGO R4 3D PAS 137-HARD BLACK- NACK","Prologo","","","","Components","Saddles","","","","","","","","462","462","https://bikecloset.com/product/prologo-nago-r4-3d-pas-137-hard-black-nack/","4711946199012","1796934","1796934","2026-09-11T12:08:04.173Z"
"Look KEO CLASSIC 3 PLUS (OEM)","Look","","OEM","","Components","Pedals & cleats","","","","","","","","59.99","95","https://bikecloset.com/product/look-keo-classic-3-plus-packaging/","3611720172969a","1773097","1773097","2026-09-11T12:08:04.173Z"
"Look CLASSIC 3 BLACK RED (OEM)","Look","","OEM","","Components","Pedals & cleats","","","","","","","","39.99","65","https://bikecloset.com/product/look-classic-3-black-red-packaging/","3611720127266a","1773096","1773096","2026-09-11T12:08:04.173Z"
"Look CLASSIC 3 BLACK WHITE (OEM)","Look","","OEM","","Components","Pedals & cleats","","","","","","","","39.99","65","https://bikecloset.com/product/look-classic-3-black-white-packaging/","3611720127259a","1773095","1773095","2026-09-11T12:08:04.173Z"
"Look CLASSIC 3 BLACK (OEM)","Look","","OEM","","Components","Pedals & cleats","","","","","","","","39.99","65","https://bikecloset.com/product/look-classic-3-black-packaging/","3611720110909a","1773094","1773094","2026-09-11T12:08:04.173Z"
"Selle Italia SLR TRI GEL Ti Rail Team Edition PROF 3.0 (OEM)","Selle Italia","","OEM","","Components","Saddles","","","","","","","","49.99","300","https://bikecloset.com/product/sella-slr-tri-gel-t-e-prof-3-0/","8030282462922","1783751","1783751","2026-09-11T12:08:04.173Z"
"Selle Italia NOVUS SF 130 Carbon Rail Team Edition PROF 5.0 (OEM)","Selle Italia","","OEM","","Components","Saddles","","","","","","","","79.99","379","https://bikecloset.com/product/sella-novus-sf-130-t-e-prof-5-0/","8030282492479","1783750","1783750","2026-09-11T12:08:04.173Z"
"Selle Italia SLR TRI GEL Carbon Rail Team Edition PROF 5.0 (OEM)","Selle Italia","","OEM","","Components","Saddles","","","","","","","","79.99","379","https://bikecloset.com/product/sella-slr-tri-gel-t-e-prof-5-0/","8030282492561","1783749","1783749","2026-09-11T12:08:04.173Z"
"Selle Italia NOVUS Carbon Rail L Team Edition PROF 4.0 (OEM)","Selle Italia","","OEM","","Components","Saddles","","","","","","","","79.99","379","https://bikecloset.com/product/sella-novus-l-t-e-prof-4-0/","8030282476400","1783748","1783748","2026-09-11T12:08:04.173Z"
"Selle Italia NOVUS BOOST Carbon Rail L Team Edition PROF 6.0 (OEM)","Selle Italia","","OEM","","Components","Saddles","","","","","","","","79.99","379","https://bikecloset.com/product/sella-novus-boost-l-t-e-prof-6-0/","8030282513440","1783745","1783745","2026-09-11T12:08:04.173Z"
"Selle Italia NOVUS BOOST Carbon Rail S Team Edition PROF 6.0 (OEM)","Selle Italia","","OEM","","Components","Saddles","","","","","","","","79.99","379","https://bikecloset.com/product/sella-novus-boost-s-t-e-prof-6-0/","8030282513426","1783744","1783744","2026-09-11T12:08:04.173Z"
"Silca EOLO IV REGULATOR BLACK/RED","Silca","","","","Accessories & tools","CO2 inflators","","","","","","","","26","26","https://bikecloset.com/product/eolo-iv-regulator-black-red/","810093160587","1795843","1795843","2026-09-11T12:08:04.173Z"
"Silca EOLO IV REGULATOR GREEN/GREY","Silca","","","","Accessories & tools","CO2 inflators","","","","","","","","26","26","https://bikecloset.com/product/eolo-iv-regulator-green-grey/","810093160594","1795839","1795839","2026-09-11T12:08:04.173Z"
"Rapha Ratio Glasses","Rapha","","","","Footwear & protection","Eyewear","","","","","","","","99","200","https://bikecloset.com/product/ratio-glasses/","5059526466277","1794810","1794810","2026-09-11T12:08:04.173Z"
"Pirelli Scorpion Trail M 29×2.40 Folding Tubeless Ready (OEM)","Pirelli","","OEM","","Wheels & tires","Tires","","","29 × 2.4 in","tires:29 × 2.4 in","29×2.40","","","49.99","103.9","https://bikecloset.com/product/pirelli-scorpion-trail-m-29x2-40-folding-tubeless-ready-oem/","","1793545","1793545","2026-09-11T12:08:04.173Z"
"Pirelli Scorpion Trail Rear 29×2.40 Tubeless Ready (OEM)","Pirelli","","OEM","","Wheels & tires","Tires","","","29 × 2.4 in","tires:29 × 2.4 in","29×2.40","","","39.99","103.9","https://bikecloset.com/product/pirelli-scorpion-trail-rear-29x2-40-tubeless-ready/","","1793542","1793542","2026-09-11T12:08:04.173Z"
"Pirelli Cinturato EVO TLR 700x30C Tubeless Ready Tanwall","Pirelli","","","","Wheels & tires","Tires","","","700 × 30 mm","tires:700 × 30 mm","700x30C","","","59.99","109.9","https://bikecloset.com/product/pirelli-cinturato-evo-tlr-700x30c-tubeless-ready-tanwall/","8019227471618","1793538","1793538","2026-09-11T12:08:04.173Z"
"POC Elicit  Fluorescent Orange Translucent + Extra Clear Lens","POC","","","","Footwear & protection","Eyewear","","","","","","","","149","290","https://bikecloset.com/product/elicit-elicit/","7325549860544","1792670","1792670","2026-09-11T12:08:04.173Z"
"Poc Devour Mid (Narrow)","POC","","","","Footwear & protection","Eyewear","","","","","","","","149","250","https://bikecloset.com/product/devour-mid-devour-mid/","7325549790674","1792668","1792668","2026-09-11T12:08:04.173Z"
"POC Devour Prismane Red + Extra Clear Lens","POC","","","","Footwear & protection","Eyewear","","","","","","","","149","300","https://bikecloset.com/product/devour-devour/","7325549798588","1792666","1792666","2026-09-11T12:08:04.173Z"
"Q36.5 Unique Road Shoes Green Fluo 42","Q36.5","","","","Footwear & protection","Cycling shoes","","","42","shoes:42","42","","","139","350","https://bikecloset.com/product/unique-road-shoes-green-fluo-42/","806258030864","1791473","1791473","2026-09-11T12:08:04.173Z"
"Shimano XTR 9250 SHIFT SWITCH DI2 ISPEC EV (OEM)","Shimano","","OEM","","Components","Derailleurs & shifters","","","","","","","","149","220","https://bikecloset.com/product/shimano-xtr-9250-shift-switch-di2-ispec-ev/","","1788848","1788848","2026-09-11T12:08:04.173Z"
"Shimano XTR ROTOR 180MM EBIKE W/ MAGNET (OEM)","Shimano","","OEM","","Components","Brakes & rotors","","","","","","","","59.99","100","https://bikecloset.com/product/shimano-xtr-rotor-160-cl-w-lockring-oem-copy/","","1788844","1788844","2026-09-11T12:08:04.173Z"
"Shimano XTR ROTOR 203 CL W/ LOCKRING (OEM)","Shimano","","OEM","","Components","Brakes & rotors","","","","","","","","59.99","110","https://bikecloset.com/product/shimano-xtr-rotor-203-cl-w-lockring-oem/","","1788838","1788838","2026-09-11T12:08:04.173Z"
"Shimano XTR 9250 RD SGS 12 SPD 51T DI2 (OEM)","Shimano","","OEM","","Components","Derailleurs & shifters","","","","","","","","500","665","https://bikecloset.com/product/shimano-xtr-9250-rd-sgs-12-spd-51t-di2-oem/","","1788725","1788725","2026-09-11T12:08:04.173Z"
"Shimano XTR 9200 Cassette 10-51 12 SPEED (OEM)","Shimano","","OEM","","Components","Cassettes","","","","","","","","379","500","https://bikecloset.com/product/shimano-xtr-9200-cassette-10-51-12-speed/","","1786058","1786058","2026-09-11T12:08:04.173Z"
"Shimano XTR 9250 Upgrade Kit (OEM)","Shimano","","OEM","","Components","Groupsets & upgrade kits","","","","","","","","999","1500","https://bikecloset.com/product/shimano-xtr-9250-upgrade-kit-oem/","","1785360","1785360","2026-09-11T12:08:04.173Z"
"Selle Italia SLR TEKNO FLOW Carbon Rail PROF 5.0 131mm (OEM)","Selle Italia","","OEM","","Components","Saddles","","","","","","","","199","499","https://bikecloset.com/product/sella-slr-tekno-flow-prof-5-0/","8030282492394","1783747","1783747","2026-09-11T12:08:04.173Z"
"Selle Italia SLR TEKNO Carbon Rail PROF 5.0 131mm (OEM)","Selle Italia","","OEM","","Components","Saddles","","","","","","","","149","499","https://bikecloset.com/product/sella-slr-tekno-prof-5-0/","8030282492370","1783746","1783746","2026-09-11T12:08:04.173Z"
"Selle Italia FLITE Carbon Rail Team Edition PROF 6.0 145mm (OEM)","Selle Italia","","OEM","","Components","Saddles","","","","","","","","99","379","https://bikecloset.com/product/sella-flite-t-e-prof-6-0/","8030282513389","1783743","1783743","2026-09-11T12:08:04.173Z"
"Selle Italia FLITE FLOW Carbon Rail Team Edition PROF 6.0 145mm (OEM)","Selle Italia","","OEM","","Components","Saddles","","","","","","","","99","379","https://bikecloset.com/product/sella-flite-flow-t-e-prof-6-0/","8030282513402","1783742","1783742","2026-09-11T12:08:04.173Z"
"Pirelli Cinturato TLR 650bx50mm GRAVEL H Classic","Pirelli","","","","Wheels & tires","Tires","","","650B × 50 mm","tires:650b × 50 mm","650bx50mm","","","39.99","103.9","https://bikecloset.com/product/cinturato-gravel-h-classic/","8019227387445","1780799","1780799","2026-09-11T12:08:04.173Z"
"Pirelli PZERO Race 700×28 TT Red Clincher","Pirelli","","","","Wheels & tires","Tires","","","700 × 28 mm","tires:700 × 28 mm","700×28","","","54.99","99.9","https://bikecloset.com/product/p-zero-race-tt-red/","8019227431902","1780798","1780798","2026-09-11T12:08:04.173Z"
"Pirelli PZERO Race 700×28 Colour Edition Orange Clincher","Pirelli","","","","Wheels & tires","Tires","","","700 × 28 mm","tires:700 × 28 mm","700×28","","","44.99","107.9","https://bikecloset.com/product/p-zero-race-colour-edition-orange/","8019227429787","1780797","1780797","2026-09-11T12:08:04.173Z"
"Pirelli PZERO Race 700×28 Colour Edition Lime Clincher","Pirelli","","","","Wheels & tires","Tires","","","700 × 28 mm","tires:700 × 28 mm","700×28","","","44.99","107.9","https://bikecloset.com/product/p-zero-race-colour-edition-lime/","8019227429763","1780795","1780795","2026-09-11T12:08:04.173Z"
"Pirelli PZERO Race 700×28 Colour Edition Fucsia Clincher","Pirelli","","","","Wheels & tires","Tires","","","700 × 28 mm","tires:700 × 28 mm","700×28","","","44.99","107.9","https://bikecloset.com/product/p-zero-race-colour-edition-fucsia/","8019227429800","1780794","1780794","2026-09-11T12:08:04.173Z"
"Prologo Dimension Space T4.0 Hard Black 153 mm","Prologo","","","","Components","Saddles","","","","","","","","79.99","120","https://bikecloset.com/product/prologo-dimension-space-t4-0-hard-black-153-mm/","4716112780230","1780788","1780788","2026-09-11T12:08:04.173Z"
"Prologo Dimension T4.0 Hard Black 143 mm","Prologo","","","","Components","Saddles","","","","","","","","79.99","120","https://bikecloset.com/product/prologo-dimension-t4-0-hard-black-143-mm/","4711946199678","1780784","1780784","2026-09-11T12:08:04.173Z"
"Pirelli Cinturato GRAVEL RH Classic TLR 700x40mm (OEM)","Pirelli","","OEM","","Wheels & tires","Tires","","","700 × 40 mm","tires:700 × 40 mm","700x40mm","","","49.99","94.9","https://bikecloset.com/product/pirelli-cinturato-gravel-rh-classic-tlr-700x40mm-oem/","RH-40mm-4678505-OEM","1776515","1776515","2026-09-11T12:08:04.173Z"
"Pirelli Cinturato GRAVEL RH Classic TLR 700x45mm (OEM)","Pirelli","","OEM","","Wheels & tires","Tires","","","700 × 45 mm","tires:700 × 45 mm","700x45mm","","","59.99","94.9","https://bikecloset.com/product/pirelli-cinturato-gravel-rh-classic-tlr-700x45mm-oem/","RH-45mm-4678705-OEM","1776513","1776513","2026-09-11T12:08:04.173Z"
"Pirelli Pzero Race Celeste 700×28 Folding Clincher","Pirelli","","","","Wheels & tires","Tires","","","700 × 28 mm","tires:700 × 28 mm","700×28","","","44.99","107.9","https://bikecloset.com/product/pirelli-pzero-race-700x28-celeste/","8019227456776","1776516","1776516","2026-09-11T12:08:04.173Z"
"Pirelli Cinturato GRAVEL H Classic TLR 700x50mm (OEM)","Pirelli","","OEM","","Wheels & tires","Tires","","","700 × 50 mm","tires:700 × 50 mm","700x50mm","","","59.99","103.9","https://bikecloset.com/product/pirelli-cinturato-gravel-h-classic-tlr-700x50mm-oem/","H-50mm-3929805-OEM","1776512","1776512","2026-09-11T12:08:04.173Z"
"Selle San Marco GND Steel Rail 145mm (OEM)","Selle San Marco","","OEM","","Components","Saddles","","","","","","","","24.99","65","https://bikecloset.com/product/selle-san-marco-gnd-steel-rail-145mm/","8030282546561","1776227","1776227","2026-09-11T12:08:04.173Z"
"LOOK COMBO AERO STEM CARBON 90, -7 degree MAT GLOSSY AFM","Look","","","","Components","Stems","","","","","","","","550","550","https://bikecloset.com/product/look-combo-aero-stem-carbon-100-7-degree-mat-glossy-afm/","3611720203465","1776173","1776173","2026-09-11T12:08:04.173Z"
"LOOK COMBO AERO HANDLEBAR CARBON PROTEAM MAT GLOSSY 380 mm C to C AFM","Look","","","","Components","Handlebars","","","","","","","","575","575","https://bikecloset.com/product/look-combo-aero-handlebar-carbon-proteam-mat-glossy-380-mm-c-to-c-afm/","3611720203410","1776171","1776171","2026-09-11T12:08:04.173Z"
"Silca CUSCINO 3.75 BLACK","Silca","","","","Components","Bar tape & grips","","","","","","","","50","50","https://bikecloset.com/product/cuscino-3-75-black/","850005186380","1775351","1775351","2026-09-11T12:08:04.173Z"
"Silca CUSCINO 2.5 BLACK","Silca","","","","Components","Bar tape & grips","","","","","","","","50","50","https://bikecloset.com/product/cuscino-2-5-black/","850005186441","1775349","1775349","2026-09-11T12:08:04.173Z"
"Silca Unicorn – Fully Anodized","Silca","","","","Accessories & tools","Tools","","","","","","","","85","85","https://bikecloset.com/product/unicorn-fully-anodized/","810093162161","1775347","1775347","2026-09-11T12:08:04.173Z"
"Silca MATTONE PACK","Silca","","","","Accessories & tools","Bags & packs","","","","","","","","50","50","https://bikecloset.com/product/mattone-pack/","850005186168","1775331","1775331","2026-09-11T12:08:04.173Z"
"Silca Italian Army Knife Nove","Silca","","","","Accessories & tools","Tools","","","","","","","","40","40","https://bikecloset.com/product/italian-army-knife/","853740005626","1775327","1775327","2026-09-11T12:08:04.173Z"
"Look KEO BLADE CARBON – 8Nm","Look","","","","Components","Pedals & cleats","","","","","","","","195","195","https://bikecloset.com/product/look-keo-blade-carbon-8nm/","3611720212313","1773103","1773103","2026-09-11T12:08:04.173Z"
"Look KEO 2 MAX CARBON","Look","","","","Components","Pedals & cleats","","","","","","","","155","155","https://bikecloset.com/product/look-keo-2-max-carbon/","3611720140173","1773102","1773102","2026-09-11T12:08:04.173Z"
"Look KEO 2 MAX","Look","","","","Components","Pedals & cleats","","","","","","","","125","125","https://bikecloset.com/product/look-keo-2-max/","3611720140159","1773101","1773101","2026-09-11T12:08:04.173Z"
"Look KEO CLASSIC 3","Look","","","","Components","Pedals & cleats","","","","","","","","65","65","https://bikecloset.com/product/look-keo-classic-3/","3611720110909","1773100","1773100","2026-09-11T12:08:04.173Z"
"Pirelli PZero Race Gold Label 700x28C Folding Clincher","Pirelli","","","","Wheels & tires","Tires","","","700 × 28 mm","tires:700 × 28 mm","700x28C","","","54.99","107.9","https://bikecloset.com/product/pirelli-pzero-race-gold-label-700x28c-folding-clincher/","8019227456790","1771536","1771536","2026-09-11T12:08:04.173Z"
"Pirelli Scorpion XC RC Colour Edition 29 x 2.4 PrW Gold","Pirelli","","","","Wheels & tires","Tires","","","29 × 2.4 in","tires:29 × 2.4 in","29 x 2.4","","","59.99","103.9","https://bikecloset.com/product/pirelli-scorpion-xc-rc-colour-edition-29-x-2-4-prw-gold/","8019227435405","1771532","1771532","2026-09-11T12:08:04.173Z"
"KMC X11 EPT Chain 11sp 116 links","KMC","","","","Components","Chains & chainrings","","","","","","","","39.99","60.5","https://bikecloset.com/product/kmc-x11-ept-chain-11sp-116-links-2/","766759711863-4715575890319","1770909","1770909","2026-09-11T12:08:04.173Z"
"KMC X10SL 10sp CP Silver 116L","KMC","","","","Components","Chains & chainrings","","","","","","","","34.99","55","https://bikecloset.com/product/kmc-x10sl-10sp-cp-silver-116l/","4715575890357","1770908","1770908","2026-09-11T12:08:04.173Z"
"KMC X10SL DLC Chain 10sp 116 links, Green","KMC","","","","Components","Chains & chainrings","","","","","","","","49.99","110","https://bikecloset.com/product/kmc-x10sl-dlc-chain-10sp-116-links-green/","4715575896052","1770907","1770907","2026-09-11T12:08:04.173Z"
"KMC X10SL DLC 10sp Black/Blk 116L","KMC","","","","Components","Chains & chainrings","","","","","","","","49.99","110","https://bikecloset.com/product/kmc-x10sl-dlc-10sp-black-blk-116l/","4715575896021","1770906","1770906","2026-09-11T12:08:04.173Z"
"CeramicSpeed EVO386 Bottom Bracket for Shimano","CeramicSpeed","","","","Components","Bottom brackets","","","","","","","","219","379","https://bikecloset.com/product/ceramicspeed-evo386-bottom-bracket-for-shimano/","5711050002498","1770821","1770821","2026-09-11T12:08:04.173Z"
"CeramicSpeed EVO386 Bottom Bracket for SRAM DUB Road","CeramicSpeed","","","","Components","Bottom brackets","","","","","","","","219","379","https://bikecloset.com/product/ceramicspeed-evo386-bottom-bracket-for-sram-dub-road/","5711050065165","1770817","1770817","2026-09-11T12:08:04.173Z"
"Enve Accessories Valve Extender 95mm","Enve","","","","Wheels & tires","Valves & tubeless supplies","","","","","","","","1.99","20","https://bikecloset.com/product/accessories-valve-extender-95mm-qty-1/","100-0014-002","1712556","1712556","2026-09-11T12:08:04.173Z"
"POC Ultra Saddle Bag 7L","POC","","","","Accessories & tools","Bags & packs","","","","","","","","200","200","https://bikecloset.com/product/ultra-saddle-bag-7l-ultra-saddle-bag-7l/","7325549838307","1769558","1769558","2026-09-11T12:08:04.173Z"
"POC Aspire Uranium Black/Clarity Trail/Partly Sunny Silver","POC","","","","Footwear & protection","Eyewear","","","","","","","","190","190","https://bikecloset.com/product/poc-aspire-clarity-road-sunny-silver-cat-3-copy/","7325549859692","1769552","1769552","2026-09-11T12:08:04.173Z"
"Fizik AERIS SD R1 135mm Carbon Rail","Fizik","","","","Components","Saddles","","","","","","","","149","229","https://bikecloset.com/product/saddle-aeris-sd-r1-135-mm-black/","8021890580344","1768082","1768082","2026-09-11T12:08:04.173Z"
"Fizik AERIS LD R1 135mm Carbon Rail","Fizik","","","","Components","Saddles","","","","","","","","149","229","https://bikecloset.com/product/saddle-aeris-ld-r1-135-mm-black/","8021890580313","1768080","1768080","2026-09-11T12:08:04.173Z"
"Fizik TEMPO ALIANTE R1 Carbon Rail 155 MM","Fizik","","","","Components","Saddles","","","","","","","","149","229","https://bikecloset.com/product/fizik-tempo-aliante-r1-carbon-rail-155-mm/","8021890580283","1768079","1768079","2026-09-11T12:08:04.173Z"
"Fizik TEMPO ALIANTE R1 Carbon Rail 145 MM","Fizik","","","","Components","Saddles","","","","","","","","149","229","https://bikecloset.com/product/saddle-tempo-aliante-r1-145-mm-black/","8021890580252","1768076","1768076","2026-09-11T12:08:04.173Z"
"Fizik VENTO ANTARES R1 Carbon Rail 150 MM","Fizik","","","","Components","Saddles","","","","","","","","149","229","https://bikecloset.com/product/saddle-vento-antares-r1-150-mm-black/","8021890580221","1768074","1768074","2026-09-11T12:08:04.173Z"
"Fizik AERIS SD R1 ADAPTIVE Carbon Rail – 135MM","Fizik","","","","Components","Saddles","","","","","","","","199","329","https://bikecloset.com/product/fizik-aeris-sd-r1-adaptive-carbon-rail-135mm/","8021890590107","1767947","1767947","2026-09-11T12:08:04.173Z"
"Fizik Tempo Argo R1 Carbon Rail – 160mm","Fizik","","","","Components","Saddles","","","","","","","","149","229","https://bikecloset.com/product/fizik-tempo-argo-r1-carbon-rail-160mm/","8021890486578","1767946","1767946","2026-09-11T12:08:04.173Z"
"Fizik VENTO ARGO R1 Carbon Rail 150mm","Fizik","","","","Components","Saddles","","","","","","","","129","225","https://bikecloset.com/product/saddle-vento-argo-r1-150-mm-black/","8021890486516","1767945","1767945","2026-09-11T12:08:04.173Z"
"Fizik Tempo Argo R1 Carbon Rail – 150mm","Fizik","","","","Components","Saddles","","","","","","","","149","229","https://bikecloset.com/product/fizik-road-saddles-argo-r1-150mm-tempo/","8021890486547","1626586","1626586","2026-09-11T12:08:04.173Z"
"SRAM, Red FlatTop E1, Chain, Speed: 12, Links: 114, Multicolor","SRAM","","","","Components","Chains & chainrings","","","","","","","","120","120","https://bikecloset.com/product/sram-red-flattop-e1-chain-speed-12-links-114-multicolor/","710845908255","1762417","1762417","2026-09-11T12:08:04.173Z"
"SRAM, XG-1290 E1, Cassette, Silver, Speed: 12, 10-28T, XD-R","SRAM","","","","Components","Cassettes","","","","","","","","430","430","https://bikecloset.com/product/sram-xg-1290-e1-cassette-silver-speed-12-10-28t-xd-r/","710845898310","1762403","1762403","2026-09-11T12:08:04.173Z"
"Pirelli PZero Race TLR 700 x 28mm Made In Italy Special Edition Nero","Pirelli","","","","Wheels & tires","Tires","","","700 × 28 mm","tires:700 × 28 mm","700 x 28mm","","","54.99","128.9","https://bikecloset.com/product/pirelli-pzero-race-tlr-700-x-28mm-made-in-italy-special-edition-nero/","8019227441673","1759769","1759769","2026-09-11T12:08:04.173Z"
"CeramicSpeed BBright Shimano Special Edition Blue (OEM)","CeramicSpeed","","OEM","","Components","Bottom brackets","","","","","","","","179","379","https://bikecloset.com/product/ceramicspeed-bbright-shimano-special-edition-blue-oem/","5711050075713","1758908","1758908","2026-09-11T12:08:04.173Z"
"CeramicSpeed BSA DUB Black Lab71 Edition (OEM)","CeramicSpeed","","OEM","","Components","Bottom brackets","","","","","","","","179","379","https://bikecloset.com/product/ceramicspeed-bsa-shimano/","57110501544","1758905","1758905","2026-09-11T12:08:04.173Z"
"i9 Torch 24H Front Disc 15×100 CL Black/Chrome End Caps","Industry Nine","","","","Wheels & tires","Hubs & parts","","","","","","","","49.99","200","https://bikecloset.com/product/i9-torch-24h-front-disc-15x100-cl-black-chrome-end-caps/","100-4000-615","1756477","1756477","2026-09-11T12:08:04.173Z"
"Beto Double – HxS Pump 100psi Dual Valve Head Silver","Beto","","","","Accessories & tools","Pumps","","","","","","","","9.99","29.99","https://bikecloset.com/product/beto-double-hxs-pump-100psi-dual-valve-head-silver/","698238401760","1756469","1756469","2026-09-11T12:08:04.173Z"
"RockShox Digital HP fork/shock pump With digital","RockShox","","","","Accessories & tools","Pumps","","","","","","","","59.99","90","https://bikecloset.com/product/rockshox-digital-hp-fork-shock-pump-with-digital/","710845760228","1756467","1756467","2026-09-11T12:08:04.173Z"
"Assos DIMENSION DATA Cap","Assos","","","","Clothing","Caps & headwear","Unspecified","Unspecified","","","","","","12.99","30","https://bikecloset.com/product/assos-dimension-data-cap/","2220000132473","1753779","1753779","2026-09-11T12:08:04.173Z"
"Fizik TEMPO ALIANTE R1 ADAPTIVE – 155MM","Fizik","","","","Components","Saddles","","","","","","","","329","329","https://bikecloset.com/product/fizik-tempo-aliante-r1-adaptive-155mm/","8021890590053","1752545","1752545","2026-09-11T12:08:04.173Z"
"Fizik VENTO ARGO R1 ADAPTIVE – 150MM","Fizik","","","","Components","Saddles","","","","","","","","329","329","https://bikecloset.com/product/fizik-vento-argo-r1-adaptive-150mm/","8021890571113","1539602","1539602","2026-09-11T12:08:04.173Z"
"Fizik VENTO ARGO R1 ADAPTIVE – 140MM","Fizik","","","","Components","Saddles","","","","","","","","329","329","https://bikecloset.com/product/fizik-vento-argo-r1-adaptive-140mm/","8021890571090","1564395","1564395","2026-09-11T12:08:04.173Z"
"Fizik VENTO ARGO R3 ADAPTIVE – 140MM","Fizik","","","","Components","Saddles","","","","","","","","289","289","https://bikecloset.com/product/fizik-vento-argo-r3-adaptive-140mm/","8021890571106","1559167","1559167","2026-09-11T12:08:04.173Z"
"Fizik VENTO ARGO R3 ADAPTIVE – 150MM","Fizik","","","","Components","Saddles","","","","","","","","289","289","https://bikecloset.com/product/fizik-vento-argo-r3-adaptive-150mm/","8021890571120","1535830","1535830","2026-09-11T12:08:04.173Z"
"Fizik Vento Argo 00 Adaptive – 150mm","Fizik","","","","Components","Saddles","","","","","","","","400","400","https://bikecloset.com/product/fizik-vento-argo-00-adaptive-150mm/","8021890583543","1600199","1600199","2026-09-11T12:08:04.173Z"
"Pirelli PZero Race TLR 700×30 Tubeless SmartEVO Black Made in Italy (OEM)","Pirelli","","OEM","","Wheels & tires","Tires","","","700 × 30 mm","tires:700 × 30 mm","700×30","","","59.99","99.9","https://bikecloset.com/product/pirelli-pzero-race-tlr-700x30-tubeless-smartevo-127tpi-black-made-in-italy-oem/","8019227398373-TLR-oem","1751537","1751537","2026-09-11T12:08:04.173Z"
"CeramicSpeed BSA SRAM DUB Coated","CeramicSpeed","","","","Components","Bottom brackets","","","","","","","","279","479","https://bikecloset.com/product/ceramicspeed-bsa-sram-dub-alternative-blk-coated-road/","5711050065318","1558781","1558781","2026-09-11T12:08:04.173Z"
"CeramicSpeed BSA SRAM DUB Black","CeramicSpeed","","","","Components","Bottom brackets","","","","","","","","199","379","https://bikecloset.com/product/ceramicspeed-bsa-sram-dub-alternative-blk-road/","5711050065127","1558783","1558783","2026-09-11T12:08:04.173Z"
"Campagnolo ProTech Bottom Bracket Italian Outboard (OEM)","Campagnolo","","OEM","","Components","Bottom brackets","","","","","","","","4.99","37","https://bikecloset.com/product/campagnolo-protech-bottom-bracket-italian-outboard-oem/","OC21-PRI","1749421","1749421","2026-09-11T12:08:04.173Z"
"CeramicSpeed BB86 Shimano Black Coated","CeramicSpeed","","","","Components","Bottom brackets","","","","","","","","249","479","https://bikecloset.com/product/ceramicspeed-bb86-shimano-blk-coated-road/","5711050001033","1558786","1558786","2026-09-11T12:08:04.173Z"
"CeramicSpeed BB86 SRAM DUB Black Coated","CeramicSpeed","","","","Components","Bottom brackets","","","","","","","","249","479","https://bikecloset.com/product/ceramicspeed-bb86-sram-dub-alternative-coated-road/","5711050065226","1558785","1558785","2026-09-11T12:08:04.173Z"
"CeramicSpeed BSA Shimano Blk Coated","CeramicSpeed","","","","Components","Bottom brackets","","","","","","","","299","479","https://bikecloset.com/product/ceramicspeed-bsa-shimano-blk-coated-5711050000999-denmark-87149650-92-00-g/","5711050000999","1520287","1520287","2026-09-11T12:08:04.173Z"
"Campagnolo Bora WTO 33 Disc Brake 700c 2 Way Fit Dark Label Campy Freehub","Campagnolo","","","","Wheels & tires","Wheelsets","","","","","","","","1199","2699","https://bikecloset.com/product/campagnolo-bora-wto-33-disc-brake-700c-2-way-fit-dark-label-n3w-freehub/","8053340455209","1699489","1699489","2026-09-11T12:08:04.173Z"
"POC Cerebel Medium 54-60cm","POC","","","","Footwear & protection","Helmets","","","M","helmets:m","Medium 54-60cm","","","199","420","https://bikecloset.com/product/1cerebel-cpsc/","7325549969964","1746636","1746636","2026-09-11T12:08:04.173Z"
"Rapha Letras Glasses","Rapha","","","","Footwear & protection","Eyewear","","","","","","","","149","245","https://bikecloset.com/product/letras-glasses/","5059526496939","1794805","1794805","2026-09-11T12:08:04.173Z"
"POC Cytal Hydrogen White Matt Medium (Open Box)","POC","Open box","","","Footwear & protection","Helmets","","","M","helmets:m","Medium","","","199","360","https://bikecloset.com/product/poc-cytal-hydrogen-white-matt-medium-open-box/","7325549822771-open box-A","1793351","1793351","2026-09-11T12:08:04.173Z"
"Selle SMP EVO 30C Liquid Stone White/ Black Steel Rail","Selle SMP","","","","Components","Saddles","","","","","","","","229","309","https://bikecloset.com/product/selle-smp-evo-30c-liquid-stone-white-black/","8051577010246","1792852","1792852","2026-09-11T12:08:04.173Z"
"Selle SMP EVO 20C Liquid Stone White/ Black Steel Rail","Selle SMP","","","","Components","Saddles","","","","","","","","229","309","https://bikecloset.com/product/selle-smp-evo-20c-liquid-stone-white-black/","8051577010208","1792850","1792850","2026-09-11T12:08:04.173Z"
"Pirelli PZERO SmarTUBE EVO Tube Presta Length 60mm 700C 25-28C","Pirelli","","","","Wheels & tires","Inner tubes","","","","","","","","17.99","37.9","https://bikecloset.com/product/pirelli-sportube-tube-presta-length-48mm-700c-23-30mm-2/","8019227436105","1722447","1722447","2026-09-11T12:08:04.173Z"
"SRAM Force AXS D1 12 Speed Chain 120 Link (Bulk Packaging)","SRAM","","","","Components","Chains & chainrings","","","","","","","","44.99","50","https://bikecloset.com/product/sram-force-axs-d1-12-speed-chain-120-link-bulk-packaging/","Force12speed-oem","1741686","1741686","2026-09-11T12:08:04.173Z"
"ENVE Matrix T-shirt SS Navy XS","Enve","","","","Clothing","Casual clothing","Unspecified","Unspecified","XS","clothing:xs","XS","","","5","100","https://bikecloset.com/product/enve-matrix-t-shirt-ss-navy-xs/","800-0000-144","1725016","1725016","2026-09-11T12:08:04.173Z"
"POC Aspire CLARITY ROAD/SUNNY SILVER CAT. 3","POC","","","","Footwear & protection","Eyewear","","","","","","","","190","190","https://bikecloset.com/product/aspire/","7325549859784","1735730","1735730","2026-09-11T12:08:04.173Z"
"Poc Cytal Lițe Uranium Black Matt Medium (Open Box)","POC","Open box","","","Footwear & protection","Helmets","","","M","helmets:m","Medium","","","199","420","https://bikecloset.com/product/poc-cytal-lite-uranium-black-matt-medium-open-box/","7325549837348-open box-A","1785762","1785762","2026-09-11T12:08:04.173Z"
"CeramicSpeed BBright Shimano Black","CeramicSpeed","","","","Components","Bottom brackets","","","","","","","","199","379","https://bikecloset.com/product/ceramicspeed-bbright-shimano-blk/","5711050040872","1741645","1741645","2026-09-11T12:08:04.173Z"
"i9 1/1 28h Rear 12×148 Boost XD CL","Industry Nine","","","","Wheels & tires","Hubs & parts","","","","","","","","79.99","316","https://bikecloset.com/product/hub-i9-28h-rear-12x148-bst-101-xd-cl/","100-4000-668","1732426","1732426","2026-09-11T12:08:04.173Z"
"i9 1/1 28h Rear 12×157 SBst HG 6B","Industry Nine","","","","Wheels & tires","Hubs & parts","","","","","","","","59.99","316","https://bikecloset.com/product/hub-i9-28h-rear-12x157-sbst-101-hg-6b/","100-4000-691","1732428","1732428","2026-09-11T12:08:04.173Z"
"i9 1/1 28h Rear 12×148 Bst HG CL","Industry Nine","","","","Wheels & tires","Hubs & parts","","","","","","","","79.99","316","https://bikecloset.com/product/hub-i9-28h-rear-12x148-bst-101-hg-cl/","100-4000-669","1732422","1732422","2026-09-11T12:08:04.173Z"
"i9 1/1 24h Frt 15×110 Bst CL","Industry Nine","","","","Wheels & tires","Hubs & parts","","","","","","","","49.99","144","https://bikecloset.com/product/hub-i9-24h-frt-15x110-bst-101-cl/","100-4000-664","1732414","1732414","2026-09-11T12:08:04.173Z"
"POC Tempor M/L One Size White (Open Box)","POC","Open box","","","Footwear & protection","Helmets","","","M/L","helmets:m | helmets:l","M/L","","","249","500","https://bikecloset.com/product/poc-tempor-m-l-one-size-white-open-box/","7325549871595-open box-A","1780867","1780867","2026-09-11T12:08:04.173Z"
"Pirelli RoadTUBE Presta 60mm RVC-23/30 700c","Pirelli","","","","Wheels & tires","Inner tubes","","","","","","","","6.6","14.9","https://bikecloset.com/product/pirelli-roadtube-presta-60mm-rvc-23-30-700c/","8019227370263","1725201","1725201","2026-09-11T12:08:04.173Z"
"Gibraltar Vest WMNS Black SM","Gibraltar","","","","Clothing","Vests","Women's","Unspecified","S","clothing:s","SM","","","9.99","100","https://bikecloset.com/product/gibraltar-vest-wmns-black-sm/","800-0000-476","1725068","1725068","2026-09-11T12:08:04.173Z"
"POC Cytal Lite Hydrogen White Matt Medium (Open Box)","POC","Open box","","","Footwear & protection","Helmets","","","M","helmets:m","Medium","","","199","420","https://bikecloset.com/product/poc-cytal-lite-hydrogen-white-matt-medium-open-box/","7325549805064-open box-A","1769820","1769820","2026-09-11T12:08:04.173Z"
"Fizik TEMPO ALIANTE R1 ADAPTIVE – 145MM","Fizik","","","","Components","Saddles","","","","","","","","329","329","https://bikecloset.com/product/fizik-tempo-aliante-r1-adaptive-145mm/","8021890590039","1764392","1764392","2026-09-11T12:08:04.173Z"
"Enve Carbon Brake Pad Shimano Black Pair 10mm For Textured Brake Track","Enve","","","","Components","Brakes & rotors","","","","","","","","9.99","20","https://bikecloset.com/product/accessories-brake-pad-shimano-black-pair/","100-0005-006","1712557","1712557","2026-09-11T12:08:04.173Z"
"Enve Accessories Valve Extender 95mm Set","Enve","","","","Wheels & tires","Valves & tubeless supplies","","","","","","","","9.99","29","https://bikecloset.com/product/accessories-valve-extender-95mm-set/","100-0014-000","1712555","1712555","2026-09-11T12:08:04.173Z"
"ENVE ALLOY DISC REAR 24H 12×142 Campy N3W CENTERLOCK","Enve","","","","Wheels & tires","Hubs & parts","","","","","","","","24.99","350","https://bikecloset.com/product/hub-disc-enve-alloy-24h-12x142-n3w-cl/","100-4001-451","1712553","1712553","2026-09-11T12:08:04.173Z"
"Enve Alloy Disc Rear 24H 12×142 XDR Centerlock","Enve","","","","Wheels & tires","Hubs & parts","","","","","","","","59.99","350","https://bikecloset.com/product/hub-disc-envea-24h-12x142-xdr-assembly/","100-4001-429","1712552","1712552","2026-09-11T12:08:04.173Z"
"Knog Plugger Lights Twin Pack Black/Black 350 / 10 Lumens","Knog","","","","Accessories & tools","Lights","","","","","","","","29.99","59.95","https://bikecloset.com/product/plugger-lights-plugger-twin-pack-black-black/","9328389029667","1711030","1711030","2026-09-11T12:08:04.173Z"
"Knog Plug Lights Twinpack Black 250 / 10 Lumens","Knog","","","","Accessories & tools","Lights","","","","","","","","14.99","49.95","https://bikecloset.com/product/plug-lights-plug-twinpack-black/","9328389028615","1711023","1711023","2026-09-11T12:08:04.173Z"
"Campagnolo BOTTOM BRACKET CUPS RECORD ULTRA-TORQUE – ITA Thread","Campagnolo","","","","Components","Bottom brackets","","","","","","","","4.99","31.9","https://bikecloset.com/product/bottom-bracket-cups-record-ultra-torque-ita/","OC12-REI-8004995867442","1703970","1703970","2026-09-11T12:08:04.173Z"
"Fizik TEMPO ALIANTE R3 ADAPTIVE – 145MM","Fizik","","","","Components","Saddles","","","","","","","","259.99","259.99","https://bikecloset.com/product/fizik-tempo-aliante-r3-adaptive-145mm/","8021890590046","1700374","1700374","2026-09-11T12:08:04.173Z"
"Fizik TEMPO ALIANTE R3 ADAPTIVE – 155MM","Fizik","","","","Components","Saddles","","","","","","","","289","289","https://bikecloset.com/product/fizik-tempo-aliante-r3-adaptive-155mm/","8021890590060","1688812","1688812","2026-09-11T12:08:04.173Z"
"Enve Bar M7 800mm +25mm Rise 35.0 8/4 deg","Enve","","","","Components","Handlebars","","","","","","","","119","190","https://bikecloset.com/product/enve-bar-m7-800mm-25mm-rise-35-0-8-4-deg/","300-1000-064","1707211","1707211","2026-09-11T12:08:04.173Z"
"Enve Bar SES AR IN-Route 44/49cm","Enve","","","","Components","Handlebars","","","","","","","","149","400","https://bikecloset.com/product/enve-bar-ses-ar-in-route-44-49cm/","300-1028-004","1707210","1707210","2026-09-11T12:08:04.173Z"
"i9 1/1 28h Rear 12×148 Boost Microspline CL","Industry Nine","","","","Wheels & tires","Hubs & parts","","","","","","","","89.99","316","https://bikecloset.com/product/hub-i9-28h-rear-12x148-bst-101-microspline-cl/","100-4000-686","1706080","1706080","2026-09-11T12:08:04.173Z"
"i9 Hydra 28H Rear 12×148 Bst Microspline CL","Industry Nine","","","","Wheels & tires","Hubs & parts","","","","","","","","179","470","https://bikecloset.com/product/hub-i9-28h-rear-12x148-bst-hydra-microspline-cl/","100-4000-680","1706082","1706082","2026-09-11T12:08:04.173Z"
"i9 Hydra 28h Frt 15×110 Bst CL","Industry Nine","","","","Wheels & tires","Hubs & parts","","","","","","","","99.99","240","https://bikecloset.com/product/hub-i9-28h-frt-15x110-bst-hydra-cl-2/","100-4000-653","1706092","1706092","2026-09-11T12:08:04.173Z"
"i9 Hydra 24H Rear 12×148 Bst Microspline CL","Industry Nine","","","","Wheels & tires","Hubs & parts","","","","","","","","139","470","https://bikecloset.com/product/hub-i9-24h-rear-12x148-bst-hydra-microspline-cl/","100-4000-679","1706083","1706083","2026-09-11T12:08:04.173Z"
"i9 Hydra 24h Rear 12×148 Bst HG CL","Industry Nine","","","","Wheels & tires","Hubs & parts","","","","","","","","139","470","https://bikecloset.com/product/hub-i9-24h-rear-12x148-bst-hydra-hg-cl/","100-4000-645","1706095","1706095","2026-09-11T12:08:04.173Z"
"Enve G Series Dropper 40mm 27.2mm W/ Shims","Enve","","","","Components","Seatposts","","","","","","","","79.99","325","https://bikecloset.com/product/dropper-only/","300-1013-001-810024552351","1705957","1705957","2026-09-11T12:08:04.173Z"
"Enve G Series Dropper 40mm 27.2mm W/Shims + G Series Drop Bar Dropper Post Lever","Enve","","","","Components","Seatposts","","","","","","","","99.99","390","https://bikecloset.com/product/seatpost-g-series-dropper-40mm-27-2mm-g-series-drop-bar-dropper-post-lever/","300-1013-001 &#8211; 300-1013-102","1705955","1705955","2026-09-11T12:08:04.173Z"
"Enve Bar Gravel IN-Route 44/56cm","Enve","","","","Components","Handlebars","","","","","","","","229","400","https://bikecloset.com/product/bar-gravel-in-route-44-56cm/","300-1025-006","1705953","1705953","2026-09-11T12:08:04.173Z"
"Enve Bar SES AR IN-Route 46/51cm","Enve","","","","Components","Handlebars","","","","","","","","149","400","https://bikecloset.com/product/bar-ses-ar-in-route-46-51cm/","300-1028-005","1705951","1705951","2026-09-11T12:08:04.173Z"
"ENVE Alloy Hubset 20H Frt/ 24H Rr QR HG Rim Brake","Enve","","","","Wheels & tires","Hubs & parts","","","","","","","","99.99","590","https://bikecloset.com/product/hub-envea-20h-frt-assembly-hub-envea-24h-rr-hg-assembly/","100-4001-138 &#8211; 100-4001-139","1705949","1705949","2026-09-11T12:08:04.173Z"
"Sram Paceline Rotor 160mm Center Lock (OEM)","SRAM","","OEM","","Components","Brakes & rotors","","","","","","","","34.99","54","https://bikecloset.com/product/sram-paceline-rotor-160mm-center-lock-oem/","00.5018.154.001","1637115","1637115","2026-09-11T12:08:04.173Z"
"Campagnolo CASSETTE SUPER RECORD 12 Speed 11-32","Campagnolo","","","","Components","Cassettes","","","","","","","","199","425","https://bikecloset.com/product/cassette-sup-record-12v-11-32-mech/","8053340450884-CS19ISR1212","1703982","1703982","2026-09-11T12:08:04.173Z"
"Campagnolo Rear Adapter and Bolts 140mm to 160mm","Campagnolo","","","","Components","Brakes & rotors","","","","","","","","2.99","22","https://bikecloset.com/product/rear-adapter-and-bolts/","8053340456930-AC21-DBADR","1704005","1704005","2026-09-11T12:08:04.173Z"
"Topeak SURVIVAL TOOL WEDGE PACK II 2","Topeak","","","","Accessories & tools","Bags & packs","","","","","","","","24.99","74.95","https://bikecloset.com/product/topeak-survival-tool-wedge-pack-ii-2/","883466033467","1699213","1699213","2026-09-11T12:08:04.173Z"
"SRAM Force AXS D1 12 Speed Chain 114 Link","SRAM","","","","Components","Chains & chainrings","","","","","","","","29.99","50","https://bikecloset.com/product/sram-force-axs-d1-12-speed-chain-114-link/","710845824814","1696952","1696952","2026-09-11T12:08:04.173Z"
"Fizik VENTO ANTARES R3 ADAPTIVE – 140MM","Fizik","","","","Components","Saddles","","","","","","","","289","289","https://bikecloset.com/product/fizik-vento-antares-r3-adaptive-140mm/","8021890590008","1685137","1685137","2026-09-11T12:08:04.173Z"
"Fizik VENTO ANTARES R3 ADAPTIVE – 150MM","Fizik","","","","Components","Saddles","","","","","","","","289","289","https://bikecloset.com/product/fizik-vento-antares-r3-adaptive-150mm/","8021890590022","1679835","1679835","2026-09-11T12:08:04.173Z"
"Shimano XT ROTOR 180mm Centerlock External Spline W/ LOCKRING (OEM)","Shimano","","OEM","","Components","Brakes & rotors","","","","","","","","34.99","60.99","https://bikecloset.com/product/shimano-xt-rotor-180mm-centerlock-external-spline-w-lockring/","KRTMT800ME","1636571","1636571","2026-09-11T12:08:04.173Z"
"CeramicSpeed BB86 SRAM DUB Black","CeramicSpeed","","","","Components","Bottom brackets","","","","","","","","199","379","https://bikecloset.com/product/ceramicspeed-bb86-sram-dub-alternative-blk/","5711050065035","1632843","1632843","2026-09-11T12:08:04.173Z"
"Endura Windchill Jacket II","Endura","","","","Clothing","Jackets & rain shells","Unspecified","Unspecified","S","clothing:s","S","Color: Bright Yellow, Size: S","bright-yellow","79.99","169.99","https://bikecloset.com/product/windchill-jacket-ii/?attribute_pa_color=bright-yellow&attribute_pa_size=s","5055939986272","1797310","1797309","2026-09-11T12:08:04.173Z"
"Endura Windchill Jacket II","Endura","","","","Clothing","Jackets & rain shells","Unspecified","Unspecified","3XL","clothing:3xl","3XL","Color: Bright Yellow, Size: 3XL","bright-yellow","79.99","169.99","https://bikecloset.com/product/windchill-jacket-ii/?attribute_pa_color=bright-yellow&attribute_pa_size=3xl","5055939989952","1797321","1797309","2026-09-11T12:08:04.173Z"
"Endura Windchill Jacket II","Endura","","","","Clothing","Jackets & rain shells","Unspecified","Unspecified","2XL","clothing:2xl","2XL","Color: Bright Yellow, Size: 2XL","bright-yellow","79.99","169.99","https://bikecloset.com/product/windchill-jacket-ii/?attribute_pa_color=bright-yellow&attribute_pa_size=2xl","5055939986319","1797319","1797309","2026-09-11T12:08:04.173Z"
"Endura Windchill Jacket II","Endura","","","","Clothing","Jackets & rain shells","Unspecified","Unspecified","XL","clothing:xl","XL","Color: Bright Yellow, Size: XL","bright-yellow","79.99","169.99","https://bikecloset.com/product/windchill-jacket-ii/?attribute_pa_color=bright-yellow&attribute_pa_size=xl","5055939986302","1797317","1797309","2026-09-11T12:08:04.173Z"
"Endura Windchill Jacket II","Endura","","","","Clothing","Jackets & rain shells","Unspecified","Unspecified","L","clothing:l","L","Color: Bright Yellow, Size: L","bright-yellow","79.99","169.99","https://bikecloset.com/product/windchill-jacket-ii/?attribute_pa_color=bright-yellow&attribute_pa_size=l","5055939986296","1797314","1797309","2026-09-11T12:08:04.173Z"
"Endura Windchill Jacket II","Endura","","","","Clothing","Jackets & rain shells","Unspecified","Unspecified","M","clothing:m","M","Color: Bright Yellow, Size: M","bright-yellow","79.99","169.99","https://bikecloset.com/product/windchill-jacket-ii/?attribute_pa_color=bright-yellow&attribute_pa_size=m","5055939986289","1797312","1797309","2026-09-11T12:08:04.173Z"
"Endura Pro SL PrimaLoft® Gilet II","Endura","","","","Clothing","Vests","Unspecified","Unspecified","2XL","clothing:2xl","2XL","Color: Bright Yellow, Size: 2XL","bright-yellow","79.99","189.99","https://bikecloset.com/product/pro-sl-primaloft-gilet-ii/?attribute_pa_color=bright-yellow&attribute_pa_size=2xl","5056286935944","1797307","1797288","2026-09-11T12:08:04.173Z"
"Endura Pro SL PrimaLoft® Gilet II","Endura","","","","Clothing","Vests","Unspecified","Unspecified","XL","clothing:xl","XL","Color: Bright Yellow, Size: XL","bright-yellow","79.99","189.99","https://bikecloset.com/product/pro-sl-primaloft-gilet-ii/?attribute_pa_color=bright-yellow&attribute_pa_size=xl","5056286935937","1797305","1797288","2026-09-11T12:08:04.173Z"
"Endura Pro SL PrimaLoft® Gilet II","Endura","","","","Clothing","Vests","Unspecified","Unspecified","L","clothing:l","L","Color: Bright Yellow, Size: L","bright-yellow","79.99","189.99","https://bikecloset.com/product/pro-sl-primaloft-gilet-ii/?attribute_pa_color=bright-yellow&attribute_pa_size=l","5056286935920","1797303","1797288","2026-09-11T12:08:04.173Z"
"Endura Pro SL PrimaLoft® Gilet II","Endura","","","","Clothing","Vests","Unspecified","Unspecified","M","clothing:m","M","Color: Bright Yellow, Size: M","bright-yellow","79.99","189.99","https://bikecloset.com/product/pro-sl-primaloft-gilet-ii/?attribute_pa_color=bright-yellow&attribute_pa_size=m","5056286935913","1797301","1797288","2026-09-11T12:08:04.173Z"
"Endura Pro SL PrimaLoft® Gilet II","Endura","","","","Clothing","Vests","Unspecified","Unspecified","S","clothing:s","S","Color: Bright Yellow, Size: S","bright-yellow","79.99","189.99","https://bikecloset.com/product/pro-sl-primaloft-gilet-ii/?attribute_pa_color=bright-yellow&attribute_pa_size=s","5056286935906","1797299","1797288","2026-09-11T12:08:04.173Z"
"Endura Pro SL PrimaLoft® Gilet II","Endura","","","","Clothing","Vests","Unspecified","Unspecified","XS","clothing:xs","XS","Color: Bright Yellow, Size: XS","bright-yellow","79.99","189.99","https://bikecloset.com/product/pro-sl-primaloft-gilet-ii/?attribute_pa_color=bright-yellow&attribute_pa_size=xs","5056286935890","1797297","1797288","2026-09-11T12:08:04.173Z"
"Endura Pro SL PrimaLoft® Gilet II","Endura","","","","Clothing","Vests","Unspecified","Unspecified","2XL","clothing:2xl","2XL","Color: Black, Size: 2XL","black","79.99","189.99","https://bikecloset.com/product/pro-sl-primaloft-gilet-ii/?attribute_pa_color=black&attribute_pa_size=2xl","5055939957593","1797295","1797288","2026-09-11T12:08:04.173Z"
"Endura Pro SL PrimaLoft® Gilet II","Endura","","","","Clothing","Vests","Unspecified","Unspecified","L","clothing:l","L","Color: Black, Size: L","black","79.99","189.99","https://bikecloset.com/product/pro-sl-primaloft-gilet-ii/?attribute_pa_color=black&attribute_pa_size=l","5055939957579","1797293","1797288","2026-09-11T12:08:04.173Z"
"Endura Pro SL PrimaLoft® Gilet II","Endura","","","","Clothing","Vests","Unspecified","Unspecified","M","clothing:m","M","Color: Black, Size: M","black","79.99","189.99","https://bikecloset.com/product/pro-sl-primaloft-gilet-ii/?attribute_pa_color=black&attribute_pa_size=m","5055939957562","1797291","1797288","2026-09-11T12:08:04.173Z"
"Endura FS260-Pro Adrenaline Race Cape II","Endura","","","","Clothing","Jackets & rain shells","Unspecified","Unspecified","2XL","clothing:2xl","2XL","Color: Bright Yellow, Size: 2XL","bright-yellow","49.99","109.99","https://bikecloset.com/product/fs260-pro-adrenaline-race-cape-ii/?attribute_pa_color=bright-yellow&attribute_pa_size=2xl","5055939986739","1797286","1797275","2026-09-11T12:08:04.173Z"
"Endura FS260-Pro Adrenaline Race Cape II","Endura","","","","Clothing","Jackets & rain shells","Unspecified","Unspecified","XL","clothing:xl","XL","Color: Bright Yellow, Size: XL","bright-yellow","49.99","109.99","https://bikecloset.com/product/fs260-pro-adrenaline-race-cape-ii/?attribute_pa_color=bright-yellow&attribute_pa_size=xl","5055939986722","1797284","1797275","2026-09-11T12:08:04.173Z"
"Endura FS260-Pro Adrenaline Race Cape II","Endura","","","","Clothing","Jackets & rain shells","Unspecified","Unspecified","L","clothing:l","L","Color: Bright Yellow, Size: L","bright-yellow","49.99","109.99","https://bikecloset.com/product/fs260-pro-adrenaline-race-cape-ii/?attribute_pa_color=bright-yellow&attribute_pa_size=l","5055939986715","1797282","1797275","2026-09-11T12:08:04.173Z"
"Endura FS260-Pro Adrenaline Race Cape II","Endura","","","","Clothing","Jackets & rain shells","Unspecified","Unspecified","M","clothing:m","M","Color: Bright Yellow, Size: M","bright-yellow","49.99","109.99","https://bikecloset.com/product/fs260-pro-adrenaline-race-cape-ii/?attribute_pa_color=bright-yellow&attribute_pa_size=m","5055939986708","1797280","1797275","2026-09-11T12:08:04.173Z"
"Endura FS260-Pro Adrenaline Race Cape II","Endura","","","","Clothing","Jackets & rain shells","Unspecified","Unspecified","XS","clothing:xs","XS","Color: Bright Yellow, Size: XS","bright-yellow","49.99","109.99","https://bikecloset.com/product/fs260-pro-adrenaline-race-cape-ii/?attribute_pa_color=bright-yellow&attribute_pa_size=xs","5055939986685","1797276","1797275","2026-09-11T12:08:04.173Z"
"Endura FS260-Pro Thermo Bibknicker","Endura","","","","Clothing","Knicker-length bottoms","Unspecified","Unspecified","L","clothing:l","L","Color: Black, Size: L","black","79.99","134.99","https://bikecloset.com/product/fs260-pro-thermo-bibknicker/?attribute_pa_color=black&attribute_pa_size=l","5055939924632","1797269","1797268","2026-09-11T12:08:04.173Z"
"Endura Women’s Pro SL S/S Print Jersey","Endura","","","","Clothing","Jerseys","Women's","Unspecified","XS","clothing:xs","XS","Color: END PURPLE, Size: XS","end-purple","69.99","155","https://bikecloset.com/product/womens-pro-sl-s-s-print-jersey/?attribute_pa_color=end-purple&attribute_pa_size=xs","5056578432779","1797248","1797247","2026-09-11T12:08:04.173Z"
"Endura Women’s GV500 Reiver Bibshort","Endura","","","","Clothing","Bib shorts","Women's","Unspecified","XS","clothing:xs","XS","Color: Black, Size: XS","black","169.99","169.99","https://bikecloset.com/product/womens-gv500-reiver-bibshort/?attribute_pa_color=black&attribute_pa_size=xs","5056286922234","1797243","1797242","2026-09-11T12:08:04.173Z"
"Endura FS260-Pro Adrenaline Race Cape II","Endura","","","","Clothing","Jackets & rain shells","Unspecified","Unspecified","S","clothing:s","S","Color: Bright Yellow, Size: S","bright-yellow","49.99","109.99","https://bikecloset.com/product/fs260-pro-adrenaline-race-cape-ii/?attribute_pa_color=bright-yellow&attribute_pa_size=s","5055939986692","1797278","1797275","2026-09-11T12:08:04.173Z"
"Endura FS260-Pro Thermo Bibknicker","Endura","","","","Clothing","Knicker-length bottoms","Unspecified","Unspecified","2XL","clothing:2xl","2XL","Color: Black, Size: 2XL","black","79.99","134.99","https://bikecloset.com/product/fs260-pro-thermo-bibknicker/?attribute_pa_color=black&attribute_pa_size=2xl","5055939924656","1797273","1797268","2026-09-11T12:08:04.173Z"
"Endura Women’s Pro SL S/S Print Jersey","Endura","","","","Clothing","Jerseys","Women's","Unspecified","XL","clothing:xl","XL","Color: Titanium, Size: XL","titanium","69.99","155","https://bikecloset.com/product/womens-pro-sl-s-s-print-jersey/?attribute_pa_color=titanium&attribute_pa_size=xl","5056578432816","1797266","1797247","2026-09-11T12:08:04.173Z"
"Endura Women’s Pro SL S/S Print Jersey","Endura","","","","Clothing","Jerseys","Women's","Unspecified","L","clothing:l","L","Color: Titanium, Size: L","titanium","69.99","155","https://bikecloset.com/product/womens-pro-sl-s-s-print-jersey/?attribute_pa_color=titanium&attribute_pa_size=l","5056578432786","1797264","1797247","2026-09-11T12:08:04.173Z"
"Endura Women’s Pro SL S/S Print Jersey","Endura","","","","Clothing","Jerseys","Women's","Unspecified","M","clothing:m","M","Color: Titanium, Size: M","titanium","69.99","155","https://bikecloset.com/product/womens-pro-sl-s-s-print-jersey/?attribute_pa_color=titanium&attribute_pa_size=m","5056578432793","1797262","1797247","2026-09-11T12:08:04.173Z"
"Endura Women’s Pro SL S/S Print Jersey","Endura","","","","Clothing","Jerseys","Women's","Unspecified","S","clothing:s","S","Color: Titanium, Size: S","titanium","69.99","155","https://bikecloset.com/product/womens-pro-sl-s-s-print-jersey/?attribute_pa_color=titanium&attribute_pa_size=s","5056578432809","1797260","1797247","2026-09-11T12:08:04.173Z"
"Endura Women’s Pro SL S/S Print Jersey","Endura","","","","Clothing","Jerseys","Women's","Unspecified","XS","clothing:xs","XS","Color: Titanium, Size: XS","titanium","69.99","155","https://bikecloset.com/product/womens-pro-sl-s-s-print-jersey/?attribute_pa_color=titanium&attribute_pa_size=xs","5056578432823","1797258","1797247","2026-09-11T12:08:04.173Z"
"Endura Women’s Pro SL S/S Print Jersey","Endura","","","","Clothing","Jerseys","Women's","Unspecified","XL","clothing:xl","XL","Color: END PURPLE, Size: XL","end-purple","69.99","155","https://bikecloset.com/product/womens-pro-sl-s-s-print-jersey/?attribute_pa_color=end-purple&attribute_pa_size=xl","5056578432762","1797256","1797247","2026-09-11T12:08:04.173Z"
"Endura Women’s Pro SL S/S Print Jersey","Endura","","","","Clothing","Jerseys","Women's","Unspecified","L","clothing:l","L","Color: END PURPLE, Size: L","end-purple","69.99","155","https://bikecloset.com/product/womens-pro-sl-s-s-print-jersey/?attribute_pa_color=end-purple&attribute_pa_size=l","5056578432731","1797254","1797247","2026-09-11T12:08:04.173Z"
"Endura Women’s Pro SL S/S Print Jersey","Endura","","","","Clothing","Jerseys","Women's","Unspecified","M","clothing:m","M","Color: END PURPLE, Size: M","end-purple","69.99","155","https://bikecloset.com/product/womens-pro-sl-s-s-print-jersey/?attribute_pa_color=end-purple&attribute_pa_size=m","5056578432748","1797252","1797247","2026-09-11T12:08:04.173Z"
"Endura Women’s Pro SL S/S Print Jersey","Endura","","","","Clothing","Jerseys","Women's","Unspecified","S","clothing:s","S","Color: END PURPLE, Size: S","end-purple","69.99","155","https://bikecloset.com/product/womens-pro-sl-s-s-print-jersey/?attribute_pa_color=end-purple&attribute_pa_size=s","5056578432755","1797250","1797247","2026-09-11T12:08:04.173Z"
"Endura Women’s GV500 Reiver Bibshort","Endura","","","","Clothing","Bib shorts","Women's","Unspecified","XL","clothing:xl","XL","Color: Black, Size: XL","black","169.99","169.99","https://bikecloset.com/product/womens-gv500-reiver-bibshort/?attribute_pa_color=black&attribute_pa_size=xl","5056286922272","1797245","1797242","2026-09-11T12:08:04.173Z"
"Endura MT500 Thermal Liner Bibtight","Endura","","","","Clothing","Tights","Unspecified","Unspecified","3XL","clothing:3xl","3XL","Color: Black, Size: 3XL","black","69.99","165","https://bikecloset.com/product/mt500-thermal-liner-bibtight/?attribute_pa_color=black&attribute_pa_size=3xl","5056578420745","1797240","1797227","2026-09-11T12:08:04.173Z"
"Endura MT500 Thermal Liner Bibtight","Endura","","","","Clothing","Tights","Unspecified","Unspecified","2XL","clothing:2xl","2XL","Color: Black, Size: 2XL","black","69.99","165","https://bikecloset.com/product/mt500-thermal-liner-bibtight/?attribute_pa_color=black&attribute_pa_size=2xl","5056578420738","1797238","1797227","2026-09-11T12:08:04.173Z"
"Endura MT500 Thermal Liner Bibtight","Endura","","","","Clothing","Tights","Unspecified","Unspecified","XL","clothing:xl","XL","Color: Black, Size: XL","black","69.99","165","https://bikecloset.com/product/mt500-thermal-liner-bibtight/?attribute_pa_color=black&attribute_pa_size=xl","5056578420783","1797236","1797227","2026-09-11T12:08:04.173Z"
"Endura MT500 Thermal Liner Bibtight","Endura","","","","Clothing","Tights","Unspecified","Unspecified","XS","clothing:xs","XS","Color: Black, Size: XS","black","69.99","165","https://bikecloset.com/product/mt500-thermal-liner-bibtight/?attribute_pa_color=black&attribute_pa_size=xs","5056578420790","1797228","1797227","2026-09-11T12:08:04.173Z"
"Endura GV500 Thermal Bibtight","Endura","","","","Clothing","Tights","Unspecified","Unspecified","M","clothing:m","M","Color: Black, Size: M","black","199.99","199.99","https://bikecloset.com/product/gv500-thermal-bibtight/?attribute_pa_color=black&attribute_pa_size=m","5056286935401","1797221","1797220","2026-09-11T12:08:04.173Z"
"Endura PRO SL POWER BIBSHORT BKR","Endura","","","","Clothing","Bib shorts","Unspecified","Unspecified","XS","clothing:xs","XS STD","Color: Kilt Rock, Size: XS STD","kilt-rock","149","230","https://bikecloset.com/product/pro-sl-power-bibshort-bkr/?attribute_pa_color=kilt-rock&attribute_pa_size=xs-std","5056578434902","1797208","1797207","2026-09-11T12:08:04.173Z"
"Endura Loop Bibshort","Endura","","","","Clothing","Bib shorts","Unspecified","Unspecified","XS","clothing:xs","XS","Color: Barra Blue, Size: XS","barra-blue","49.99","99.99","https://bikecloset.com/product/loop-bibshort/?attribute_pa_color=barra-blue&attribute_pa_size=xs","5056578409153","1797199","1797198","2026-09-11T12:08:04.173Z"
"Endura MT500 Thermal Liner Bibtight","Endura","","","","Clothing","Tights","Unspecified","Unspecified","L","clothing:l","L","Color: Black, Size: L","black","69.99","165","https://bikecloset.com/product/mt500-thermal-liner-bibtight/?attribute_pa_color=black&attribute_pa_size=l","5056578420752","1797234","1797227","2026-09-11T12:08:04.173Z"
"Endura MT500 Thermal Liner Bibtight","Endura","","","","Clothing","Tights","Unspecified","Unspecified","M","clothing:m","M","Color: Black, Size: M","black","69.99","165","https://bikecloset.com/product/mt500-thermal-liner-bibtight/?attribute_pa_color=black&attribute_pa_size=m","5056578420769","1797232","1797227","2026-09-11T12:08:04.173Z"
"Endura MT500 Thermal Liner Bibtight","Endura","","","","Clothing","Tights","Unspecified","Unspecified","S","clothing:s","S","Color: Black, Size: S","black","69.99","165","https://bikecloset.com/product/mt500-thermal-liner-bibtight/?attribute_pa_color=black&attribute_pa_size=s","5056578420776","1797230","1797227","2026-09-11T12:08:04.173Z"
"Endura GV500 Thermal Bibtight","Endura","","","","Clothing","Tights","Unspecified","Unspecified","L","clothing:l","L","Color: Black, Size: L","black","199.99","199.99","https://bikecloset.com/product/gv500-thermal-bibtight/?attribute_pa_color=black&attribute_pa_size=l","5056286935418","1797223","1797220","2026-09-11T12:08:04.173Z"
"Endura PRO SL POWER BIBSHORT BKR","Endura","","","","Clothing","Bib shorts","Unspecified","Unspecified","2XL","clothing:2xl","2XL STD","Color: Kilt Rock, Size: 2XL STD","kilt-rock","149","230","https://bikecloset.com/product/pro-sl-power-bibshort-bkr/?attribute_pa_color=kilt-rock&attribute_pa_size=2xl-std","5056578434803","1797218","1797207","2026-09-11T12:08:04.173Z"
"Endura PRO SL POWER BIBSHORT BKR","Endura","","","","Clothing","Bib shorts","Unspecified","Unspecified","XL","clothing:xl","XL STD","Color: Kilt Rock, Size: XL STD","kilt-rock","149","230","https://bikecloset.com/product/pro-sl-power-bibshort-bkr/?attribute_pa_color=kilt-rock&attribute_pa_size=xl-std","5056578434889","1797216","1797207","2026-09-11T12:08:04.173Z"
"Endura PRO SL POWER BIBSHORT BKR","Endura","","","","Clothing","Bib shorts","Unspecified","Unspecified","L","clothing:l","L STD","Color: Kilt Rock, Size: L STD","kilt-rock","149","230","https://bikecloset.com/product/pro-sl-power-bibshort-bkr/?attribute_pa_color=kilt-rock&attribute_pa_size=l-std","5056578434827","1797214","1797207","2026-09-11T12:08:04.173Z"
"Endura PRO SL POWER BIBSHORT BKR","Endura","","","","Clothing","Bib shorts","Unspecified","Unspecified","M","clothing:m","M STD","Color: Kilt Rock, Size: M STD","kilt-rock","149","230","https://bikecloset.com/product/pro-sl-power-bibshort-bkr/?attribute_pa_color=kilt-rock&attribute_pa_size=m-std","5056578434841","1797212","1797207","2026-09-11T12:08:04.173Z"
"Endura PRO SL POWER BIBSHORT BKR","Endura","","","","Clothing","Bib shorts","Unspecified","Unspecified","S","clothing:s","S STD","Color: Kilt Rock, Size: S STD","kilt-rock","149","230","https://bikecloset.com/product/pro-sl-power-bibshort-bkr/?attribute_pa_color=kilt-rock&attribute_pa_size=s-std","5056578434865","1797210","1797207","2026-09-11T12:08:04.173Z"
"Endura Loop Bibshort","Endura","","","","Clothing","Bib shorts","Unspecified","Unspecified","3XL","clothing:3xl","3XL","Color: Barra Blue, Size: 3XL","barra-blue","49.99","99.99","https://bikecloset.com/product/loop-bibshort/?attribute_pa_color=barra-blue&attribute_pa_size=3xl","5056578409108","1797205","1797198","2026-09-11T12:08:04.173Z"
"Endura Loop Bibshort","Endura","","","","Clothing","Bib shorts","Unspecified","Unspecified","2XL","clothing:2xl","2XL","Color: Barra Blue, Size: 2XL","barra-blue","49.99","99.99","https://bikecloset.com/product/loop-bibshort/?attribute_pa_color=barra-blue&attribute_pa_size=2xl","5056578409092","1797203","1797198","2026-09-11T12:08:04.173Z"
"Endura Loop Bibshort","Endura","","","","Clothing","Bib shorts","Unspecified","Unspecified","S","clothing:s","S","Color: Barra Blue, Size: S","barra-blue","49.99","99.99","https://bikecloset.com/product/loop-bibshort/?attribute_pa_color=barra-blue&attribute_pa_size=s","5056578409139","1797201","1797198","2026-09-11T12:08:04.173Z"
"Endura Pro SL S/S Print Jersey","Endura","","","","Clothing","Jerseys","Unspecified","Unspecified","2XL","clothing:2xl","2XL","Color: Titanium, Size: 2XL","titanium","89.99","155","https://bikecloset.com/product/pro-sl-s-s-print-jersey/?attribute_pa_color=titanium&attribute_pa_size=2xl","5056578428857","1797196","1797173","2026-09-11T12:08:04.173Z"
"Endura Pro SL S/S Print Jersey","Endura","","","","Clothing","Jerseys","Unspecified","Unspecified","XL","clothing:xl","XL","Color: Titanium, Size: XL","titanium","89.99","155","https://bikecloset.com/product/pro-sl-s-s-print-jersey/?attribute_pa_color=titanium&attribute_pa_size=xl","5056578428895","1797194","1797173","2026-09-11T12:08:04.173Z"
"Endura Pro SL S/S Print Jersey","Endura","","","","Clothing","Jerseys","Unspecified","Unspecified","L","clothing:l","L","Color: Titanium, Size: L","titanium","89.99","155","https://bikecloset.com/product/pro-sl-s-s-print-jersey/?attribute_pa_color=titanium&attribute_pa_size=l","5056578428864","1797192","1797173","2026-09-11T12:08:04.173Z"
"Endura Pro SL S/S Print Jersey","Endura","","","","Clothing","Jerseys","Unspecified","Unspecified","XS","clothing:xs","XS","Color: EMERALD, Size: XS","emerald","89.99","155","https://bikecloset.com/product/pro-sl-s-s-print-jersey/?attribute_pa_color=emerald&attribute_pa_size=xs","5056578428840","1797174","1797173","2026-09-11T12:08:04.173Z"
"Endura Transloft L/S Baselayer","Endura","","","","Clothing","Base layers","Unspecified","Unspecified","S","clothing:s","S","Color: Black, Size: S","black","39.99","64.99","https://bikecloset.com/product/transloft-l-s-baselayer/?attribute_pa_color=black&attribute_pa_size=s","5056286909921","1797163","1797162","2026-09-11T12:08:04.173Z"
"Endura Pro SL Bibtights II","Endura","","","","Clothing","Tights","Unspecified","Unspecified","XS","clothing:xs","XS","Color: Black, Size: XS","black","149","259.99","https://bikecloset.com/product/pro-sl-bibtights-ii/?attribute_pa_color=black&attribute_pa_size=xs","5055939957852","1797150","1797149","2026-09-11T12:08:04.173Z"
"Endura Pro SL S/S Print Jersey","Endura","","","","Clothing","Jerseys","Unspecified","Unspecified","M","clothing:m","M","Color: Titanium, Size: M","titanium","89.99","155","https://bikecloset.com/product/pro-sl-s-s-print-jersey/?attribute_pa_color=titanium&attribute_pa_size=m","5056578428871","1797190","1797173","2026-09-11T12:08:04.173Z"
"Endura Pro SL S/S Print Jersey","Endura","","","","Clothing","Jerseys","Unspecified","Unspecified","S","clothing:s","S","Color: Titanium, Size: S","titanium","89.99","155","https://bikecloset.com/product/pro-sl-s-s-print-jersey/?attribute_pa_color=titanium&attribute_pa_size=s","5056578428888","1797188","1797173","2026-09-11T12:08:04.173Z"
"Endura Pro SL S/S Print Jersey","Endura","","","","Clothing","Jerseys","Unspecified","Unspecified","XS","clothing:xs","XS","Color: Titanium, Size: XS","titanium","89.99","155","https://bikecloset.com/product/pro-sl-s-s-print-jersey/?attribute_pa_color=titanium&attribute_pa_size=xs","5056578428901","1797186","1797173","2026-09-11T12:08:04.173Z"
"Endura Pro SL S/S Print Jersey","Endura","","","","Clothing","Jerseys","Unspecified","Unspecified","2XL","clothing:2xl","2XL","Color: EMERALD, Size: 2XL","emerald","89.99","155","https://bikecloset.com/product/pro-sl-s-s-print-jersey/?attribute_pa_color=emerald&attribute_pa_size=2xl","5056578428796","1797184","1797173","2026-09-11T12:08:04.173Z"
"Endura Pro SL S/S Print Jersey","Endura","","","","Clothing","Jerseys","Unspecified","Unspecified","XL","clothing:xl","XL","Color: EMERALD, Size: XL","emerald","89.99","155","https://bikecloset.com/product/pro-sl-s-s-print-jersey/?attribute_pa_color=emerald&attribute_pa_size=xl","5056578428833","1797182","1797173","2026-09-11T12:08:04.173Z"
"Endura Pro SL S/S Print Jersey","Endura","","","","Clothing","Jerseys","Unspecified","Unspecified","L","clothing:l","L","Color: EMERALD, Size: L","emerald","89.99","155","https://bikecloset.com/product/pro-sl-s-s-print-jersey/?attribute_pa_color=emerald&attribute_pa_size=l","5056578428802","1797180","1797173","2026-09-11T12:08:04.173Z"
"Endura Pro SL S/S Print Jersey","Endura","","","","Clothing","Jerseys","Unspecified","Unspecified","M","clothing:m","M","Color: EMERALD, Size: M","emerald","89.99","155","https://bikecloset.com/product/pro-sl-s-s-print-jersey/?attribute_pa_color=emerald&attribute_pa_size=m","5056578428819","1797178","1797173","2026-09-11T12:08:04.173Z"
"Endura Pro SL S/S Print Jersey","Endura","","","","Clothing","Jerseys","Unspecified","Unspecified","S","clothing:s","S","Color: EMERALD, Size: S","emerald","89.99","155","https://bikecloset.com/product/pro-sl-s-s-print-jersey/?attribute_pa_color=emerald&attribute_pa_size=s","5056578428826","1797176","1797173","2026-09-11T12:08:04.173Z"
"Endura Transloft L/S Baselayer","Endura","","","","Clothing","Base layers","Unspecified","Unspecified","2XL","clothing:2xl","2XL","Color: Black, Size: 2XL","black","39.99","64.99","https://bikecloset.com/product/transloft-l-s-baselayer/?attribute_pa_color=black&attribute_pa_size=2xl","5056286909969","1797171","1797162","2026-09-11T12:08:04.173Z"
"Endura Transloft L/S Baselayer","Endura","","","","Clothing","Base layers","Unspecified","Unspecified","XL","clothing:xl","XL","Color: Black, Size: XL","black","39.99","64.99","https://bikecloset.com/product/transloft-l-s-baselayer/?attribute_pa_color=black&attribute_pa_size=xl","5056286909952","1797169","1797162","2026-09-11T12:08:04.173Z"
"Endura Transloft L/S Baselayer","Endura","","","","Clothing","Base layers","Unspecified","Unspecified","L","clothing:l","L","Color: Black, Size: L","black","39.99","64.99","https://bikecloset.com/product/transloft-l-s-baselayer/?attribute_pa_color=black&attribute_pa_size=l","5056286909945","1797167","1797162","2026-09-11T12:08:04.173Z"
"Endura Transloft L/S Baselayer","Endura","","","","Clothing","Base layers","Unspecified","Unspecified","M","clothing:m","M","Color: Black, Size: M","black","39.99","64.99","https://bikecloset.com/product/transloft-l-s-baselayer/?attribute_pa_color=black&attribute_pa_size=m","5056286909938","1797165","1797162","2026-09-11T12:08:04.173Z"
"Endura Pro SL Bibtights II","Endura","","","","Clothing","Tights","Unspecified","Unspecified","2XL","clothing:2xl","2XL","Color: Black, Size: 2XL","black","149","259.99","https://bikecloset.com/product/pro-sl-bibtights-ii/?attribute_pa_color=black&attribute_pa_size=2xl","5055939957906","1797160","1797149","2026-09-11T12:08:04.173Z"
"Endura Pro SL Bibtights II","Endura","","","","Clothing","Tights","Unspecified","Unspecified","XL","clothing:xl","XL","Color: Black, Size: XL","black","149","259.99","https://bikecloset.com/product/pro-sl-bibtights-ii/?attribute_pa_color=black&attribute_pa_size=xl","5055939957890","1797158","1797149","2026-09-11T12:08:04.173Z"
"Endura Pro SL Bibtights II","Endura","","","","Clothing","Tights","Unspecified","Unspecified","L","clothing:l","L","Color: Black, Size: L","black","149","259.99","https://bikecloset.com/product/pro-sl-bibtights-ii/?attribute_pa_color=black&attribute_pa_size=l","5055939957883","1797156","1797149","2026-09-11T12:08:04.173Z"
"Endura Pro SL Bibtights II","Endura","","","","Clothing","Tights","Unspecified","Unspecified","M","clothing:m","M","Color: Black, Size: M","black","149","259.99","https://bikecloset.com/product/pro-sl-bibtights-ii/?attribute_pa_color=black&attribute_pa_size=m","5055939957876","1797154","1797149","2026-09-11T12:08:04.173Z"
"Endura Pro SL Bibtights II","Endura","","","","Clothing","Tights","Unspecified","Unspecified","S","clothing:s","S","Color: Black, Size: S","black","149","259.99","https://bikecloset.com/product/pro-sl-bibtights-ii/?attribute_pa_color=black&attribute_pa_size=s","5055939957869","1797152","1797149","2026-09-11T12:08:04.173Z"
"Assos MILLE GT 3/3 Jacket EVO","Assos","","","","Clothing","Jackets & rain shells","Unspecified","Unspecified","XS","clothing:xs","XS","Color: Fluo Yellow, Size: XS","fluo-yellow","99.99","315","https://bikecloset.com/product/assos-mille-gt-3-3-jacket-evo/?attribute_pa_color=fluo-yellow&attribute_pa_size=xs","2220000228909","1795818","1690115","2026-09-11T12:08:04.173Z"
"Rapha Reis Glasses","Rapha","","","","Footwear & protection","Eyewear","","","","","","Color: Black Grey / Gold","black-grey-gold","149","245","https://bikecloset.com/product/reis-glasses/?attribute_pa_color=black-grey-gold","5059526496946","1794797","1794796","2026-09-11T12:08:04.173Z"
"Rapha Reis Glasses","Rapha","","","","Footwear & protection","Eyewear","","","","","","Color: Smoke / Redbul","smoke-redbul","149","245","https://bikecloset.com/product/reis-glasses/?attribute_pa_color=smoke-redbul","5059526463801","1794801","1794796","2026-09-11T12:08:04.173Z"
"Rapha Men’s Core Jersey","Rapha","","","","Clothing","Jerseys","Men's","Unspecified","XL","clothing:xl","XLG","Color: Grey/White, Size: XLG","grey-white","59","110","https://bikecloset.com/product/mens-core-jersey/?attribute_pa_color=grey-white&attribute_pa_size=xlg","5059526480792","1794790","1794615","2026-09-11T12:08:04.173Z"
"Rapha Men’s Core Jersey","Rapha","","","","Clothing","Jerseys","Men's","Unspecified","L","clothing:l","LRG","Color: Grey/White, Size: LRG","grey-white","59","110","https://bikecloset.com/product/mens-core-jersey/?attribute_pa_color=grey-white&attribute_pa_size=lrg","5059526480785","1794787","1794615","2026-09-11T12:08:04.173Z"
"Rapha Men’s Core Jersey","Rapha","","","","Clothing","Jerseys","Men's","Unspecified","M","clothing:m","MED","Color: Grey/White, Size: MED","grey-white","59","110","https://bikecloset.com/product/mens-core-jersey/?attribute_pa_color=grey-white&attribute_pa_size=med","5059526480778","1794784","1794615","2026-09-11T12:08:04.173Z"
"Rapha Men’s Core Jersey","Rapha","","","","Clothing","Jerseys","Men's","Unspecified","S","clothing:s","SML","Color: Grey/White, Size: SML","grey-white","59","110","https://bikecloset.com/product/mens-core-jersey/?attribute_pa_color=grey-white&attribute_pa_size=sml","5059526480761","1794781","1794615","2026-09-11T12:08:04.173Z"
"Rapha Men’s Core Jersey","Rapha","","","","Clothing","Jerseys","Men's","Unspecified","XS","clothing:xs","XSM","Color: Grey/White, Size: XSM","grey-white","59","110","https://bikecloset.com/product/mens-core-jersey/?attribute_pa_color=grey-white&attribute_pa_size=xsm","5059526480754","1794778","1794615","2026-09-11T12:08:04.173Z"
"Rapha Men’s Core Jersey","Rapha","","","","Clothing","Jerseys","Men's","Unspecified","L","clothing:l","LRG","Color: Ultraviolet/White, Size: LRG","ultraviolet-white","59","110","https://bikecloset.com/product/mens-core-jersey/?attribute_pa_color=ultraviolet-white&attribute_pa_size=lrg","5059526480921","1794769","1794615","2026-09-11T12:08:04.173Z"
"Rapha Men’s Core Jersey","Rapha","","","","Clothing","Jerseys","Men's","Unspecified","M","clothing:m","MED","Color: Ultraviolet/White, Size: MED","ultraviolet-white","59","110","https://bikecloset.com/product/mens-core-jersey/?attribute_pa_color=ultraviolet-white&attribute_pa_size=med","5059526480914","1794766","1794615","2026-09-11T12:08:04.173Z"
"Rapha Men’s Core Jersey","Rapha","","","","Clothing","Jerseys","Men's","Unspecified","S","clothing:s","SML","Color: Ultraviolet/White, Size: SML","ultraviolet-white","59","110","https://bikecloset.com/product/mens-core-jersey/?attribute_pa_color=ultraviolet-white&attribute_pa_size=sml","5059526480907","1794763","1794615","2026-09-11T12:08:04.173Z"
"Rapha Men’s Core Jersey","Rapha","","","","Clothing","Jerseys","Men's","Unspecified","XS","clothing:xs","XSM","Color: Ultraviolet/White, Size: XSM","ultraviolet-white","59","110","https://bikecloset.com/product/mens-core-jersey/?attribute_pa_color=ultraviolet-white&attribute_pa_size=xsm","5059526480891","1794760","1794615","2026-09-11T12:08:04.173Z"
"Rapha Men’s Core Jersey","Rapha","","","","Clothing","Jerseys","Men's","Unspecified","M","clothing:m","MED","Color: Dusty Mauve/White, Size: MED","dusty-mauve-white","59","110","https://bikecloset.com/product/mens-core-jersey/?attribute_pa_color=dusty-mauve-white&attribute_pa_size=med","5059526480983","1794748","1794615","2026-09-11T12:08:04.173Z"
"Rapha Men’s Core Jersey","Rapha","","","","Clothing","Jerseys","Men's","Unspecified","XS","clothing:xs","XSM","Color: Dusty Mauve/White, Size: XSM","dusty-mauve-white","59","110","https://bikecloset.com/product/mens-core-jersey/?attribute_pa_color=dusty-mauve-white&attribute_pa_size=xsm","5059526480969","1794742","1794615","2026-09-11T12:08:04.173Z"
"Rapha Men’s Core Jersey","Rapha","","","","Clothing","Jerseys","Men's","Unspecified","3XL","clothing:3xl","3XL","Color: Forest Green/White, Size: 3XL","forest-green-white","59","110","https://bikecloset.com/product/mens-core-jersey/?attribute_pa_color=forest-green-white&attribute_pa_size=3xl","5059526480884","1794739","1794615","2026-09-11T12:08:04.173Z"
"Rapha Men’s Core Jersey","Rapha","","","","Clothing","Jerseys","Men's","Unspecified","2XL","clothing:2xl","XXL","Color: Forest Green/White, Size: XXL","forest-green-white","59","110","https://bikecloset.com/product/mens-core-jersey/?attribute_pa_color=forest-green-white&attribute_pa_size=xxl","5059526480877","1794736","1794615","2026-09-11T12:08:04.173Z"
"Rapha Men’s Core Jersey","Rapha","","","","Clothing","Jerseys","Men's","Unspecified","XL","clothing:xl","XLG","Color: Forest Green/White, Size: XLG","forest-green-white","59","110","https://bikecloset.com/product/mens-core-jersey/?attribute_pa_color=forest-green-white&attribute_pa_size=xlg","5059526480860","1794733","1794615","2026-09-11T12:08:04.173Z"
"Rapha Men’s Core Jersey","Rapha","","","","Clothing","Jerseys","Men's","Unspecified","L","clothing:l","LRG","Color: Forest Green/White, Size: LRG","forest-green-white","59","110","https://bikecloset.com/product/mens-core-jersey/?attribute_pa_color=forest-green-white&attribute_pa_size=lrg","5059526480853","1794730","1794615","2026-09-11T12:08:04.173Z"
"Rapha Men’s Core Jersey","Rapha","","","","Clothing","Jerseys","Men's","Unspecified","M","clothing:m","MED","Color: Forest Green/White, Size: MED","forest-green-white","59","110","https://bikecloset.com/product/mens-core-jersey/?attribute_pa_color=forest-green-white&attribute_pa_size=med","5059526480846","1794727","1794615","2026-09-11T12:08:04.173Z"
"Rapha Men’s Core Jersey","Rapha","","","","Clothing","Jerseys","Men's","Unspecified","S","clothing:s","SML","Color: Forest Green/White, Size: SML","forest-green-white","59","110","https://bikecloset.com/product/mens-core-jersey/?attribute_pa_color=forest-green-white&attribute_pa_size=sml","5059526480839","1794724","1794615","2026-09-11T12:08:04.173Z"
"Rapha Men’s Core Jersey","Rapha","","","","Clothing","Jerseys","Men's","Unspecified","XS","clothing:xs","XSM","Color: Forest Green/White, Size: XSM","forest-green-white","59","110","https://bikecloset.com/product/mens-core-jersey/?attribute_pa_color=forest-green-white&attribute_pa_size=xsm","5059526480822","1794721","1794615","2026-09-11T12:08:04.173Z"
"Rapha Men’s Core Jersey","Rapha","","","","Clothing","Jerseys","Men's","Unspecified","L","clothing:l","LRG","Color: Bright Orange/White, Size: LRG","bright-orange-white","59","110","https://bikecloset.com/product/mens-core-jersey/?attribute_pa_color=bright-orange-white&attribute_pa_size=lrg","5059526415039","1794707","1794615","2026-09-11T12:08:04.173Z"
"Rapha Men’s Core Jersey","Rapha","","","","Clothing","Jerseys","Men's","Unspecified","XS","clothing:xs","XSM","Color: Bright Orange/White, Size: XSM","bright-orange-white","59","110","https://bikecloset.com/product/mens-core-jersey/?attribute_pa_color=bright-orange-white&attribute_pa_size=xsm","5059526415008","1794693","1794615","2026-09-11T12:08:04.173Z"
"Rapha Men’s Core Jersey","Rapha","","","","Clothing","Jerseys","Men's","Unspecified","L","clothing:l","LRG","Color: Citron/White, Size: LRG","citron-white","59","110","https://bikecloset.com/product/mens-core-jersey/?attribute_pa_color=citron-white&attribute_pa_size=lrg","5059526414858","1794672","1794615","2026-09-11T12:08:04.173Z"
"Rapha Men’s Core Jersey","Rapha","","","","Clothing","Jerseys","Men's","Unspecified","XS","clothing:xs","XSM","Color: Cornflower/White, Size: XSM","cornflower-white","59","110","https://bikecloset.com/product/mens-core-jersey/?attribute_pa_color=cornflower-white&attribute_pa_size=xsm","5059526414940","1794616","1794615","2026-09-11T12:08:04.173Z"
"Rapha Men’s Core Jersey","Rapha","","","","Clothing","Jerseys","Men's","Unspecified","M","clothing:m","MED","Color: Citron/White, Size: MED","citron-white","59","110","https://bikecloset.com/product/mens-core-jersey/?attribute_pa_color=citron-white&attribute_pa_size=med","5059526414841","1794665","1794615","2026-09-11T12:08:04.173Z"
"Rapha Men’s Core Jersey","Rapha","","","","Clothing","Jerseys","Men's","Unspecified","S","clothing:s","SML","Color: Citron/White, Size: SML","citron-white","59","110","https://bikecloset.com/product/mens-core-jersey/?attribute_pa_color=citron-white&attribute_pa_size=sml","5059526414834","1794658","1794615","2026-09-11T12:08:04.173Z"
"Rapha Men’s Core Jersey","Rapha","","","","Clothing","Jerseys","Men's","Unspecified","XS","clothing:xs","XSM","Color: Citron/White, Size: XSM","citron-white","59","110","https://bikecloset.com/product/mens-core-jersey/?attribute_pa_color=citron-white&attribute_pa_size=xsm","5059526414827","1794651","1794615","2026-09-11T12:08:04.173Z"
"Rapha Men’s Core Jersey","Rapha","","","","Clothing","Jerseys","Men's","Unspecified","S","clothing:s","SML","Color: Cornflower/White, Size: SML","cornflower-white","59","110","https://bikecloset.com/product/mens-core-jersey/?attribute_pa_color=cornflower-white&attribute_pa_size=sml","5059526414957","1794623","1794615","2026-09-11T12:08:04.173Z"
"Rapha Men’s Pro Team Training Jersey – Astral","Rapha","","","","Clothing","Jerseys","Men's","Unspecified","L","clothing:l","LRG","Color: Multicolour, Size: LRG","multicolour","119","175","https://bikecloset.com/product/mens-pro-team-training-jersey-astral/?attribute_pa_color=multicolour&attribute_pa_size=lrg","5059526460992","1794605","1794599","2026-09-11T12:08:04.173Z"
"Rapha Men’s Pro Team Training Jersey","Rapha","","","","Clothing","Jerseys","Men's","Unspecified","2XL","clothing:2xl","XXL","Color: Khaki/Moss Green, Size: XXL","khaki-moss-green","89","145","https://bikecloset.com/product/mens-pro-team-training-jersey/?attribute_pa_color=khaki-moss-green&attribute_pa_size=xxl","5059526478379","1794592","1794262","2026-09-11T12:08:04.173Z"
"Rapha Men’s Pro Team Training Jersey","Rapha","","","","Clothing","Jerseys","Men's","Unspecified","XL","clothing:xl","XLG","Color: Khaki/Moss Green, Size: XLG","khaki-moss-green","89","145","https://bikecloset.com/product/mens-pro-team-training-jersey/?attribute_pa_color=khaki-moss-green&attribute_pa_size=xlg","5059526478362","1794585","1794262","2026-09-11T12:08:04.173Z"
"Rapha Men’s Pro Team Training Jersey","Rapha","","","","Clothing","Jerseys","Men's","Unspecified","L","clothing:l","LRG","Color: Khaki/Moss Green, Size: LRG","khaki-moss-green","89","145","https://bikecloset.com/product/mens-pro-team-training-jersey/?attribute_pa_color=khaki-moss-green&attribute_pa_size=lrg","5059526478355","1794578","1794262","2026-09-11T12:08:04.173Z"
"Rapha Men’s Pro Team Training Jersey","Rapha","","","","Clothing","Jerseys","Men's","Unspecified","M","clothing:m","MED","Color: Khaki/Moss Green, Size: MED","khaki-moss-green","89","145","https://bikecloset.com/product/mens-pro-team-training-jersey/?attribute_pa_color=khaki-moss-green&attribute_pa_size=med","5059526478348","1794571","1794262","2026-09-11T12:08:04.173Z"
"Rapha Men’s Pro Team Training Jersey","Rapha","","","","Clothing","Jerseys","Men's","Unspecified","S","clothing:s","SML","Color: Khaki/Moss Green, Size: SML","khaki-moss-green","89","145","https://bikecloset.com/product/mens-pro-team-training-jersey/?attribute_pa_color=khaki-moss-green&attribute_pa_size=sml","5059526478331","1794564","1794262","2026-09-11T12:08:04.173Z"
"Rapha Men’s Pro Team Training Jersey","Rapha","","","","Clothing","Jerseys","Men's","Unspecified","XS","clothing:xs","XSM","Color: Khaki/Moss Green, Size: XSM","khaki-moss-green","89","145","https://bikecloset.com/product/mens-pro-team-training-jersey/?attribute_pa_color=khaki-moss-green&attribute_pa_size=xsm","5059526478324","1794557","1794262","2026-09-11T12:08:04.173Z"
"Rapha Men’s Pro Team Training Jersey","Rapha","","","","Clothing","Jerseys","Men's","Unspecified","2XL","clothing:2xl","XXL","Color: Green/Dark Green, Size: XXL","green-dark-green","89","145","https://bikecloset.com/product/mens-pro-team-training-jersey/?attribute_pa_color=green-dark-green&attribute_pa_size=xxl","5059526411291","1794550","1794262","2026-09-11T12:08:04.173Z"
"Rapha Men’s Pro Team Training Jersey","Rapha","","","","Clothing","Jerseys","Men's","Unspecified","XL","clothing:xl","XLG","Color: Green/Dark Green, Size: XLG","green-dark-green","89","145","https://bikecloset.com/product/mens-pro-team-training-jersey/?attribute_pa_color=green-dark-green&attribute_pa_size=xlg","5059526411284","1794543","1794262","2026-09-11T12:08:04.173Z"
"Rapha Men’s Pro Team Training Jersey","Rapha","","","","Clothing","Jerseys","Men's","Unspecified","L","clothing:l","LRG","Color: Green/Dark Green, Size: LRG","green-dark-green","89","145","https://bikecloset.com/product/mens-pro-team-training-jersey/?attribute_pa_color=green-dark-green&attribute_pa_size=lrg","5059526411277","1794536","1794262","2026-09-11T12:08:04.173Z"
"Rapha Men’s Pro Team Training Jersey","Rapha","","","","Clothing","Jerseys","Men's","Unspecified","M","clothing:m","MED","Color: Green/Dark Green, Size: MED","green-dark-green","89","145","https://bikecloset.com/product/mens-pro-team-training-jersey/?attribute_pa_color=green-dark-green&attribute_pa_size=med","5059526411260","1794529","1794262","2026-09-11T12:08:04.173Z"
"Rapha Men’s Pro Team Training Jersey","Rapha","","","","Clothing","Jerseys","Men's","Unspecified","S","clothing:s","SML","Color: Green/Dark Green, Size: SML","green-dark-green","89","145","https://bikecloset.com/product/mens-pro-team-training-jersey/?attribute_pa_color=green-dark-green&attribute_pa_size=sml","5059526411253","1794522","1794262","2026-09-11T12:08:04.173Z"
"Rapha Men’s Pro Team Training Jersey","Rapha","","","","Clothing","Jerseys","Men's","Unspecified","XS","clothing:xs","XSM","Color: Green/Dark Green, Size: XSM","green-dark-green","89","145","https://bikecloset.com/product/mens-pro-team-training-jersey/?attribute_pa_color=green-dark-green&attribute_pa_size=xsm","5059526411246","1794515","1794262","2026-09-11T12:08:04.173Z"
"Rapha Men’s Pro Team Training Jersey","Rapha","","","","Clothing","Jerseys","Men's","Unspecified","M","clothing:m","MED","Color: Jade/Lagoon, Size: MED","jade-lagoon","89","145","https://bikecloset.com/product/mens-pro-team-training-jersey/?attribute_pa_color=jade-lagoon&attribute_pa_size=med","5059526411109","1794494","1794262","2026-09-11T12:08:04.173Z"
"Rapha Men’s Pro Team Training Jersey","Rapha","","","","Clothing","Jerseys","Men's","Unspecified","S","clothing:s","SML","Color: Jade/Lagoon, Size: SML","jade-lagoon","89","145","https://bikecloset.com/product/mens-pro-team-training-jersey/?attribute_pa_color=jade-lagoon&attribute_pa_size=sml","5059526411093","1794487","1794262","2026-09-11T12:08:04.173Z"
"Rapha Men’s Pro Team Training Jersey","Rapha","","","","Clothing","Jerseys","Men's","Unspecified","XS","clothing:xs","XSM","Color: Jade/Lagoon, Size: XSM","jade-lagoon","89","145","https://bikecloset.com/product/mens-pro-team-training-jersey/?attribute_pa_color=jade-lagoon&attribute_pa_size=xsm","5059526411086","1794480","1794262","2026-09-11T12:08:04.173Z"
"Rapha Men’s Pro Team Training Jersey","Rapha","","","","Clothing","Jerseys","Men's","Unspecified","3XL","clothing:3xl","3XL","Color: Burgundy/Port, Size: 3XL","burgundy-port","89","145","https://bikecloset.com/product/mens-pro-team-training-jersey/?attribute_pa_color=burgundy-port&attribute_pa_size=3xl","5059526480075","1794473","1794262","2026-09-11T12:08:04.173Z"
"Rapha Men’s Pro Team Training Jersey","Rapha","","","","Clothing","Jerseys","Men's","Unspecified","XL","clothing:xl","XLG","Color: Burgundy/Port, Size: XLG","burgundy-port","89","145","https://bikecloset.com/product/mens-pro-team-training-jersey/?attribute_pa_color=burgundy-port&attribute_pa_size=xlg","5059526478423","1794466","1794262","2026-09-11T12:08:04.173Z"
"Rapha Men’s Pro Team Training Jersey","Rapha","","","","Clothing","Jerseys","Men's","Unspecified","M","clothing:m","MED","Color: Burgundy/Port, Size: MED","burgundy-port","89","145","https://bikecloset.com/product/mens-pro-team-training-jersey/?attribute_pa_color=burgundy-port&attribute_pa_size=med","5059526478409","1794452","1794262","2026-09-11T12:08:04.173Z"
"Rapha Men’s Pro Team Training Jersey","Rapha","","","","Clothing","Jerseys","Men's","Unspecified","S","clothing:s","SML","Color: Burgundy/Port, Size: SML","burgundy-port","89","145","https://bikecloset.com/product/mens-pro-team-training-jersey/?attribute_pa_color=burgundy-port&attribute_pa_size=sml","5059526478393","1794445","1794262","2026-09-11T12:08:04.173Z"
"Rapha Men’s Pro Team Training Jersey","Rapha","","","","Clothing","Jerseys","Men's","Unspecified","XS","clothing:xs","XSM","Color: Burgundy/Port, Size: XSM","burgundy-port","89","145","https://bikecloset.com/product/mens-pro-team-training-jersey/?attribute_pa_color=burgundy-port&attribute_pa_size=xsm","5059526478386","1794438","1794262","2026-09-11T12:08:04.173Z"
"Rapha Men’s Pro Team Training Jersey","Rapha","","","","Clothing","Jerseys","Men's","Unspecified","2XL","clothing:2xl","XXL","Color: Light Blue/Blue, Size: XXL","light-blue-blue","89","145","https://bikecloset.com/product/mens-pro-team-training-jersey/?attribute_pa_color=light-blue-blue&attribute_pa_size=xxl","5059526478492","1794431","1794262","2026-09-11T12:08:04.173Z"
"Rapha Men’s Pro Team Training Jersey","Rapha","","","","Clothing","Jerseys","Men's","Unspecified","XL","clothing:xl","XLG","Color: Light Blue/Blue, Size: XLG","light-blue-blue","89","145","https://bikecloset.com/product/mens-pro-team-training-jersey/?attribute_pa_color=light-blue-blue&attribute_pa_size=xlg","5059526478485","1794424","1794262","2026-09-11T12:08:04.173Z"
"Rapha Men’s Pro Team Training Jersey","Rapha","","","","Clothing","Jerseys","Men's","Unspecified","L","clothing:l","LRG","Color: Light Blue/Blue, Size: LRG","light-blue-blue","89","145","https://bikecloset.com/product/mens-pro-team-training-jersey/?attribute_pa_color=light-blue-blue&attribute_pa_size=lrg","5059526478478","1794417","1794262","2026-09-11T12:08:04.173Z"
"Rapha Men’s Pro Team Training Jersey","Rapha","","","","Clothing","Jerseys","Men's","Unspecified","M","clothing:m","MED","Color: Light Blue/Blue, Size: MED","light-blue-blue","89","145","https://bikecloset.com/product/mens-pro-team-training-jersey/?attribute_pa_color=light-blue-blue&attribute_pa_size=med","5059526478461","1794410","1794262","2026-09-11T12:08:04.173Z"
"Rapha Men’s Pro Team Training Jersey","Rapha","","","","Clothing","Jerseys","Men's","Unspecified","S","clothing:s","SML","Color: Light Blue/Blue, Size: SML","light-blue-blue","89","145","https://bikecloset.com/product/mens-pro-team-training-jersey/?attribute_pa_color=light-blue-blue&attribute_pa_size=sml","5059526478454","1794403","1794262","2026-09-11T12:08:04.173Z"
"Rapha Men’s Pro Team Training Jersey","Rapha","","","","Clothing","Jerseys","Men's","Unspecified","XS","clothing:xs","XSM","Color: Light Blue/Blue, Size: XSM","light-blue-blue","89","145","https://bikecloset.com/product/mens-pro-team-training-jersey/?attribute_pa_color=light-blue-blue&attribute_pa_size=xsm","5059526478447","1794396","1794262","2026-09-11T12:08:04.173Z"
"Rapha Men’s Pro Team Training Jersey","Rapha","","","","Clothing","Jerseys","Men's","Unspecified","2XL","clothing:2xl","XXL","Color: Jewelled Blue/Navy, Size: XXL","jewelled-blue-navy","89","145","https://bikecloset.com/product/mens-pro-team-training-jersey/?attribute_pa_color=jewelled-blue-navy&attribute_pa_size=xxl","5059526392538","1794389","1794262","2026-09-11T12:08:04.173Z"
"Rapha Men’s Pro Team Training Jersey","Rapha","","","","Clothing","Jerseys","Men's","Unspecified","XL","clothing:xl","XLG","Color: Jewelled Blue/Navy, Size: XLG","jewelled-blue-navy","89","145","https://bikecloset.com/product/mens-pro-team-training-jersey/?attribute_pa_color=jewelled-blue-navy&attribute_pa_size=xlg","5059526392521","1794382","1794262","2026-09-11T12:08:04.173Z"
"Rapha Men’s Pro Team Training Jersey","Rapha","","","","Clothing","Jerseys","Men's","Unspecified","L","clothing:l","LRG","Color: Jewelled Blue/Navy, Size: LRG","jewelled-blue-navy","89","145","https://bikecloset.com/product/mens-pro-team-training-jersey/?attribute_pa_color=jewelled-blue-navy&attribute_pa_size=lrg","5059526392514","1794375","1794262","2026-09-11T12:08:04.173Z"
"Rapha Men’s Pro Team Training Jersey","Rapha","","","","Clothing","Jerseys","Men's","Unspecified","M","clothing:m","MED","Color: Jewelled Blue/Navy, Size: MED","jewelled-blue-navy","89","145","https://bikecloset.com/product/mens-pro-team-training-jersey/?attribute_pa_color=jewelled-blue-navy&attribute_pa_size=med","5059526392507","1794368","1794262","2026-09-11T12:08:04.173Z"
"Rapha Men’s Pro Team Training Jersey","Rapha","","","","Clothing","Jerseys","Men's","Unspecified","S","clothing:s","SML","Color: Jewelled Blue/Navy, Size: SML","jewelled-blue-navy","89","145","https://bikecloset.com/product/mens-pro-team-training-jersey/?attribute_pa_color=jewelled-blue-navy&attribute_pa_size=sml","5059526392491","1794361","1794262","2026-09-11T12:08:04.173Z"
"Rapha Men’s Pro Team Training Jersey","Rapha","","","","Clothing","Jerseys","Men's","Unspecified","XS","clothing:xs","XSM","Color: Jewelled Blue/Navy, Size: XSM","jewelled-blue-navy","89","145","https://bikecloset.com/product/mens-pro-team-training-jersey/?attribute_pa_color=jewelled-blue-navy&attribute_pa_size=xsm","5059526392484","1794354","1794262","2026-09-11T12:08:04.173Z"
"Rapha Men’s Pro Team Training Jersey","Rapha","","","","Clothing","Jerseys","Men's","Unspecified","3XL","clothing:3xl","3XL","Color: Eucalyptus/Onyx, Size: 3XL","eucalyptus-onyx","89","145","https://bikecloset.com/product/mens-pro-team-training-jersey/?attribute_pa_color=eucalyptus-onyx&attribute_pa_size=3xl","5059526411383","1794347","1794262","2026-09-11T12:08:04.173Z"
"Rapha Men’s Pro Team Training Jersey","Rapha","","","","Clothing","Jerseys","Men's","Unspecified","2XL","clothing:2xl","XXL","Color: Eucalyptus/Onyx, Size: XXL","eucalyptus-onyx","89","145","https://bikecloset.com/product/mens-pro-team-training-jersey/?attribute_pa_color=eucalyptus-onyx&attribute_pa_size=xxl","5059526411376","1794340","1794262","2026-09-11T12:08:04.173Z"
"Rapha Men’s Pro Team Training Jersey","Rapha","","","","Clothing","Jerseys","Men's","Unspecified","L","clothing:l","LRG","Color: Eucalyptus/Onyx, Size: LRG","eucalyptus-onyx","89","145","https://bikecloset.com/product/mens-pro-team-training-jersey/?attribute_pa_color=eucalyptus-onyx&attribute_pa_size=lrg","5059526411352","1794326","1794262","2026-09-11T12:08:04.173Z"
"Rapha Men’s Pro Team Training Jersey","Rapha","","","","Clothing","Jerseys","Men's","Unspecified","XS","clothing:xs","XSM","Color: Chestnut Brown/Walnut Brown, Size: XSM","chestnut-brown-walnut-brown","89","145","https://bikecloset.com/product/mens-pro-team-training-jersey/?attribute_pa_color=chestnut-brown-walnut-brown&attribute_pa_size=xsm","5059526375876","1794263","1794262","2026-09-11T12:08:04.173Z"
"Rapha Men’s Pro Team Training Jersey","Rapha","","","","Clothing","Jerseys","Men's","Unspecified","M","clothing:m","MED","Color: Eucalyptus/Onyx, Size: MED","eucalyptus-onyx","89","145","https://bikecloset.com/product/mens-pro-team-training-jersey/?attribute_pa_color=eucalyptus-onyx&attribute_pa_size=med","5059526411345","1794319","1794262","2026-09-11T12:08:04.173Z"
"Rapha Men’s Pro Team Training Jersey","Rapha","","","","Clothing","Jerseys","Men's","Unspecified","XS","clothing:xs","XSM","Color: Eucalyptus/Onyx, Size: XSM","eucalyptus-onyx","89","145","https://bikecloset.com/product/mens-pro-team-training-jersey/?attribute_pa_color=eucalyptus-onyx&attribute_pa_size=xsm","5059526411321","1794305","1794262","2026-09-11T12:08:04.173Z"
"Rapha Men’s Pro Team Training Jersey","Rapha","","","","Clothing","Jerseys","Men's","Unspecified","XL","clothing:xl","XLG","Color: Chestnut Brown/Walnut Brown, Size: XLG","chestnut-brown-walnut-brown","89","145","https://bikecloset.com/product/mens-pro-team-training-jersey/?attribute_pa_color=chestnut-brown-walnut-brown&attribute_pa_size=xlg","5059526375913","1794291","1794262","2026-09-11T12:08:04.173Z"
"Rapha Men’s Pro Team Training Jersey","Rapha","","","","Clothing","Jerseys","Men's","Unspecified","L","clothing:l","LRG","Color: Chestnut Brown/Walnut Brown, Size: LRG","chestnut-brown-walnut-brown","89","145","https://bikecloset.com/product/mens-pro-team-training-jersey/?attribute_pa_color=chestnut-brown-walnut-brown&attribute_pa_size=lrg","5059526375906","1794284","1794262","2026-09-11T12:08:04.173Z"
"Rapha Men’s Pro Team Training Jersey","Rapha","","","","Clothing","Jerseys","Men's","Unspecified","M","clothing:m","MED","Color: Chestnut Brown/Walnut Brown, Size: MED","chestnut-brown-walnut-brown","89","145","https://bikecloset.com/product/mens-pro-team-training-jersey/?attribute_pa_color=chestnut-brown-walnut-brown&attribute_pa_size=med","5059526375890","1794277","1794262","2026-09-11T12:08:04.173Z"
"Rapha Men’s Core Winter Jacket","Rapha","","","","Clothing","Jackets & rain shells","Men's","Unspecified","2XL","clothing:2xl","XXL","Color: Navy/White, Size: XXL","navy-white","119","200","https://bikecloset.com/product/mens-core-winter-jacket/?attribute_pa_color=navy-white&attribute_pa_size=xxl","5059526347699","1794255","1794219","2026-09-11T12:08:04.173Z"
"Rapha Men’s Core Winter Jacket","Rapha","","","","Clothing","Jackets & rain shells","Men's","Unspecified","XS","clothing:xs","XSM","Color: Navy/White, Size: XSM","navy-white","119","200","https://bikecloset.com/product/mens-core-winter-jacket/?attribute_pa_color=navy-white&attribute_pa_size=xsm","5059526347644","1794220","1794219","2026-09-11T12:08:04.173Z"
"Rapha Women’s Core Cargo Shorts","Rapha","","","","Clothing","Shorts","Women's","Unspecified","XXS","clothing:xxs","XXS","Color: Dark Navy/White, Size: XXS","dark-navy-white","99","175","https://bikecloset.com/product/womens-core-cargo-shorts/?attribute_pa_color=dark-navy-white&attribute_pa_size=xxs","5059526063124","1794184","1794183","2026-09-11T12:08:04.173Z"
"Rapha Men’s Core Winter Jacket","Rapha","","","","Clothing","Jackets & rain shells","Men's","Unspecified","XL","clothing:xl","XLG","Color: Navy/White, Size: XLG","navy-white","119","200","https://bikecloset.com/product/mens-core-winter-jacket/?attribute_pa_color=navy-white&attribute_pa_size=xlg","5059526347682","1794248","1794219","2026-09-11T12:08:04.173Z"
"Rapha Men’s Core Winter Jacket","Rapha","","","","Clothing","Jackets & rain shells","Men's","Unspecified","L","clothing:l","LRG","Color: Navy/White, Size: LRG","navy-white","119","200","https://bikecloset.com/product/mens-core-winter-jacket/?attribute_pa_color=navy-white&attribute_pa_size=lrg","5059526347675","1794241","1794219","2026-09-11T12:08:04.173Z"
"Rapha Men’s Core Winter Jacket","Rapha","","","","Clothing","Jackets & rain shells","Men's","Unspecified","M","clothing:m","MED","Color: Navy/White, Size: MED","navy-white","119","200","https://bikecloset.com/product/mens-core-winter-jacket/?attribute_pa_color=navy-white&attribute_pa_size=med","5059526347668","1794234","1794219","2026-09-11T12:08:04.173Z"
"Rapha Men’s Core Winter Jacket","Rapha","","","","Clothing","Jackets & rain shells","Men's","Unspecified","S","clothing:s","SML","Color: Navy/White, Size: SML","navy-white","119","200","https://bikecloset.com/product/mens-core-winter-jacket/?attribute_pa_color=navy-white&attribute_pa_size=sml","5059526347651","1794227","1794219","2026-09-11T12:08:04.173Z"
"Rapha Women’s Core Cargo Shorts","Rapha","","","","Clothing","Shorts","Women's","Unspecified","XL","clothing:xl","XLG","Color: Dark Navy/White, Size: XLG","dark-navy-white","99","175","https://bikecloset.com/product/womens-core-cargo-shorts/?attribute_pa_color=dark-navy-white&attribute_pa_size=xlg","5059526063179","1794212","1794183","2026-09-11T12:08:04.173Z"
"Rapha Women’s Core Cargo Shorts","Rapha","","","","Clothing","Shorts","Women's","Unspecified","M","clothing:m","MED","Color: Dark Navy/White, Size: MED","dark-navy-white","99","175","https://bikecloset.com/product/womens-core-cargo-shorts/?attribute_pa_color=dark-navy-white&attribute_pa_size=med","5059526063155","1794205","1794183","2026-09-11T12:08:04.173Z"
"Rapha Women’s Core Bib Shorts","Rapha","","","","Clothing","Bib shorts","Women's","Unspecified","XXS","clothing:xxs","XXS","Color: Mahogany/White, Size: XXS","mahogany-white","89","160","https://bikecloset.com/product/womens-core-bib-shorts/?attribute_pa_color=mahogany-white&attribute_pa_size=xxs","5059526461203","1794123","1794122","2026-09-11T12:08:04.173Z"
"Rapha Women’s Core Bib Shorts","Rapha","","","","Clothing","Bib shorts","Women's","Unspecified","XL","clothing:xl","XLG","Color: Forest Green/White, Size: XLG","forest-green-white","89","160","https://bikecloset.com/product/womens-core-bib-shorts/?attribute_pa_color=forest-green-white&attribute_pa_size=xlg","5059526489702","1794178","1794122","2026-09-11T12:08:04.173Z"
"Rapha Women’s Core Bib Shorts","Rapha","","","","Clothing","Bib shorts","Women's","Unspecified","L","clothing:l","LRG","Color: Forest Green/White, Size: LRG","forest-green-white","89","160","https://bikecloset.com/product/womens-core-bib-shorts/?attribute_pa_color=forest-green-white&attribute_pa_size=lrg","5059526489696","1794173","1794122","2026-09-11T12:08:04.173Z"
"Rapha Women’s Core Bib Shorts","Rapha","","","","Clothing","Bib shorts","Women's","Unspecified","M","clothing:m","MED","Color: Forest Green/White, Size: MED","forest-green-white","89","160","https://bikecloset.com/product/womens-core-bib-shorts/?attribute_pa_color=forest-green-white&attribute_pa_size=med","5059526489689","1794168","1794122","2026-09-11T12:08:04.173Z"
"Rapha Women’s Core Bib Shorts","Rapha","","","","Clothing","Bib shorts","Women's","Unspecified","S","clothing:s","SML","Color: Forest Green/White, Size: SML","forest-green-white","89","160","https://bikecloset.com/product/womens-core-bib-shorts/?attribute_pa_color=forest-green-white&attribute_pa_size=sml","5059526489672","1794163","1794122","2026-09-11T12:08:04.173Z"
"Rapha Women’s Core Bib Shorts","Rapha","","","","Clothing","Bib shorts","Women's","Unspecified","XS","clothing:xs","XSM","Color: Forest Green/White, Size: XSM","forest-green-white","89","160","https://bikecloset.com/product/womens-core-bib-shorts/?attribute_pa_color=forest-green-white&attribute_pa_size=xsm","5059526489665","1794158","1794122","2026-09-11T12:08:04.173Z"
"Rapha Women’s Core Bib Shorts","Rapha","","","","Clothing","Bib shorts","Women's","Unspecified","L","clothing:l","LRG","Color: Mahogany/White, Size: LRG","mahogany-white","89","160","https://bikecloset.com/product/womens-core-bib-shorts/?attribute_pa_color=mahogany-white&attribute_pa_size=lrg","5059526461241","1794151","1794122","2026-09-11T12:08:04.173Z"
"Rapha Women’s Core Bib Shorts","Rapha","","","","Clothing","Bib shorts","Women's","Unspecified","M","clothing:m","MED","Color: Mahogany/White, Size: MED","mahogany-white","89","160","https://bikecloset.com/product/womens-core-bib-shorts/?attribute_pa_color=mahogany-white&attribute_pa_size=med","5059526461234","1794144","1794122","2026-09-11T12:08:04.173Z"
"Rapha Women’s Core Shorts","Rapha","","","","Clothing","Shorts","Women's","Unspecified","XXS","clothing:xxs","XXS","Color: Mahogany/White, Size: XXS","mahogany-white","79","135","https://bikecloset.com/product/womens-core-shorts/?attribute_pa_color=mahogany-white&attribute_pa_size=xxs","5059526461395","1794080","1794079","2026-09-11T12:08:04.173Z"
"Rapha Women’s Core Shorts","Rapha","","","","Clothing","Shorts","Women's","Unspecified","XL","clothing:xl","XLG","Color: Mahogany/White, Size: XLG","mahogany-white","79","135","https://bikecloset.com/product/womens-core-shorts/?attribute_pa_color=mahogany-white&attribute_pa_size=xlg","5059526461449","1794115","1794079","2026-09-11T12:08:04.173Z"
"Rapha Women’s Core Shorts","Rapha","","","","Clothing","Shorts","Women's","Unspecified","L","clothing:l","LRG","Color: Mahogany/White, Size: LRG","mahogany-white","79","135","https://bikecloset.com/product/womens-core-shorts/?attribute_pa_color=mahogany-white&attribute_pa_size=lrg","5059526461432","1794108","1794079","2026-09-11T12:08:04.173Z"
"Rapha Women’s Core Shorts","Rapha","","","","Clothing","Shorts","Women's","Unspecified","M","clothing:m","MED","Color: Mahogany/White, Size: MED","mahogany-white","79","135","https://bikecloset.com/product/womens-core-shorts/?attribute_pa_color=mahogany-white&attribute_pa_size=med","5059526461425","1794101","1794079","2026-09-11T12:08:04.173Z"
"Rapha Women’s Core Shorts","Rapha","","","","Clothing","Shorts","Women's","Unspecified","S","clothing:s","SML","Color: Mahogany/White, Size: SML","mahogany-white","79","135","https://bikecloset.com/product/womens-core-shorts/?attribute_pa_color=mahogany-white&attribute_pa_size=sml","5059526461418","1794094","1794079","2026-09-11T12:08:04.173Z"
"Rapha Women’s Core Shorts","Rapha","","","","Clothing","Shorts","Women's","Unspecified","XS","clothing:xs","XSM","Color: Mahogany/White, Size: XSM","mahogany-white","79","135","https://bikecloset.com/product/womens-core-shorts/?attribute_pa_color=mahogany-white&attribute_pa_size=xsm","5059526461401","1794087","1794079","2026-09-11T12:08:04.173Z"
"Rapha Men’s Core Bib Shorts","Rapha","","","","Clothing","Bib shorts","Men's","Unspecified","2XL","clothing:2xl","XXL","Color: Indigo/White, Size: XXL","indigo-white","99","160","https://bikecloset.com/product/mens-core-bib-shorts/?attribute_pa_color=indigo-white&attribute_pa_size=xxl","5059526449607","1794074","1793898","2026-09-11T12:08:04.173Z"
"Rapha Men’s Core Bib Shorts","Rapha","","","","Clothing","Bib shorts","Men's","Unspecified","S","clothing:s","SML","Color: Indigo/White, Size: SML","indigo-white","99","160","https://bikecloset.com/product/mens-core-bib-shorts/?attribute_pa_color=indigo-white&attribute_pa_size=sml","5059526449560","1794054","1793898","2026-09-11T12:08:04.173Z"
"Rapha Men’s Core Bib Shorts","Rapha","","","","Clothing","Bib shorts","Men's","Unspecified","XS","clothing:xs","XSM","Color: Indigo/White, Size: XSM","indigo-white","99","160","https://bikecloset.com/product/mens-core-bib-shorts/?attribute_pa_color=indigo-white&attribute_pa_size=xsm","5059526449553","1794049","1793898","2026-09-11T12:08:04.173Z"
"Rapha Men’s Core Shorts","Rapha","","","","Clothing","Shorts","Men's","Unspecified","2XL","clothing:2xl","XXL","Color: Forest Green/White, Size: XXL","forest-green-white","79","135","https://bikecloset.com/product/mens-core-shorts/?attribute_pa_color=forest-green-white&attribute_pa_size=xxl","5059526481614","1794042","1793971","2026-09-11T12:08:04.173Z"
"Rapha Men’s Core Shorts","Rapha","","","","Clothing","Shorts","Men's","Unspecified","XL","clothing:xl","XLG","Color: Forest Green/White, Size: XLG","forest-green-white","79","135","https://bikecloset.com/product/mens-core-shorts/?attribute_pa_color=forest-green-white&attribute_pa_size=xlg","5059526481607","1794035","1793971","2026-09-11T12:08:04.173Z"
"Rapha Men’s Core Shorts","Rapha","","","","Clothing","Shorts","Men's","Unspecified","L","clothing:l","LRG","Color: Forest Green/White, Size: LRG","forest-green-white","79","135","https://bikecloset.com/product/mens-core-shorts/?attribute_pa_color=forest-green-white&attribute_pa_size=lrg","5059526481591","1794028","1793971","2026-09-11T12:08:04.173Z"
"Rapha Men’s Core Shorts","Rapha","","","","Clothing","Shorts","Men's","Unspecified","M","clothing:m","MED","Color: Forest Green/White, Size: MED","forest-green-white","79","135","https://bikecloset.com/product/mens-core-shorts/?attribute_pa_color=forest-green-white&attribute_pa_size=med","5059526481584","1794021","1793971","2026-09-11T12:08:04.173Z"
"Rapha Men’s Core Shorts","Rapha","","","","Clothing","Shorts","Men's","Unspecified","S","clothing:s","SML","Color: Forest Green/White, Size: SML","forest-green-white","79","135","https://bikecloset.com/product/mens-core-shorts/?attribute_pa_color=forest-green-white&attribute_pa_size=sml","5059526481577","1794014","1793971","2026-09-11T12:08:04.173Z"
"Rapha Men’s Core Shorts","Rapha","","","","Clothing","Shorts","Men's","Unspecified","XS","clothing:xs","XSM","Color: Forest Green/White, Size: XSM","forest-green-white","79","135","https://bikecloset.com/product/mens-core-shorts/?attribute_pa_color=forest-green-white&attribute_pa_size=xsm","5059526481560","1794007","1793971","2026-09-11T12:08:04.173Z"
"Rapha Men’s Core Shorts","Rapha","","","","Clothing","Shorts","Men's","Unspecified","2XL","clothing:2xl","XXL","Color: Mahogany/White, Size: XXL","mahogany-white","79","135","https://bikecloset.com/product/mens-core-shorts/?attribute_pa_color=mahogany-white&attribute_pa_size=xxl","5059526460411","1794000","1793971","2026-09-11T12:08:04.173Z"
"Rapha Men’s Core Shorts","Rapha","","","","Clothing","Shorts","Men's","Unspecified","L","clothing:l","LRG","Color: Mahogany/White, Size: LRG","mahogany-white","79","135","https://bikecloset.com/product/mens-core-shorts/?attribute_pa_color=mahogany-white&attribute_pa_size=lrg","5059526460398","1793993","1793971","2026-09-11T12:08:04.173Z"
"Rapha Men’s Core Shorts","Rapha","","","","Clothing","Shorts","Men's","Unspecified","XS","clothing:xs","XSM","Color: Mahogany/White, Size: XSM","mahogany-white","79","135","https://bikecloset.com/product/mens-core-shorts/?attribute_pa_color=mahogany-white&attribute_pa_size=xsm","5059526460367","1793972","1793971","2026-09-11T12:08:04.173Z"
"Rapha Men’s Core Shorts","Rapha","","","","Clothing","Shorts","Men's","Unspecified","M","clothing:m","MED","Color: Mahogany/White, Size: MED","mahogany-white","79","135","https://bikecloset.com/product/mens-core-shorts/?attribute_pa_color=mahogany-white&attribute_pa_size=med","5059526460381","1793986","1793971","2026-09-11T12:08:04.173Z"
"Rapha Men’s Core Shorts","Rapha","","","","Clothing","Shorts","Men's","Unspecified","S","clothing:s","SML","Color: Mahogany/White, Size: SML","mahogany-white","79","135","https://bikecloset.com/product/mens-core-shorts/?attribute_pa_color=mahogany-white&attribute_pa_size=sml","5059526460374","1793979","1793971","2026-09-11T12:08:04.173Z"
"Rapha Men’s Core Bib Shorts","Rapha","","","","Clothing","Bib shorts","Men's","Unspecified","2XL","clothing:2xl","XXL","Color: Forest Green/White, Size: XXL","forest-green-white","99","160","https://bikecloset.com/product/mens-core-bib-shorts/?attribute_pa_color=forest-green-white&attribute_pa_size=xxl","5059526481553","1793966","1793898","2026-09-11T12:08:04.173Z"
"Rapha Men’s Core Bib Shorts","Rapha","","","","Clothing","Bib shorts","Men's","Unspecified","XL","clothing:xl","XLG","Color: Forest Green/White, Size: XLG","forest-green-white","99","160","https://bikecloset.com/product/mens-core-bib-shorts/?attribute_pa_color=forest-green-white&attribute_pa_size=xlg","5059526481546","1793961","1793898","2026-09-11T12:08:04.173Z"
"Rapha Men’s Core Bib Shorts","Rapha","","","","Clothing","Bib shorts","Men's","Unspecified","L","clothing:l","LRG","Color: Forest Green/White, Size: LRG","forest-green-white","99","160","https://bikecloset.com/product/mens-core-bib-shorts/?attribute_pa_color=forest-green-white&attribute_pa_size=lrg","5059526481539","1793956","1793898","2026-09-11T12:08:04.173Z"
"Rapha Men’s Core Bib Shorts","Rapha","","","","Clothing","Bib shorts","Men's","Unspecified","M","clothing:m","MED","Color: Forest Green/White, Size: MED","forest-green-white","99","160","https://bikecloset.com/product/mens-core-bib-shorts/?attribute_pa_color=forest-green-white&attribute_pa_size=med","5059526481522","1793951","1793898","2026-09-11T12:08:04.173Z"
"Rapha Men’s Core Bib Shorts","Rapha","","","","Clothing","Bib shorts","Men's","Unspecified","S","clothing:s","SML","Color: Forest Green/White, Size: SML","forest-green-white","99","160","https://bikecloset.com/product/mens-core-bib-shorts/?attribute_pa_color=forest-green-white&attribute_pa_size=sml","5059526481515","1793946","1793898","2026-09-11T12:08:04.173Z"
"Rapha Men’s Core Bib Shorts","Rapha","","","","Clothing","Bib shorts","Men's","Unspecified","XS","clothing:xs","XSM","Color: Forest Green/White, Size: XSM","forest-green-white","99","160","https://bikecloset.com/product/mens-core-bib-shorts/?attribute_pa_color=forest-green-white&attribute_pa_size=xsm","5059526481508","1793941","1793898","2026-09-11T12:08:04.173Z"
"Rapha Men’s Core Bib Shorts","Rapha","","","","Clothing","Bib shorts","Men's","Unspecified","2XL","clothing:2xl","XXL","Color: Mahogany/White, Size: XXL","mahogany-white","99","160","https://bikecloset.com/product/mens-core-bib-shorts/?attribute_pa_color=mahogany-white&attribute_pa_size=xxl","5059526460220","1793934","1793898","2026-09-11T12:08:04.173Z"
"Rapha Men’s Core Bib Shorts","Rapha","","","","Clothing","Bib shorts","Men's","Unspecified","XS","clothing:xs","XSM","Color: Mahogany/White, Size: XSM","mahogany-white","99","160","https://bikecloset.com/product/mens-core-bib-shorts/?attribute_pa_color=mahogany-white&attribute_pa_size=xsm","5059526460176","1793899","1793898","2026-09-11T12:08:04.173Z"
"Rapha Women’s Pro Team Training Bib Shorts","Rapha","","","","Clothing","Bib shorts","Women's","Unspecified","XXS","clothing:xxs","XXS","Color: Black/White, Size: XXS","blackwhite","129","240","https://bikecloset.com/product/womens-pro-team-training-bib-shorts/?attribute_pa_color=blackwhite&attribute_pa_size=xxs","5059526098119","1793873","1793872","2026-09-11T12:08:04.173Z"
"Rapha Men’s Core Bib Shorts","Rapha","","","","Clothing","Bib shorts","Men's","Unspecified","L","clothing:l","LRG","Color: Mahogany/White, Size: LRG","mahogany-white","99","160","https://bikecloset.com/product/mens-core-bib-shorts/?attribute_pa_color=mahogany-white&attribute_pa_size=lrg","5059526460206","1793920","1793898","2026-09-11T12:08:04.173Z"
"Rapha Men’s Core Bib Shorts","Rapha","","","","Clothing","Bib shorts","Men's","Unspecified","M","clothing:m","MED","Color: Mahogany/White, Size: MED","mahogany-white","99","160","https://bikecloset.com/product/mens-core-bib-shorts/?attribute_pa_color=mahogany-white&attribute_pa_size=med","5059526460190","1793913","1793898","2026-09-11T12:08:04.173Z"
"Rapha Men’s Core Bib Shorts","Rapha","","","","Clothing","Bib shorts","Men's","Unspecified","S","clothing:s","SML","Color: Mahogany/White, Size: SML","mahogany-white","99","160","https://bikecloset.com/product/mens-core-bib-shorts/?attribute_pa_color=mahogany-white&attribute_pa_size=sml","5059526460183","1793906","1793898","2026-09-11T12:08:04.173Z"
"Rapha Women’s Pro Team Training Bib Shorts","Rapha","","","","Clothing","Bib shorts","Women's","Unspecified","XL","clothing:xl","XLG","Color: Black/White, Size: XLG","blackwhite","129","240","https://bikecloset.com/product/womens-pro-team-training-bib-shorts/?attribute_pa_color=blackwhite&attribute_pa_size=xlg","5059526098164","1793893","1793872","2026-09-11T12:08:04.173Z"
"Rapha Women’s Pro Team Training Bib Shorts","Rapha","","","","Clothing","Bib shorts","Women's","Unspecified","L","clothing:l","LRG","Color: Black/White, Size: LRG","blackwhite","129","240","https://bikecloset.com/product/womens-pro-team-training-bib-shorts/?attribute_pa_color=blackwhite&attribute_pa_size=lrg","5059526098157","1793888","1793872","2026-09-11T12:08:04.173Z"
"Rapha Women’s Pro Team Training Bib Shorts","Rapha","","","","Clothing","Bib shorts","Women's","Unspecified","M","clothing:m","MED","Color: Black/White, Size: MED","blackwhite","129","240","https://bikecloset.com/product/womens-pro-team-training-bib-shorts/?attribute_pa_color=blackwhite&attribute_pa_size=med","5059526098140","1793883","1793872","2026-09-11T12:08:04.173Z"
"Rapha Women’s Pro Team Training Bib Shorts","Rapha","","","","Clothing","Bib shorts","Women's","Unspecified","S","clothing:s","SML","Color: Black/White, Size: SML","blackwhite","129","240","https://bikecloset.com/product/womens-pro-team-training-bib-shorts/?attribute_pa_color=blackwhite&attribute_pa_size=sml","5059526098133","1793878","1793872","2026-09-11T12:08:04.173Z"
"Rapha Men’s Pro Team Powerweave Bib Shorts","Rapha","","","","Clothing","Bib shorts","Men's","Unspecified","2XL","clothing:2xl","XXL","Color: Titan/Carbon, Size: XXL","titan-carbon","229","400","https://bikecloset.com/product/mens-pro-team-powerweave-bib-shorts/?attribute_pa_color=titan-carbon&attribute_pa_size=xxl","5059526460541","1793867","1793798","2026-09-11T12:08:04.173Z"
"Rapha Men’s Pro Team Powerweave Bib Shorts","Rapha","","","","Clothing","Bib shorts","Men's","Unspecified","XL","clothing:xl","XLG","Color: Titan/Carbon, Size: XLG","titan-carbon","229","400","https://bikecloset.com/product/mens-pro-team-powerweave-bib-shorts/?attribute_pa_color=titan-carbon&attribute_pa_size=xlg","5059526460534","1793862","1793798","2026-09-11T12:08:04.173Z"
"Rapha Men’s Pro Team Powerweave Bib Shorts","Rapha","","","","Clothing","Bib shorts","Men's","Unspecified","L","clothing:l","LRG","Color: Titan/Carbon, Size: LRG","titan-carbon","229","400","https://bikecloset.com/product/mens-pro-team-powerweave-bib-shorts/?attribute_pa_color=titan-carbon&attribute_pa_size=lrg","5059526460527","1793857","1793798","2026-09-11T12:08:04.173Z"
"Rapha Men’s Pro Team Powerweave Bib Shorts","Rapha","","","","Clothing","Bib shorts","Men's","Unspecified","M","clothing:m","MED","Color: Titan/Carbon, Size: MED","titan-carbon","229","400","https://bikecloset.com/product/mens-pro-team-powerweave-bib-shorts/?attribute_pa_color=titan-carbon&attribute_pa_size=med","5059526460510","1793852","1793798","2026-09-11T12:08:04.173Z"
"Rapha Men’s Pro Team Powerweave Bib Shorts","Rapha","","","","Clothing","Bib shorts","Men's","Unspecified","S","clothing:s","SML","Color: Titan/Carbon, Size: SML","titan-carbon","229","400","https://bikecloset.com/product/mens-pro-team-powerweave-bib-shorts/?attribute_pa_color=titan-carbon&attribute_pa_size=sml","5059526460503","1793847","1793798","2026-09-11T12:08:04.173Z"
"Rapha Men’s Pro Team Powerweave Bib Shorts","Rapha","","","","Clothing","Bib shorts","Men's","Unspecified","XS","clothing:xs","XSM","Color: Titan/Carbon, Size: XSM","titan-carbon","229","400","https://bikecloset.com/product/mens-pro-team-powerweave-bib-shorts/?attribute_pa_color=titan-carbon&attribute_pa_size=xsm","5059526460497","1793842","1793798","2026-09-11T12:08:04.173Z"
"Rapha Men’s Pro Team Powerweave Bib Shorts","Rapha","","","","Clothing","Bib shorts","Men's","Unspecified","2XL","clothing:2xl","XXL","Color: Dark Green/Khaki, Size: XXL","dark-green-khaki","229","400","https://bikecloset.com/product/mens-pro-team-powerweave-bib-shorts/?attribute_pa_color=dark-green-khaki&attribute_pa_size=xxl","5059526477532","1793835","1793798","2026-09-11T12:08:04.173Z"
"Rapha Men’s Pro Team Powerweave Bib Shorts","Rapha","","","","Clothing","Bib shorts","Men's","Unspecified","L","clothing:l","LRG","Color: Dark Green/Khaki, Size: LRG","dark-green-khaki","229","400","https://bikecloset.com/product/mens-pro-team-powerweave-bib-shorts/?attribute_pa_color=dark-green-khaki&attribute_pa_size=lrg","5059526477518","1793821","1793798","2026-09-11T12:08:04.173Z"
"Rapha Men’s Pro Team Powerweave Bib Shorts","Rapha","","","","Clothing","Bib shorts","Men's","Unspecified","M","clothing:m","MED","Color: Dark Green/Khaki, Size: MED","dark-green-khaki","229","400","https://bikecloset.com/product/mens-pro-team-powerweave-bib-shorts/?attribute_pa_color=dark-green-khaki&attribute_pa_size=med","5059526477501","1793814","1793798","2026-09-11T12:08:04.173Z"
"Rapha Men’s Pro Team Powerweave Bib Shorts","Rapha","","","","Clothing","Bib shorts","Men's","Unspecified","XS","clothing:xs","XSM","Color: Dark Green/Khaki, Size: XSM","dark-green-khaki","229","400","https://bikecloset.com/product/mens-pro-team-powerweave-bib-shorts/?attribute_pa_color=dark-green-khaki&attribute_pa_size=xsm","5059526477488","1793799","1793798","2026-09-11T12:08:04.173Z"
"Rapha Men’s Pro Team Bib Shorts – Regular – Astral","Rapha","","","","Clothing","Bib shorts","Men's","Unspecified","XS","clothing:xs","XSM","Color: Multicolour, Size: XSM","multicolour","179","300","https://bikecloset.com/product/mens-pro-team-bib-shorts-regular-astral/?attribute_pa_color=multicolour&attribute_pa_size=xsm","5059526461029","1793756","1793755","2026-09-11T12:08:04.173Z"
"Rapha Men’s Pro Team Powerweave Bib Shorts","Rapha","","","","Clothing","Bib shorts","Men's","Unspecified","S","clothing:s","SML","Color: Dark Green/Khaki, Size: SML","dark-green-khaki","229","400","https://bikecloset.com/product/mens-pro-team-powerweave-bib-shorts/?attribute_pa_color=dark-green-khaki&attribute_pa_size=sml","5059526477495","1793806","1793798","2026-09-11T12:08:04.173Z"
"Rapha Men’s Pro Team Bib Shorts – Regular – Astral","Rapha","","","","Clothing","Bib shorts","Men's","Unspecified","2XL","clothing:2xl","XXL","Color: Multicolour, Size: XXL","multicolour","179","300","https://bikecloset.com/product/mens-pro-team-bib-shorts-regular-astral/?attribute_pa_color=multicolour&attribute_pa_size=xxl","5059526461074","1793791","1793755","2026-09-11T12:08:04.173Z"
"Rapha Men’s Pro Team Bib Shorts III – Long","Rapha","","","","Clothing","Bib shorts","Men's","Unspecified","2XL","clothing:2xl","XXL","Color: Port/White, Size: XXL","port-white","199","350","https://bikecloset.com/product/mens-pro-team-bib-shorts-iii-long/?attribute_pa_color=port-white&attribute_pa_size=xxl","5059526493471","1793748","1793677","2026-09-11T12:08:04.173Z"
"Rapha Men’s Pro Team Bib Shorts III – Long","Rapha","","","","Clothing","Bib shorts","Men's","Unspecified","XL","clothing:xl","XLG","Color: Port/White, Size: XLG","port-white","199","350","https://bikecloset.com/product/mens-pro-team-bib-shorts-iii-long/?attribute_pa_color=port-white&attribute_pa_size=xlg","5059526493464","1793739","1793677","2026-09-11T12:08:04.173Z"
"Rapha Men’s Pro Team Bib Shorts III – Long","Rapha","","","","Clothing","Bib shorts","Men's","Unspecified","XS","clothing:xs","XSM","Color: Dark Purple/White, Size: XSM","dark-purple-white","199","350","https://bikecloset.com/product/mens-pro-team-bib-shorts-iii-long/?attribute_pa_color=dark-purple-white&attribute_pa_size=xsm","5059526499954","1793678","1793677","2026-09-11T12:08:04.173Z"
"Rapha Men’s Pro Team Bib Shorts III – Regular","Rapha","","","","Clothing","Bib shorts","Men's","Unspecified","XS","clothing:xs","XSM","Color: Dark Purple/White, Size: XSM","dark-purple-white","199","350","https://bikecloset.com/product/mens-pro-team-bib-shorts-iii-regular/?attribute_pa_color=dark-purple-white&attribute_pa_size=xsm","5059526499893","1793600","1793599","2026-09-11T12:08:04.173Z"
"Rapha Men’s Pro Team Bib Shorts III – Long","Rapha","","","","Clothing","Bib shorts","Men's","Unspecified","L","clothing:l","LRG","Color: Port/White, Size: LRG","port-white","199","350","https://bikecloset.com/product/mens-pro-team-bib-shorts-iii-long/?attribute_pa_color=port-white&attribute_pa_size=lrg","5059526493457","1793733","1793677","2026-09-11T12:08:04.173Z"
"Rapha Men’s Pro Team Bib Shorts III – Long","Rapha","","","","Clothing","Bib shorts","Men's","Unspecified","S","clothing:s","SML","Color: Port/White, Size: SML","port-white","199","350","https://bikecloset.com/product/mens-pro-team-bib-shorts-iii-long/?attribute_pa_color=port-white&attribute_pa_size=sml","5059526493433","1793720","1793677","2026-09-11T12:08:04.173Z"
"Rapha Men’s Pro Team Bib Shorts III – Long","Rapha","","","","Clothing","Bib shorts","Men's","Unspecified","XS","clothing:xs","XSM","Color: Port/White, Size: XSM","port-white","199","350","https://bikecloset.com/product/mens-pro-team-bib-shorts-iii-long/?attribute_pa_color=port-white&attribute_pa_size=xsm","5059526493426","1793713","1793677","2026-09-11T12:08:04.173Z"
"Rapha Men’s Pro Team Bib Shorts III – Long","Rapha","","","","Clothing","Bib shorts","Men's","Unspecified","2XL","clothing:2xl","XXL","Color: Dark Purple/White, Size: XXL","dark-purple-white","199","350","https://bikecloset.com/product/mens-pro-team-bib-shorts-iii-long/?attribute_pa_color=dark-purple-white&attribute_pa_size=xxl","5059526500001","1793706","1793677","2026-09-11T12:08:04.173Z"
"Rapha Men’s Pro Team Bib Shorts III – Long","Rapha","","","","Clothing","Bib shorts","Men's","Unspecified","XL","clothing:xl","XLG","Color: Dark Purple/White, Size: XLG","dark-purple-white","199","350","https://bikecloset.com/product/mens-pro-team-bib-shorts-iii-long/?attribute_pa_color=dark-purple-white&attribute_pa_size=xlg","5059526499992","1793699","1793677","2026-09-11T12:08:04.173Z"
"Rapha Men’s Pro Team Bib Shorts III – Long","Rapha","","","","Clothing","Bib shorts","Men's","Unspecified","M","clothing:m","MED","Color: Dark Purple/White, Size: MED","dark-purple-white","199","350","https://bikecloset.com/product/mens-pro-team-bib-shorts-iii-long/?attribute_pa_color=dark-purple-white&attribute_pa_size=med","5059526499978","1793692","1793677","2026-09-11T12:08:04.173Z"
"Rapha Men’s Pro Team Bib Shorts III – Long","Rapha","","","","Clothing","Bib shorts","Men's","Unspecified","S","clothing:s","SML","Color: Dark Purple/White, Size: SML","dark-purple-white","199","350","https://bikecloset.com/product/mens-pro-team-bib-shorts-iii-long/?attribute_pa_color=dark-purple-white&attribute_pa_size=sml","5059526499961","1793685","1793677","2026-09-11T12:08:04.173Z"
"Rapha Men’s Pro Team Bib Shorts III – Regular","Rapha","","","","Clothing","Bib shorts","Men's","Unspecified","2XL","clothing:2xl","XXL","Color: Port/White, Size: XXL","port-white","199","350","https://bikecloset.com/product/mens-pro-team-bib-shorts-iii-regular/?attribute_pa_color=port-white&attribute_pa_size=xxl","5059526477594","1793670","1793599","2026-09-11T12:08:04.173Z"
"Rapha Men’s Pro Team Bib Shorts III – Regular","Rapha","","","","Clothing","Bib shorts","Men's","Unspecified","L","clothing:l","LRG","Color: Port/White, Size: LRG","port-white","199","350","https://bikecloset.com/product/mens-pro-team-bib-shorts-iii-regular/?attribute_pa_color=port-white&attribute_pa_size=lrg","5059526477570","1793663","1793599","2026-09-11T12:08:04.173Z"
"Rapha Men’s Pro Team Bib Shorts III – Regular","Rapha","","","","Clothing","Bib shorts","Men's","Unspecified","M","clothing:m","MED","Color: Port/White, Size: MED","port-white","199","350","https://bikecloset.com/product/mens-pro-team-bib-shorts-iii-regular/?attribute_pa_color=port-white&attribute_pa_size=med","5059526477563","1793656","1793599","2026-09-11T12:08:04.173Z"
"Rapha Men’s Pro Team Bib Shorts III – Regular","Rapha","","","","Clothing","Bib shorts","Men's","Unspecified","XS","clothing:xs","XSM","Color: Port/White, Size: XSM","port-white","199","350","https://bikecloset.com/product/mens-pro-team-bib-shorts-iii-regular/?attribute_pa_color=port-white&attribute_pa_size=xsm","5059526477549","1793642","1793599","2026-09-11T12:08:04.173Z"
"Rapha Men’s Pro Team Bib Shorts III – Regular","Rapha","","","","Clothing","Bib shorts","Men's","Unspecified","2XL","clothing:2xl","XXL","Color: Dark Purple/White, Size: XXL","dark-purple-white","199","350","https://bikecloset.com/product/mens-pro-team-bib-shorts-iii-regular/?attribute_pa_color=dark-purple-white&attribute_pa_size=xxl","5059526499947","1793635","1793599","2026-09-11T12:08:04.173Z"
"Rapha Men’s Pro Team Bib Shorts III – Regular","Rapha","","","","Clothing","Bib shorts","Men's","Unspecified","XL","clothing:xl","XLG","Color: Dark Purple/White, Size: XLG","dark-purple-white","199","350","https://bikecloset.com/product/mens-pro-team-bib-shorts-iii-regular/?attribute_pa_color=dark-purple-white&attribute_pa_size=xlg","5059526499930","1793628","1793599","2026-09-11T12:08:04.173Z"
"Rapha Men’s Pro Team Bib Shorts III – Regular","Rapha","","","","Clothing","Bib shorts","Men's","Unspecified","L","clothing:l","LRG","Color: Dark Purple/White, Size: LRG","dark-purple-white","199","350","https://bikecloset.com/product/mens-pro-team-bib-shorts-iii-regular/?attribute_pa_color=dark-purple-white&attribute_pa_size=lrg","5059526499923","1793621","1793599","2026-09-11T12:08:04.173Z"
"Rapha Men’s Pro Team Bib Shorts III – Regular","Rapha","","","","Clothing","Bib shorts","Men's","Unspecified","M","clothing:m","MED","Color: Dark Purple/White, Size: MED","dark-purple-white","199","350","https://bikecloset.com/product/mens-pro-team-bib-shorts-iii-regular/?attribute_pa_color=dark-purple-white&attribute_pa_size=med","5059526499916","1793614","1793599","2026-09-11T12:08:04.173Z"
"Boyd 55 Road Disc SL Wheelset Tubeless Ready Hooked","Boyd","","","","Wheels & tires","Wheelsets","","","","","","Freehub: Shimano","","2100","2100","https://bikecloset.com/product/boyd-55-road-disc-sl-wheelset-tubeless-ready-hooked/?attribute_freehub=Shimano","","1793344","1793342","2026-09-11T12:08:04.173Z"
"Boyd 55 Road Disc SL Wheelset Tubeless Ready Hooked","Boyd","","","","Wheels & tires","Wheelsets","","","","","","Freehub: XDR","","2100","2100","https://bikecloset.com/product/boyd-55-road-disc-sl-wheelset-tubeless-ready-hooked/?attribute_freehub=XDR","","1793343","1793342","2026-09-11T12:08:04.173Z"
"Look 765 GRAVEL RS Disc Frameset","Look","","","","Components","Framesets","","","XL","framesets:xl","XL","Color: METALLIC HOPE GREEN SATIN, Size: XL","metallic-hope-green-satin","1299","3500","https://bikecloset.com/product/765-gravel/?attribute_pa_color=metallic-hope-green-satin&attribute_pa_size=xl","3611720206497","1792750","1775295","2026-09-11T12:08:04.173Z"
"Poc Ventral Air MIPS","POC","","","","Footwear & protection","Helmets","","","L","helmets:l","LRG","Color: Bronzite Brown Matt/Lazurite Blue Matt, Size: LRG","bronzite-brown-matt-lazurite-blue-matt","149","290","https://bikecloset.com/product/ventral-air-mips-cpsc-ventral-air-mips-cpsc/?attribute_pa_color=bronzite-brown-matt-lazurite-blue-matt&attribute_pa_size=lrg","7325549791992","1792696","1792687","2026-09-11T12:08:04.173Z"
"Poc Ventral Air MIPS","POC","","","","Footwear & protection","Helmets","","","M","helmets:m","MED","Color: Bronzite Brown Matt/Lazurite Blue Matt, Size: MED","bronzite-brown-matt-lazurite-blue-matt","149","290","https://bikecloset.com/product/ventral-air-mips-cpsc-ventral-air-mips-cpsc/?attribute_pa_color=bronzite-brown-matt-lazurite-blue-matt&attribute_pa_size=med","7325549792609","1792695","1792687","2026-09-11T12:08:04.173Z"
"Poc Ventral Air MIPS","POC","","","","Footwear & protection","Helmets","","","S","helmets:s","SML","Color: Bronzite Brown Matt/Lazurite Blue Matt, Size: SML","bronzite-brown-matt-lazurite-blue-matt","149","290","https://bikecloset.com/product/ventral-air-mips-cpsc-ventral-air-mips-cpsc/?attribute_pa_color=bronzite-brown-matt-lazurite-blue-matt&attribute_pa_size=sml","7325549792616","1792694","1792687","2026-09-11T12:08:04.173Z"
"Poc Ventral Air MIPS","POC","","","","Footwear & protection","Helmets","","","L","helmets:l","LRG","Color: Pargasite Green Matt, Size: LRG","pargasite-green-matt","149","290","https://bikecloset.com/product/ventral-air-mips-cpsc-ventral-air-mips-cpsc/?attribute_pa_color=pargasite-green-matt&attribute_pa_size=lrg","7325549831100","1792693","1792687","2026-09-11T12:08:04.173Z"
"Poc Ventral Air MIPS","POC","","","","Footwear & protection","Helmets","","","S","helmets:s","SML","Color: Prismane Red Matt, Size: SML","prismane-red-matt","149","290","https://bikecloset.com/product/ventral-air-mips-cpsc-ventral-air-mips-cpsc/?attribute_pa_color=prismane-red-matt&attribute_pa_size=sml","7325549831001","1792688","1792687","2026-09-11T12:08:04.173Z"
"Poc Procen Air","POC","","","","Footwear & protection","Helmets","","","S","helmets:s","SML","Color: Pargasite Green Matt, Size: SML","pargasite-green-matt","234.99","470","https://bikecloset.com/product/procen-air-cpsc-procen-air-cpsc/?attribute_pa_color=pargasite-green-matt&attribute_pa_size=sml","7325549836129","1792681","1792680","2026-09-11T12:08:04.173Z"
"Poc Essential Enduro Shorts","POC","","","","Clothing","Shorts","Unspecified","Mountain / trail","XS","clothing:xs","XSM","Color: Sylvanite Grey, Size: XSM","sylvanite-grey","49.99","120","https://bikecloset.com/product/essential-enduro-shorts-essential-enduro-shorts/?attribute_pa_color=sylvanite-grey&attribute_pa_size=xsm","7325549972261","1792675","1792674","2026-09-11T12:08:04.173Z"
"Poc Ventral Air MIPS","POC","","","","Footwear & protection","Helmets","","","M","helmets:m","MED","Color: Pargasite Green Matt, Size: MED","pargasite-green-matt","149","290","https://bikecloset.com/product/ventral-air-mips-cpsc-ventral-air-mips-cpsc/?attribute_pa_color=pargasite-green-matt&attribute_pa_size=med","7325549831117","1792692","1792687","2026-09-11T12:08:04.173Z"
"Poc Ventral Air MIPS","POC","","","","Footwear & protection","Helmets","","","S","helmets:s","SML","Color: Pargasite Green Matt, Size: SML","pargasite-green-matt","149","290","https://bikecloset.com/product/ventral-air-mips-cpsc-ventral-air-mips-cpsc/?attribute_pa_color=pargasite-green-matt&attribute_pa_size=sml","7325549831124","1792691","1792687","2026-09-11T12:08:04.173Z"
"Poc Ventral Air MIPS","POC","","","","Footwear & protection","Helmets","","","L","helmets:l","LRG","Color: Prismane Red Matt, Size: LRG","prismane-red-matt","149","290","https://bikecloset.com/product/ventral-air-mips-cpsc-ventral-air-mips-cpsc/?attribute_pa_color=prismane-red-matt&attribute_pa_size=lrg","7325549830691","1792690","1792687","2026-09-11T12:08:04.173Z"
"Poc Ventral Air MIPS","POC","","","","Footwear & protection","Helmets","","","M","helmets:m","MED","Color: Prismane Red Matt, Size: MED","prismane-red-matt","149","290","https://bikecloset.com/product/ventral-air-mips-cpsc-ventral-air-mips-cpsc/?attribute_pa_color=prismane-red-matt&attribute_pa_size=med","7325549830790","1792689","1792687","2026-09-11T12:08:04.173Z"
"Poc Procen Air","POC","","","","Footwear & protection","Helmets","","","L","helmets:l","LRG","Color: Apatite Navy Matt, Size: LRG","apatite-navy-matt","234.99","470","https://bikecloset.com/product/procen-air-cpsc-procen-air-cpsc/?attribute_pa_color=apatite-navy-matt&attribute_pa_size=lrg","7325549836136","1792686","1792680","2026-09-11T12:08:04.173Z"
"Poc Procen Air","POC","","","","Footwear & protection","Helmets","","","M","helmets:m","MED","Color: Apatite Navy Matt, Size: MED","apatite-navy-matt","234.99","470","https://bikecloset.com/product/procen-air-cpsc-procen-air-cpsc/?attribute_pa_color=apatite-navy-matt&attribute_pa_size=med","7325549836211","1792685","1792680","2026-09-11T12:08:04.173Z"
"Poc Procen Air","POC","","","","Footwear & protection","Helmets","","","S","helmets:s","SML","Color: Apatite Navy Matt, Size: SML","apatite-navy-matt","234.99","470","https://bikecloset.com/product/procen-air-cpsc-procen-air-cpsc/?attribute_pa_color=apatite-navy-matt&attribute_pa_size=sml","7325549836228","1792684","1792680","2026-09-11T12:08:04.173Z"
"Poc Procen Air","POC","","","","Footwear & protection","Helmets","","","L","helmets:l","LRG","Color: Pargasite Green Matt, Size: LRG","pargasite-green-matt","234.99","470","https://bikecloset.com/product/procen-air-cpsc-procen-air-cpsc/?attribute_pa_color=pargasite-green-matt&attribute_pa_size=lrg","7325549836105","1792683","1792680","2026-09-11T12:08:04.173Z"
"Poc Procen Air","POC","","","","Footwear & protection","Helmets","","","M","helmets:m","MED","Color: Pargasite Green Matt, Size: MED","pargasite-green-matt","234.99","470","https://bikecloset.com/product/procen-air-cpsc-procen-air-cpsc/?attribute_pa_color=pargasite-green-matt&attribute_pa_size=med","7325549836112","1792682","1792680","2026-09-11T12:08:04.173Z"
"Poc Essential Enduro Shorts","POC","","","","Clothing","Shorts","Unspecified","Mountain / trail","XL","clothing:xl","XLG","Color: Sylvanite Grey, Size: XLG","sylvanite-grey","49.99","120","https://bikecloset.com/product/essential-enduro-shorts-essential-enduro-shorts/?attribute_pa_color=sylvanite-grey&attribute_pa_size=xlg","7325549972254","1792679","1792674","2026-09-11T12:08:04.173Z"
"Poc Essential Enduro Shorts","POC","","","","Clothing","Shorts","Unspecified","Mountain / trail","L","clothing:l","LRG","Color: Sylvanite Grey, Size: LRG","sylvanite-grey","49.99","120","https://bikecloset.com/product/essential-enduro-shorts-essential-enduro-shorts/?attribute_pa_color=sylvanite-grey&attribute_pa_size=lrg","7325549972155","1792678","1792674","2026-09-11T12:08:04.173Z"
"Poc Essential Enduro Shorts","POC","","","","Clothing","Shorts","Unspecified","Mountain / trail","M","clothing:m","MED","Color: Sylvanite Grey, Size: MED","sylvanite-grey","49.99","120","https://bikecloset.com/product/essential-enduro-shorts-essential-enduro-shorts/?attribute_pa_color=sylvanite-grey&attribute_pa_size=med","7325549972162","1792677","1792674","2026-09-11T12:08:04.173Z"
"Poc Essential Enduro Shorts","POC","","","","Clothing","Shorts","Unspecified","Mountain / trail","S","clothing:s","SML","Color: Sylvanite Grey, Size: SML","sylvanite-grey","49.99","120","https://bikecloset.com/product/essential-enduro-shorts-essential-enduro-shorts/?attribute_pa_color=sylvanite-grey&attribute_pa_size=sml","7325549972247","1792676","1792674","2026-09-11T12:08:04.173Z"
"Time ADH Rim Brake Frameset","Time","","","","Components","Framesets","","","XS","framesets:xs","XS","Color: V21 Gloss Black/White Graphic, Size: XS","v21-gloss-black-white-graphic","1499","4000","https://bikecloset.com/product/time-adh-rim-brake-frameset/?attribute_pa_color=v21-gloss-black-white-graphic&attribute_pa_size=xs","","1791566","1791546","2026-09-11T12:08:04.173Z"
"Time ADH Rim Brake Frameset","Time","","","","Components","Framesets","","","S","framesets:s","S","Color: V21 Gloss Black/White Graphic, Size: S","v21-gloss-black-white-graphic","1499","4000","https://bikecloset.com/product/time-adh-rim-brake-frameset/?attribute_pa_color=v21-gloss-black-white-graphic&attribute_pa_size=s","","1791564","1791546","2026-09-11T12:08:04.173Z"
"Time ADH Rim Brake Frameset","Time","","","","Components","Framesets","","","M","framesets:m","M","Color: V21 Gloss Black/White Graphic, Size: M","v21-gloss-black-white-graphic","1499","4000","https://bikecloset.com/product/time-adh-rim-brake-frameset/?attribute_pa_color=v21-gloss-black-white-graphic&attribute_pa_size=m","","1791563","1791546","2026-09-11T12:08:04.173Z"
"Time ADH Rim Brake Frameset","Time","","","","Components","Framesets","","","L","framesets:l","L","Color: V21 Gloss Black/White Graphic, Size: L","v21-gloss-black-white-graphic","1499","4000","https://bikecloset.com/product/time-adh-rim-brake-frameset/?attribute_pa_color=v21-gloss-black-white-graphic&attribute_pa_size=l","","1791562","1791546","2026-09-11T12:08:04.173Z"
"Time ADH Rim Brake Frameset","Time","","","","Components","Framesets","","","XS","framesets:xs","XS","Color: V16 Gloss Cobalt, Size: XS","v16-gloss-cobalt","1499","4000","https://bikecloset.com/product/time-adh-rim-brake-frameset/?attribute_pa_color=v16-gloss-cobalt&attribute_pa_size=xs","","1791561","1791546","2026-09-11T12:08:04.173Z"
"Time ADH Rim Brake Frameset","Time","","","","Components","Framesets","","","S","framesets:s","S","Color: V16 Gloss Cobalt, Size: S","v16-gloss-cobalt","1499","4000","https://bikecloset.com/product/time-adh-rim-brake-frameset/?attribute_pa_color=v16-gloss-cobalt&attribute_pa_size=s","","1791559","1791546","2026-09-11T12:08:04.173Z"
"Time ADH Rim Brake Frameset","Time","","","","Components","Framesets","","","M","framesets:m","M","Color: V16 Gloss Cobalt, Size: M","v16-gloss-cobalt","1499","4000","https://bikecloset.com/product/time-adh-rim-brake-frameset/?attribute_pa_color=v16-gloss-cobalt&attribute_pa_size=m","","1791558","1791546","2026-09-11T12:08:04.173Z"
"Time ADH Rim Brake Frameset","Time","","","","Components","Framesets","","","L","framesets:l","L","Color: V16 Gloss Cobalt, Size: L","v16-gloss-cobalt","1499","4000","https://bikecloset.com/product/time-adh-rim-brake-frameset/?attribute_pa_color=v16-gloss-cobalt&attribute_pa_size=l","","1791557","1791546","2026-09-11T12:08:04.173Z"
"Q36.5 Ultralong Socks Green","Q36.5","","","","Clothing","Socks","Unspecified","Unspecified","36-39","socks:36-39","36-39","Size: 36-39","","14.99","26","https://bikecloset.com/product/ultralong-socks-green/?attribute_pa_size=36-39","805698904261","1791499","1791498","2026-09-11T12:08:04.173Z"
"Q36.5 Dottore PRO Bib Shorts Black","Q36.5","","","","Clothing","Bib shorts","Unspecified","Unspecified","S","clothing:s","S","Size: S","","340","340","https://bikecloset.com/product/dottore-pro-bib-shorts-black/?attribute_pa_size=s","805698410601","1791495","1791494","2026-09-11T12:08:04.173Z"
"Q36.5 Dottore Clima Signature Bib Shorts Gravel Grey","Q36.5","","","","Clothing","Bib shorts","Unspecified","Unspecified","S","clothing:s","S","Size: S","","400","400","https://bikecloset.com/product/dottore-clima-signature-bib-shorts-gravel-grey/?attribute_pa_size=s","803173250131","1791491","1791490","2026-09-11T12:08:04.173Z"
"Q36.5 Ultralong Socks Green","Q36.5","","","","Clothing","Socks","Unspecified","Unspecified","44-47","socks:44-47","44-47","Size: 44-47","","14.99","26","https://bikecloset.com/product/ultralong-socks-green/?attribute_pa_size=44-47","805698904285","1791501","1791498","2026-09-11T12:08:04.173Z"
"Q36.5 Ultralong Socks Green","Q36.5","","","","Clothing","Socks","Unspecified","Unspecified","40-43","socks:40-43","40-43","Size: 40-43","","14.99","26","https://bikecloset.com/product/ultralong-socks-green/?attribute_pa_size=40-43","805698904278","1791500","1791498","2026-09-11T12:08:04.173Z"
"Q36.5 Dottore PRO Bib Shorts Black","Q36.5","","","","Clothing","Bib shorts","Unspecified","Unspecified","L","clothing:l","L","Size: L","","340","340","https://bikecloset.com/product/dottore-pro-bib-shorts-black/?attribute_pa_size=l","805698410595","1791497","1791494","2026-09-11T12:08:04.173Z"
"Q36.5 Dottore PRO Bib Shorts Black","Q36.5","","","","Clothing","Bib shorts","Unspecified","Unspecified","M","clothing:m","M","Size: M","","340","340","https://bikecloset.com/product/dottore-pro-bib-shorts-black/?attribute_pa_size=m","805698410588","1791496","1791494","2026-09-11T12:08:04.173Z"
"Q36.5 Dottore Clima Signature Bib Shorts Gravel Grey","Q36.5","","","","Clothing","Bib shorts","Unspecified","Unspecified","L","clothing:l","L","Size: L","","400","400","https://bikecloset.com/product/dottore-clima-signature-bib-shorts-gravel-grey/?attribute_pa_size=l","803173250155","1791493","1791490","2026-09-11T12:08:04.173Z"
"Q36.5 Dottore Clima Signature Bib Shorts Gravel Grey","Q36.5","","","","Clothing","Bib shorts","Unspecified","Unspecified","M","clothing:m","M","Size: M","","400","400","https://bikecloset.com/product/dottore-clima-signature-bib-shorts-gravel-grey/?attribute_pa_size=m","803173250148","1791492","1791490","2026-09-11T12:08:04.173Z"
"Q36.5 Gregarius Pro Nibali Ocean Jersey Black","Q36.5","","","","Clothing","Jerseys","Unspecified","Unspecified","M","clothing:m","M","Size: M","","133","190","https://bikecloset.com/product/gregarius-pro-nibali-ocean-jersey-black/?attribute_pa_size=m","805698415316","1791489","1791487","2026-09-11T12:08:04.173Z"
"Q36.5 Gregarius Pro Nibali Ocean Jersey Black","Q36.5","","","","Clothing","Jerseys","Unspecified","Unspecified","L","clothing:l","L","Size: L","","133","190","https://bikecloset.com/product/gregarius-pro-nibali-ocean-jersey-black/?attribute_pa_size=l","805698415323","1791488","1791487","2026-09-11T12:08:04.173Z"
"Q36.5 Gregarius Pro Big Logo Jersey White","Q36.5","","","","Clothing","Jerseys","Unspecified","Unspecified","L","clothing:l","L","Size: L","","133","190","https://bikecloset.com/product/gregarius-pro-big-logo-jersey-white/?attribute_pa_size=l","803173252159","1791481","1791480","2026-09-11T12:08:04.173Z"
"Q36.5 Dottore PRO Jersey Brownie Brown","Q36.5","","","","Clothing","Jerseys","Unspecified","Unspecified","XS","clothing:xs","XS","Size: XS","","168","240","https://bikecloset.com/product/dottore-pro-jersey-brownie-brown/?attribute_pa_size=xs","803173232427","1791476","1791475","2026-09-11T12:08:04.173Z"
"Q36.5 Gregarius Clima Weathermap Jersey White","Q36.5","","","","Clothing","Jerseys","Unspecified","Unspecified","XL","clothing:xl","XL","Size: XL","","133","190","https://bikecloset.com/product/gregarius-clima-weathermap-jersey-white/?attribute_pa_size=xl","803173247872","1791466","1791465","2026-09-11T12:08:04.173Z"
"Q36.5 Gregarius Clima Dolomites Extreme Jersey Tangerine Red","Q36.5","","","","Clothing","Jerseys","Unspecified","Unspecified","L","clothing:l","L","Size: L","","133","190","https://bikecloset.com/product/gregarius-clima-dolomites-extreme-jersey-tangerine-red/?attribute_pa_size=l","803173237880","1791463","1791462","2026-09-11T12:08:04.173Z"
"Q36.5 Gregarius Pro Big Logo Jersey White","Q36.5","","","","Clothing","Jerseys","Unspecified","Unspecified","2XL","clothing:2xl","XXL","Size: XXL","","133","190","https://bikecloset.com/product/gregarius-pro-big-logo-jersey-white/?attribute_pa_size=xxl","803173252173","1791486","1791480","2026-09-11T12:08:04.173Z"
"Q36.5 Gregarius Pro Big Logo Jersey White","Q36.5","","","","Clothing","Jerseys","Unspecified","Unspecified","XL","clothing:xl","XL","Size: XL","","133","190","https://bikecloset.com/product/gregarius-pro-big-logo-jersey-white/?attribute_pa_size=xl","803173252166","1791485","1791480","2026-09-11T12:08:04.173Z"
"Q36.5 Gregarius Pro Big Logo Jersey White","Q36.5","","","","Clothing","Jerseys","Unspecified","Unspecified","XXS","clothing:xxs","XXS","Size: XXS","","133","190","https://bikecloset.com/product/gregarius-pro-big-logo-jersey-white/?attribute_pa_size=xxs","804470008029","1791484","1791480","2026-09-11T12:08:04.173Z"
"Q36.5 Gregarius Pro Big Logo Jersey White","Q36.5","","","","Clothing","Jerseys","Unspecified","Unspecified","XS","clothing:xs","XS","Size: XS","","133","190","https://bikecloset.com/product/gregarius-pro-big-logo-jersey-white/?attribute_pa_size=xs","803173252128","1791483","1791480","2026-09-11T12:08:04.173Z"
"Q36.5 Gregarius Pro Big Logo Jersey White","Q36.5","","","","Clothing","Jerseys","Unspecified","Unspecified","S","clothing:s","S","Size: S","","133","190","https://bikecloset.com/product/gregarius-pro-big-logo-jersey-white/?attribute_pa_size=s","803173252135","1791482","1791480","2026-09-11T12:08:04.173Z"
"Q36.5 Dottore PRO Jersey Brownie Brown","Q36.5","","","","Clothing","Jerseys","Unspecified","Unspecified","S","clothing:s","S","Size: S","","168","240","https://bikecloset.com/product/dottore-pro-jersey-brownie-brown/?attribute_pa_size=s","803173232434","1791479","1791475","2026-09-11T12:08:04.173Z"
"Q36.5 Dottore PRO Jersey Brownie Brown","Q36.5","","","","Clothing","Jerseys","Unspecified","Unspecified","M","clothing:m","M","Size: M","","168","240","https://bikecloset.com/product/dottore-pro-jersey-brownie-brown/?attribute_pa_size=m","803173232441","1791478","1791475","2026-09-11T12:08:04.173Z"
"Q36.5 Dottore PRO Jersey Brownie Brown","Q36.5","","","","Clothing","Jerseys","Unspecified","Unspecified","2XL","clothing:2xl","XXL","Size: XXL","","168","240","https://bikecloset.com/product/dottore-pro-jersey-brownie-brown/?attribute_pa_size=xxl","803173232472","1791477","1791475","2026-09-11T12:08:04.173Z"
"Q36.5 Gregarius Clima Weathermap Jersey White","Q36.5","","","","Clothing","Jerseys","Unspecified","Unspecified","2XL","clothing:2xl","XXL","Size: XXL","","133","190","https://bikecloset.com/product/gregarius-clima-weathermap-jersey-white/?attribute_pa_size=xxl","803173247889","1791472","1791465","2026-09-11T12:08:04.173Z"
"Q36.5 Gregarius Clima Weathermap Jersey White","Q36.5","","","","Clothing","Jerseys","Unspecified","Unspecified","L","clothing:l","L","Size: L","","133","190","https://bikecloset.com/product/gregarius-clima-weathermap-jersey-white/?attribute_pa_size=l","803173247865","1791471","1791465","2026-09-11T12:08:04.173Z"
"Q36.5 Gregarius Clima Weathermap Jersey White","Q36.5","","","","Clothing","Jerseys","Unspecified","Unspecified","XS","clothing:xs","XS","Size: XS","","133","190","https://bikecloset.com/product/gregarius-clima-weathermap-jersey-white/?attribute_pa_size=xs","803173247834","1791470","1791465","2026-09-11T12:08:04.173Z"
"Q36.5 Gregarius Clima Weathermap Jersey White","Q36.5","","","","Clothing","Jerseys","Unspecified","Unspecified","S","clothing:s","S","Size: S","","133","190","https://bikecloset.com/product/gregarius-clima-weathermap-jersey-white/?attribute_pa_size=s","803173247841","1791469","1791465","2026-09-11T12:08:04.173Z"
"Q36.5 Gregarius Clima Weathermap Jersey White","Q36.5","","","","Clothing","Jerseys","Unspecified","Unspecified","XXS","clothing:xxs","XXS","Size: XXS","","133","190","https://bikecloset.com/product/gregarius-clima-weathermap-jersey-white/?attribute_pa_size=xxs","804470006117","1791468","1791465","2026-09-11T12:08:04.173Z"
"Q36.5 Gregarius Clima Weathermap Jersey White","Q36.5","","","","Clothing","Jerseys","Unspecified","Unspecified","M","clothing:m","M","Size: M","","133","190","https://bikecloset.com/product/gregarius-clima-weathermap-jersey-white/?attribute_pa_size=m","803173247858","1791467","1791465","2026-09-11T12:08:04.173Z"
"Q36.5 Gregarius Clima Dolomites Extreme Jersey Tangerine Red","Q36.5","","","","Clothing","Jerseys","Unspecified","Unspecified","2XL","clothing:2xl","XXL","Size: XXL","","133","190","https://bikecloset.com/product/gregarius-clima-dolomites-extreme-jersey-tangerine-red/?attribute_pa_size=xxl","803173237903","1791464","1791462","2026-09-11T12:08:04.173Z"
"Q36.5 Gregarius Clima Weathermap Jersey Black","Q36.5","","","","Clothing","Jerseys","Unspecified","Unspecified","XS","clothing:xs","XS","Size: XS","","133","190","https://bikecloset.com/product/gregarius-clima-weathermap-jersey-black/?attribute_pa_size=xs","803173247902","1791455","1791454","2026-09-11T12:08:04.173Z"
"Q36.5 Gregarius Pro Made in Italy Jersey Blue Made In Italy","Q36.5","","","","Clothing","Jerseys","Unspecified","Unspecified","M","clothing:m","M","Size: M","","133","190","https://bikecloset.com/product/gregarius-pro-made-in-italy-jersey-blue-made-in-italy/?attribute_pa_size=m","805698423670","1791448","1791447","2026-09-11T12:08:04.173Z"
"Q36.5 Gregarius Pro Nibali Shark Bib Shorts Black","Q36.5","","","","Clothing","Bib shorts","Unspecified","Unspecified","M","clothing:m","M","Size: M","","189","270","https://bikecloset.com/product/gregarius-pro-nibali-shark-bib-shorts-black/?attribute_pa_size=m","805698410960","1791444","1791443","2026-09-11T12:08:04.173Z"
"Q36.5 Gregarius Clima Weathermap Jersey Black","Q36.5","","","","Clothing","Jerseys","Unspecified","Unspecified","M","clothing:m","M","Size: M","","133","190","https://bikecloset.com/product/gregarius-clima-weathermap-jersey-black/?attribute_pa_size=m","803173247926","1791461","1791454","2026-09-11T12:08:04.173Z"
"Q36.5 Gregarius Clima Weathermap Jersey Black","Q36.5","","","","Clothing","Jerseys","Unspecified","Unspecified","XXS","clothing:xxs","XXS","Size: XXS","","133","190","https://bikecloset.com/product/gregarius-clima-weathermap-jersey-black/?attribute_pa_size=xxs","804470006124","1791460","1791454","2026-09-11T12:08:04.173Z"
"Q36.5 Gregarius Clima Weathermap Jersey Black","Q36.5","","","","Clothing","Jerseys","Unspecified","Unspecified","L","clothing:l","L","Size: L","","133","190","https://bikecloset.com/product/gregarius-clima-weathermap-jersey-black/?attribute_pa_size=l","803173247933","1791459","1791454","2026-09-11T12:08:04.173Z"
"Q36.5 Gregarius Clima Weathermap Jersey Black","Q36.5","","","","Clothing","Jerseys","Unspecified","Unspecified","XL","clothing:xl","XL","Size: XL","","133","190","https://bikecloset.com/product/gregarius-clima-weathermap-jersey-black/?attribute_pa_size=xl","803173247940","1791458","1791454","2026-09-11T12:08:04.173Z"
"Q36.5 Gregarius Clima Weathermap Jersey Black","Q36.5","","","","Clothing","Jerseys","Unspecified","Unspecified","2XL","clothing:2xl","XXL","Size: XXL","","133","190","https://bikecloset.com/product/gregarius-clima-weathermap-jersey-black/?attribute_pa_size=xxl","803173247957","1791457","1791454","2026-09-11T12:08:04.173Z"
"Q36.5 Gregarius Clima Weathermap Jersey Black","Q36.5","","","","Clothing","Jerseys","Unspecified","Unspecified","S","clothing:s","S","Size: S","","133","190","https://bikecloset.com/product/gregarius-clima-weathermap-jersey-black/?attribute_pa_size=s","803173247919","1791456","1791454","2026-09-11T12:08:04.173Z"
"Q36.5 Gregarius Pro Made in Italy Jersey Blue Made In Italy","Q36.5","","","","Clothing","Jerseys","Unspecified","Unspecified","S","clothing:s","S","Size: S","","133","190","https://bikecloset.com/product/gregarius-pro-made-in-italy-jersey-blue-made-in-italy/?attribute_pa_size=s","805698423663","1791453","1791447","2026-09-11T12:08:04.173Z"
"Q36.5 Gregarius Pro Made in Italy Jersey Blue Made In Italy","Q36.5","","","","Clothing","Jerseys","Unspecified","Unspecified","L","clothing:l","L","Size: L","","133","190","https://bikecloset.com/product/gregarius-pro-made-in-italy-jersey-blue-made-in-italy/?attribute_pa_size=l","805698423687","1791452","1791447","2026-09-11T12:08:04.173Z"
"Q36.5 Gregarius Pro Made in Italy Jersey Blue Made In Italy","Q36.5","","","","Clothing","Jerseys","Unspecified","Unspecified","XS","clothing:xs","XS","Size: XS","","133","190","https://bikecloset.com/product/gregarius-pro-made-in-italy-jersey-blue-made-in-italy/?attribute_pa_size=xs","805698423656","1791451","1791447","2026-09-11T12:08:04.173Z"
"Q36.5 Gregarius Pro Made in Italy Jersey Blue Made In Italy","Q36.5","","","","Clothing","Jerseys","Unspecified","Unspecified","XL","clothing:xl","XL","Size: XL","","133","190","https://bikecloset.com/product/gregarius-pro-made-in-italy-jersey-blue-made-in-italy/?attribute_pa_size=xl","805698423694","1791450","1791447","2026-09-11T12:08:04.173Z"
"Q36.5 Gregarius Pro Made in Italy Jersey Blue Made In Italy","Q36.5","","","","Clothing","Jerseys","Unspecified","Unspecified","2XL","clothing:2xl","XXL","Size: XXL","","133","190","https://bikecloset.com/product/gregarius-pro-made-in-italy-jersey-blue-made-in-italy/?attribute_pa_size=xxl","805698423700","1791449","1791447","2026-09-11T12:08:04.173Z"
"Q36.5 Gregarius Clima Dolomites Extreme Jersey Black","Q36.5","","","","Clothing","Jerseys","Unspecified","Unspecified","L","clothing:l","L","Size: L","","133","190","https://bikecloset.com/product/gregarius-clima-dolomites-extreme-jersey-black/?attribute_pa_size=l","803173237958","1791442","1791438","2026-09-11T12:08:04.173Z"
"Q36.5 Gregarius Clima Dolomites Extreme Jersey Black","Q36.5","","","","Clothing","Jerseys","Unspecified","Unspecified","S","clothing:s","S","Size: S","","133","190","https://bikecloset.com/product/gregarius-clima-dolomites-extreme-jersey-black/?attribute_pa_size=s","803173237934","1791441","1791438","2026-09-11T12:08:04.173Z"
"Q36.5 Gregarius Clima Dolomites Extreme Jersey Black","Q36.5","","","","Clothing","Jerseys","Unspecified","Unspecified","XL","clothing:xl","XL","Size: XL","","133","190","https://bikecloset.com/product/gregarius-clima-dolomites-extreme-jersey-black/?attribute_pa_size=xl","803173237965","1791440","1791438","2026-09-11T12:08:04.173Z"
"Q36.5 Gregarius Clima Dolomites Extreme Jersey Black","Q36.5","","","","Clothing","Jerseys","Unspecified","Unspecified","M","clothing:m","M","Size: M","","133","190","https://bikecloset.com/product/gregarius-clima-dolomites-extreme-jersey-black/?attribute_pa_size=m","803173237941","1791439","1791438","2026-09-11T12:08:04.173Z"
"Time ADHX 45 UDH Carbon Disc Frameset V31 Gloss Carbon","Time","","","","Components","Framesets","","","XL","framesets:xl","XL","Color: V31 Gloss Carbon, Size: XL","v31-gloss-carbon","1999","4000","https://bikecloset.com/product/time-adhx-45-udh-carbon-disc-frameset-v31-gloss-carbon/?attribute_pa_color=v31-gloss-carbon&attribute_pa_size=xl","","1791330","1791325","2026-09-11T12:08:04.173Z"
"Time ADHX 45 UDH Carbon Disc Frameset V31 Gloss Carbon","Time","","","","Components","Framesets","","","L","framesets:l","L","Color: V31 Gloss Carbon, Size: L","v31-gloss-carbon","1999","4000","https://bikecloset.com/product/time-adhx-45-udh-carbon-disc-frameset-v31-gloss-carbon/?attribute_pa_color=v31-gloss-carbon&attribute_pa_size=l","","1791329","1791325","2026-09-11T12:08:04.173Z"
"Time ADHX 45 UDH Carbon Disc Frameset V31 Gloss Carbon","Time","","","","Components","Framesets","","","M","framesets:m","M","Color: V31 Gloss Carbon, Size: M","v31-gloss-carbon","1999","4000","https://bikecloset.com/product/time-adhx-45-udh-carbon-disc-frameset-v31-gloss-carbon/?attribute_pa_color=v31-gloss-carbon&attribute_pa_size=m","","1791328","1791325","2026-09-11T12:08:04.173Z"
"Time ADHX 45 UDH Carbon Disc Frameset V31 Gloss Carbon","Time","","","","Components","Framesets","","","S","framesets:s","S","Color: V31 Gloss Carbon, Size: S","v31-gloss-carbon","1999","4000","https://bikecloset.com/product/time-adhx-45-udh-carbon-disc-frameset-v31-gloss-carbon/?attribute_pa_color=v31-gloss-carbon&attribute_pa_size=s","","1791327","1791325","2026-09-11T12:08:04.173Z"
"Time ADHX 45 UDH Carbon Disc Frameset V31 Gloss Carbon","Time","","","","Components","Framesets","","","XS","framesets:xs","XS","Color: V31 Gloss Carbon, Size: XS","v31-gloss-carbon","1999","4000","https://bikecloset.com/product/time-adhx-45-udh-carbon-disc-frameset-v31-gloss-carbon/?attribute_pa_color=v31-gloss-carbon&attribute_pa_size=xs","","1791326","1791325","2026-09-11T12:08:04.173Z"
"Kask Valegro Olive Green","Kask","","","","Footwear & protection","Helmets","","","L","helmets:l","L","Size: L","","149","250","https://bikecloset.com/product/kask-valegro-olive-green/?attribute_size=L","8057099233774","1791319","1791315","2026-09-11T12:08:04.173Z"
"Kask Valegro Olive Green","Kask","","","","Footwear & protection","Helmets","","","M","helmets:m","M","Size: M","","149","250","https://bikecloset.com/product/kask-valegro-olive-green/?attribute_size=M","8057099233767","1791318","1791315","2026-09-11T12:08:04.173Z"
"Kask Valegro Olive Green","Kask","","","","Footwear & protection","Helmets","","","S","helmets:s","S","Size: S","","149","250","https://bikecloset.com/product/kask-valegro-olive-green/?attribute_size=S","8057099233750","1791317","1791315","2026-09-11T12:08:04.173Z"
"Fizik X4 Gravel Terra Powerstrap","Fizik","","","","Footwear & protection","Cycling shoes","","","36","shoes:36","36","Color: Black, Size: 36","black","29.99","169.99","https://bikecloset.com/product/fizik-terra-powerstrap-x4/?attribute_pa_color=black&attribute_pa_size=36","8058364078182","1790405","1726402","2026-09-11T12:08:04.173Z"
"Fizik X4 Gravel Terra Powerstrap","Fizik","","","","Footwear & protection","Cycling shoes","","","37","shoes:37","37","Color: Black, Size: 37","black","29.99","169.99","https://bikecloset.com/product/fizik-terra-powerstrap-x4/?attribute_pa_color=black&attribute_pa_size=37","8058364078199","1790404","1726402","2026-09-11T12:08:04.173Z"
"Fizik Tempo Overcurve R4","Fizik","","","","Footwear & protection","Cycling shoes","","","36","shoes:36","36","Color: Navy Black, Size: 36","navy-black","79","225","https://bikecloset.com/product/fizik-tempo-overcurve-r4-2/?attribute_pa_color=navy-black&attribute_pa_size=36","8058364074825","1790385","1694014","2026-09-11T12:08:04.173Z"
"Fizik Tempo Overcurve R4","Fizik","","","","Footwear & protection","Cycling shoes","","","37","shoes:37","37","Color: Navy Black, Size: 37","navy-black","99","225","https://bikecloset.com/product/fizik-tempo-overcurve-r4-2/?attribute_pa_color=navy-black&attribute_pa_size=37","8058364074832","1790384","1694014","2026-09-11T12:08:04.173Z"
"Fizik Tempo Overcurve R4","Fizik","","","","Footwear & protection","Cycling shoes","","","37.5","shoes:37.5","37.5","Color: Navy Black, Size: 37.5","navy-black","99","225","https://bikecloset.com/product/fizik-tempo-overcurve-r4-2/?attribute_pa_color=navy-black&attribute_pa_size=37-5","8058364074849","1790383","1694014","2026-09-11T12:08:04.173Z"
"Fizik Tempo Overcurve R4","Fizik","","","","Footwear & protection","Cycling shoes","","","39","shoes:39","39","Color: Navy Black, Size: 39","navy-black","99","225","https://bikecloset.com/product/fizik-tempo-overcurve-r4-2/?attribute_pa_color=navy-black&attribute_pa_size=39","8058364074870","1790382","1694014","2026-09-11T12:08:04.173Z"
"Fizik Tempo Overcurve R4","Fizik","","","","Footwear & protection","Cycling shoes","","","39.5","shoes:39.5","39.5","Color: Navy Black, Size: 39.5","navy-black","99","225","https://bikecloset.com/product/fizik-tempo-overcurve-r4-2/?attribute_pa_color=navy-black&attribute_pa_size=39-5","8058364074887","1790381","1694014","2026-09-11T12:08:04.173Z"
"Assos MILLE GT HASHOOGI Winter Jacket S11","Assos","","","","Clothing","Jackets & rain shells","Unspecified","Unspecified","XS","clothing:xs","XS","Color: Foundation Green, Size: XS","foundation-green","229","350","https://bikecloset.com/product/mille-gt-hashoogi-winter-jacket-s11/?attribute_pa_color=foundation-green&attribute_pa_size=xs","7627776029689","1790157","1790143","2026-09-11T12:08:04.173Z"
"Assos MILLE GT HASHOOGI Winter Jacket S11","Assos","","","","Clothing","Jackets & rain shells","Unspecified","Unspecified","ASSOS XLG","clothing:assos xlg","XLG","Color: Foundation Green, Size: XLG","foundation-green","229","350","https://bikecloset.com/product/mille-gt-hashoogi-winter-jacket-s11/?attribute_pa_color=foundation-green&attribute_pa_size=xlg","7627776029672","1790156","1790143","2026-09-11T12:08:04.173Z"
"Assos MILLE GT HASHOOGI Winter Jacket S11","Assos","","","","Clothing","Jackets & rain shells","Unspecified","Unspecified","XL","clothing:xl","XL","Color: Foundation Green, Size: XL","foundation-green","229","350","https://bikecloset.com/product/mille-gt-hashoogi-winter-jacket-s11/?attribute_pa_color=foundation-green&attribute_pa_size=xl","7627776029665","1790155","1790143","2026-09-11T12:08:04.173Z"
"Assos MILLE GT HASHOOGI Winter Jacket S11","Assos","","","","Clothing","Jackets & rain shells","Unspecified","Unspecified","ASSOS TIR","clothing:assos tir","TIR","Color: Foundation Green, Size: TIR","foundation-green","229","350","https://bikecloset.com/product/mille-gt-hashoogi-winter-jacket-s11/?attribute_pa_color=foundation-green&attribute_pa_size=tir","7627776029658","1790154","1790143","2026-09-11T12:08:04.173Z"
"Assos MILLE GT HASHOOGI Winter Jacket S11","Assos","","","","Clothing","Jackets & rain shells","Unspecified","Unspecified","S","clothing:s","S","Color: Foundation Green, Size: S","foundation-green","229","350","https://bikecloset.com/product/mille-gt-hashoogi-winter-jacket-s11/?attribute_pa_color=foundation-green&attribute_pa_size=s","7627776029641","1790153","1790143","2026-09-11T12:08:04.173Z"
"Assos MILLE GT HASHOOGI Winter Jacket S11","Assos","","","","Clothing","Jackets & rain shells","Unspecified","Unspecified","M","clothing:m","M","Color: Foundation Green, Size: M","foundation-green","229","350","https://bikecloset.com/product/mille-gt-hashoogi-winter-jacket-s11/?attribute_pa_color=foundation-green&attribute_pa_size=m","7627776029634","1790152","1790143","2026-09-11T12:08:04.173Z"
"Assos MILLE GT HASHOOGI Winter Jacket S11","Assos","","","","Clothing","Jackets & rain shells","Unspecified","Unspecified","L","clothing:l","L","Color: Dune Sand, Size: L","dune-sand","229","350","https://bikecloset.com/product/mille-gt-hashoogi-winter-jacket-s11/?attribute_pa_color=dune-sand&attribute_pa_size=l","7627776029559","1790144","1790143","2026-09-11T12:08:04.173Z"
"Assos MILLE GT HASHOOGI Winter Jacket S11","Assos","","","","Clothing","Jackets & rain shells","Unspecified","Unspecified","L","clothing:l","L","Color: Foundation Green, Size: L","foundation-green","229","350","https://bikecloset.com/product/mille-gt-hashoogi-winter-jacket-s11/?attribute_pa_color=foundation-green&attribute_pa_size=l","7627776029627","1790151","1790143","2026-09-11T12:08:04.173Z"
"Assos MILLE GT HASHOOGI Winter Jacket S11","Assos","","","","Clothing","Jackets & rain shells","Unspecified","Unspecified","XS","clothing:xs","XS","Color: Dune Sand, Size: XS","dune-sand","229","350","https://bikecloset.com/product/mille-gt-hashoogi-winter-jacket-s11/?attribute_pa_color=dune-sand&attribute_pa_size=xs","7627776029610","1790150","1790143","2026-09-11T12:08:04.173Z"
"Assos MILLE GT HASHOOGI Winter Jacket S11","Assos","","","","Clothing","Jackets & rain shells","Unspecified","Unspecified","ASSOS XLG","clothing:assos xlg","XLG","Color: Dune Sand, Size: XLG","dune-sand","229","350","https://bikecloset.com/product/mille-gt-hashoogi-winter-jacket-s11/?attribute_pa_color=dune-sand&attribute_pa_size=xlg","7627776029603","1790149","1790143","2026-09-11T12:08:04.173Z"
"Assos MILLE GT HASHOOGI Winter Jacket S11","Assos","","","","Clothing","Jackets & rain shells","Unspecified","Unspecified","XL","clothing:xl","XL","Color: Dune Sand, Size: XL","dune-sand","229","350","https://bikecloset.com/product/mille-gt-hashoogi-winter-jacket-s11/?attribute_pa_color=dune-sand&attribute_pa_size=xl","7627776029597","1790148","1790143","2026-09-11T12:08:04.173Z"
"Assos MILLE GT HASHOOGI Winter Jacket S11","Assos","","","","Clothing","Jackets & rain shells","Unspecified","Unspecified","ASSOS TIR","clothing:assos tir","TIR","Color: Dune Sand, Size: TIR","dune-sand","229","350","https://bikecloset.com/product/mille-gt-hashoogi-winter-jacket-s11/?attribute_pa_color=dune-sand&attribute_pa_size=tir","7627776029580","1790147","1790143","2026-09-11T12:08:04.173Z"
"Assos MILLE GT HASHOOGI Winter Jacket S11","Assos","","","","Clothing","Jackets & rain shells","Unspecified","Unspecified","S","clothing:s","S","Color: Dune Sand, Size: S","dune-sand","229","350","https://bikecloset.com/product/mille-gt-hashoogi-winter-jacket-s11/?attribute_pa_color=dune-sand&attribute_pa_size=s","7627776029573","1790146","1790143","2026-09-11T12:08:04.173Z"
"Assos MILLE GT HASHOOGI Winter Jacket S11","Assos","","","","Clothing","Jackets & rain shells","Unspecified","Unspecified","M","clothing:m","M","Color: Dune Sand, Size: M","dune-sand","229","350","https://bikecloset.com/product/mille-gt-hashoogi-winter-jacket-s11/?attribute_pa_color=dune-sand&attribute_pa_size=m","7627776029566","1790145","1790143","2026-09-11T12:08:04.173Z"
"Assos MILLE GT Spring Fall Jersey C2","Assos","","","","Clothing","Jerseys","Unspecified","Unspecified","XS","clothing:xs","XS","Color: Foundation Green, Size: XS","foundation-green","149","220","https://bikecloset.com/product/mille-gt-spring-fall-jersey-c2/?attribute_pa_color=foundation-green&attribute_pa_size=xs","7627776029542","1790142","1790110","2026-09-11T12:08:04.173Z"
"Assos MILLE GT Spring Fall Jersey C2","Assos","","","","Clothing","Jerseys","Unspecified","Unspecified","ASSOS XLG","clothing:assos xlg","XLG","Color: Foundation Green, Size: XLG","foundation-green","149","220","https://bikecloset.com/product/mille-gt-spring-fall-jersey-c2/?attribute_pa_color=foundation-green&attribute_pa_size=xlg","7627776029535","1790141","1790110","2026-09-11T12:08:04.173Z"
"Assos MILLE GT Spring Fall Jersey C2","Assos","","","","Clothing","Jerseys","Unspecified","Unspecified","S","clothing:s","S","Color: Foundation Green, Size: S","foundation-green","149","220","https://bikecloset.com/product/mille-gt-spring-fall-jersey-c2/?attribute_pa_color=foundation-green&attribute_pa_size=s","7627776029504","1790140","1790110","2026-09-11T12:08:04.173Z"
"Assos MILLE GT Spring Fall Jersey C2","Assos","","","","Clothing","Jerseys","Unspecified","Unspecified","M","clothing:m","M","Color: Foundation Green, Size: M","foundation-green","149","220","https://bikecloset.com/product/mille-gt-spring-fall-jersey-c2/?attribute_pa_color=foundation-green&attribute_pa_size=m","7627776029498","1790139","1790110","2026-09-11T12:08:04.173Z"
"Assos MILLE GT Spring Fall Jersey C2","Assos","","","","Clothing","Jerseys","Unspecified","Unspecified","XS","clothing:xs","XS","Color: Rusty Brown, Size: XS","rusty-brown","149","220","https://bikecloset.com/product/mille-gt-spring-fall-jersey-c2/?attribute_pa_color=rusty-brown&attribute_pa_size=xs","7627776029474","1790138","1790110","2026-09-11T12:08:04.173Z"
"Assos MILLE GT Spring Fall Jersey C2","Assos","","","","Clothing","Jerseys","Unspecified","Unspecified","ASSOS XLG","clothing:assos xlg","XLG","Color: Rusty Brown, Size: XLG","rusty-brown","149","220","https://bikecloset.com/product/mille-gt-spring-fall-jersey-c2/?attribute_pa_color=rusty-brown&attribute_pa_size=xlg","7627776029467","1790137","1790110","2026-09-11T12:08:04.173Z"
"Assos MILLE GT Spring Fall Jersey C2","Assos","","","","Clothing","Jerseys","Unspecified","Unspecified","XL","clothing:xl","XL","Color: Rusty Brown, Size: XL","rusty-brown","149","220","https://bikecloset.com/product/mille-gt-spring-fall-jersey-c2/?attribute_pa_color=rusty-brown&attribute_pa_size=xl","7627776029450","1790136","1790110","2026-09-11T12:08:04.173Z"
"Assos MILLE GT Spring Fall Jersey C2","Assos","","","","Clothing","Jerseys","Unspecified","Unspecified","ASSOS TIR","clothing:assos tir","TIR","Color: Rusty Brown, Size: TIR","rusty-brown","149","220","https://bikecloset.com/product/mille-gt-spring-fall-jersey-c2/?attribute_pa_color=rusty-brown&attribute_pa_size=tir","7627776029443","1790135","1790110","2026-09-11T12:08:04.173Z"
"Assos MILLE GT Spring Fall Jersey C2","Assos","","","","Clothing","Jerseys","Unspecified","Unspecified","S","clothing:s","S","Color: Rusty Brown, Size: S","rusty-brown","149","220","https://bikecloset.com/product/mille-gt-spring-fall-jersey-c2/?attribute_pa_color=rusty-brown&attribute_pa_size=s","7627776029436","1790134","1790110","2026-09-11T12:08:04.173Z"
"Assos MILLE GT Spring Fall Jersey C2","Assos","","","","Clothing","Jerseys","Unspecified","Unspecified","M","clothing:m","M","Color: Rusty Brown, Size: M","rusty-brown","149","220","https://bikecloset.com/product/mille-gt-spring-fall-jersey-c2/?attribute_pa_color=rusty-brown&attribute_pa_size=m","7627776029429","1790133","1790110","2026-09-11T12:08:04.173Z"
"Assos MILLE GT Spring Fall Jersey C2","Assos","","","","Clothing","Jerseys","Unspecified","Unspecified","L","clothing:l","L","Color: Rusty Brown, Size: L","rusty-brown","149","220","https://bikecloset.com/product/mille-gt-spring-fall-jersey-c2/?attribute_pa_color=rusty-brown&attribute_pa_size=l","7627776029412","1790132","1790110","2026-09-11T12:08:04.173Z"
"Assos MILLE GT Spring Fall Jersey C2","Assos","","","","Clothing","Jerseys","Unspecified","Unspecified","XS","clothing:xs","XS","Color: Bronze Ash, Size: XS","bronze-ash","149","220","https://bikecloset.com/product/mille-gt-spring-fall-jersey-c2/?attribute_pa_color=bronze-ash&attribute_pa_size=xs","7627776014388","1790131","1790110","2026-09-11T12:08:04.173Z"
"Assos MILLE GT Spring Fall Jersey C2","Assos","","","","Clothing","Jerseys","Unspecified","Unspecified","L","clothing:l","L","Color: BLACK SERIES, Size: L","black-series","149","220","https://bikecloset.com/product/mille-gt-spring-fall-jersey-c2/?attribute_pa_color=black-series&attribute_pa_size=l","7627776001685","1790111","1790110","2026-09-11T12:08:04.173Z"
"Assos MILLE GT Spring Fall Jersey C2","Assos","","","","Clothing","Jerseys","Unspecified","Unspecified","ASSOS XLG","clothing:assos xlg","XLG","Color: Bronze Ash, Size: XLG","bronze-ash","149","220","https://bikecloset.com/product/mille-gt-spring-fall-jersey-c2/?attribute_pa_color=bronze-ash&attribute_pa_size=xlg","7627776014333","1790130","1790110","2026-09-11T12:08:04.173Z"
"Assos MILLE GT Spring Fall Jersey C2","Assos","","","","Clothing","Jerseys","Unspecified","Unspecified","XL","clothing:xl","XL","Color: Bronze Ash, Size: XL","bronze-ash","149","220","https://bikecloset.com/product/mille-gt-spring-fall-jersey-c2/?attribute_pa_color=bronze-ash&attribute_pa_size=xl","7627776014340","1790129","1790110","2026-09-11T12:08:04.173Z"
"Assos MILLE GT Spring Fall Jersey C2","Assos","","","","Clothing","Jerseys","Unspecified","Unspecified","ASSOS TIR","clothing:assos tir","TIR","Color: Bronze Ash, Size: TIR","bronze-ash","149","220","https://bikecloset.com/product/mille-gt-spring-fall-jersey-c2/?attribute_pa_color=bronze-ash&attribute_pa_size=tir","7627776014326","1790128","1790110","2026-09-11T12:08:04.173Z"
"Assos MILLE GT Spring Fall Jersey C2","Assos","","","","Clothing","Jerseys","Unspecified","Unspecified","S","clothing:s","S","Color: Bronze Ash, Size: S","bronze-ash","149","220","https://bikecloset.com/product/mille-gt-spring-fall-jersey-c2/?attribute_pa_color=bronze-ash&attribute_pa_size=s","7627776014371","1790127","1790110","2026-09-11T12:08:04.173Z"
"Assos MILLE GT Spring Fall Jersey C2","Assos","","","","Clothing","Jerseys","Unspecified","Unspecified","M","clothing:m","M","Color: Bronze Ash, Size: M","bronze-ash","149","220","https://bikecloset.com/product/mille-gt-spring-fall-jersey-c2/?attribute_pa_color=bronze-ash&attribute_pa_size=m","7627776014364","1790126","1790110","2026-09-11T12:08:04.173Z"
"Assos MILLE GT Spring Fall Jersey C2","Assos","","","","Clothing","Jerseys","Unspecified","Unspecified","L","clothing:l","L","Color: Bronze Ash, Size: L","bronze-ash","149","220","https://bikecloset.com/product/mille-gt-spring-fall-jersey-c2/?attribute_pa_color=bronze-ash&attribute_pa_size=l","7627776014357","1790125","1790110","2026-09-11T12:08:04.173Z"
"Assos MILLE GT Spring Fall Jersey C2","Assos","","","","Clothing","Jerseys","Unspecified","Unspecified","XS","clothing:xs","XS","Color: STONE BLUE, Size: XS","stone-blue","149","220","https://bikecloset.com/product/mille-gt-spring-fall-jersey-c2/?attribute_pa_color=stone-blue&attribute_pa_size=xs","7627776001500","1790124","1790110","2026-09-11T12:08:04.173Z"
"Assos MILLE GT Spring Fall Jersey C2","Assos","","","","Clothing","Jerseys","Unspecified","Unspecified","ASSOS XLG","clothing:assos xlg","XLG","Color: STONE BLUE, Size: XLG","stone-blue","149","220","https://bikecloset.com/product/mille-gt-spring-fall-jersey-c2/?attribute_pa_color=stone-blue&attribute_pa_size=xlg","7627776001456","1790123","1790110","2026-09-11T12:08:04.173Z"
"Assos MILLE GT Spring Fall Jersey C2","Assos","","","","Clothing","Jerseys","Unspecified","Unspecified","XL","clothing:xl","XL","Color: STONE BLUE, Size: XL","stone-blue","149","220","https://bikecloset.com/product/mille-gt-spring-fall-jersey-c2/?attribute_pa_color=stone-blue&attribute_pa_size=xl","7627776001463","1790122","1790110","2026-09-11T12:08:04.173Z"
"Assos MILLE GT Spring Fall Jersey C2","Assos","","","","Clothing","Jerseys","Unspecified","Unspecified","ASSOS TIR","clothing:assos tir","TIR","Color: STONE BLUE, Size: TIR","stone-blue","149","220","https://bikecloset.com/product/mille-gt-spring-fall-jersey-c2/?attribute_pa_color=stone-blue&attribute_pa_size=tir","7627776001449","1790121","1790110","2026-09-11T12:08:04.173Z"
"Assos MILLE GT Spring Fall Jersey C2","Assos","","","","Clothing","Jerseys","Unspecified","Unspecified","S","clothing:s","S","Color: STONE BLUE, Size: S","stone-blue","149","220","https://bikecloset.com/product/mille-gt-spring-fall-jersey-c2/?attribute_pa_color=stone-blue&attribute_pa_size=s","7627776001494","1790120","1790110","2026-09-11T12:08:04.173Z"
"Assos MILLE GT Spring Fall Jersey C2","Assos","","","","Clothing","Jerseys","Unspecified","Unspecified","M","clothing:m","M","Color: STONE BLUE, Size: M","stone-blue","149","220","https://bikecloset.com/product/mille-gt-spring-fall-jersey-c2/?attribute_pa_color=stone-blue&attribute_pa_size=m","7627776001487","1790119","1790110","2026-09-11T12:08:04.173Z"
"Assos MILLE GT Spring Fall Jersey C2","Assos","","","","Clothing","Jerseys","Unspecified","Unspecified","L","clothing:l","L","Color: STONE BLUE, Size: L","stone-blue","149","220","https://bikecloset.com/product/mille-gt-spring-fall-jersey-c2/?attribute_pa_color=stone-blue&attribute_pa_size=l","7627776001470","1790118","1790110","2026-09-11T12:08:04.173Z"
"Assos MILLE GT Spring Fall Jersey C2","Assos","","","","Clothing","Jerseys","Unspecified","Unspecified","XS","clothing:xs","XS","Color: BLACK SERIES, Size: XS","black-series","149","220","https://bikecloset.com/product/mille-gt-spring-fall-jersey-c2/?attribute_pa_color=black-series&attribute_pa_size=xs","7627776001715","1790117","1790110","2026-09-11T12:08:04.173Z"
"Assos MILLE GT Spring Fall Jersey C2","Assos","","","","Clothing","Jerseys","Unspecified","Unspecified","ASSOS XLG","clothing:assos xlg","XLG","Color: BLACK SERIES, Size: XLG","black-series","149","220","https://bikecloset.com/product/mille-gt-spring-fall-jersey-c2/?attribute_pa_color=black-series&attribute_pa_size=xlg","7627776001661","1790116","1790110","2026-09-11T12:08:04.173Z"
"Assos MILLE GT Spring Fall Jersey C2","Assos","","","","Clothing","Jerseys","Unspecified","Unspecified","ASSOS TIR","clothing:assos tir","TIR","Color: BLACK SERIES, Size: TIR","black-series","149","220","https://bikecloset.com/product/mille-gt-spring-fall-jersey-c2/?attribute_pa_color=black-series&attribute_pa_size=tir","7627776001654","1790114","1790110","2026-09-11T12:08:04.173Z"
"Assos MILLE GT Spring Fall Jersey C2","Assos","","","","Clothing","Jerseys","Unspecified","Unspecified","S","clothing:s","S","Color: BLACK SERIES, Size: S","black-series","149","220","https://bikecloset.com/product/mille-gt-spring-fall-jersey-c2/?attribute_pa_color=black-series&attribute_pa_size=s","7627776001708","1790113","1790110","2026-09-11T12:08:04.173Z"
"Assos MILLE GT Spring Fall Jersey C2","Assos","","","","Clothing","Jerseys","Unspecified","Unspecified","M","clothing:m","M","Color: BLACK SERIES, Size: M","black-series","149","220","https://bikecloset.com/product/mille-gt-spring-fall-jersey-c2/?attribute_pa_color=black-series&attribute_pa_size=m","7627776001692","1790112","1790110","2026-09-11T12:08:04.173Z"
"Princeton Peak 4550 Evo 2 Disc TR02 Wheelset","Princeton","","","","Wheels & tires","Wheelsets","","","","","","Hub Type: Tactic TR02, Freehub: Shimano","","3450","3450","https://bikecloset.com/product/princeton-peak-4550-evo-2-disc-tr02-wheelset/?attribute_hub-type=Tactic+TR02&attribute_freehub=Shimano","","1789928","1789927","2026-09-11T12:08:04.173Z"
"Assos MILLE GT Spring Fall Bib Tights S11 Primal Blue","Assos","","","","Clothing","Tights","Unspecified","Unspecified","2XL","clothing:2xl","2XL","Size: 2XL","","159","230","https://bikecloset.com/product/assos-mille-gt-spring-fall-bib-tights-s11-primal-blue/?attribute_pa_size=2xl","7627776030913","1789509","1789508","2026-09-11T12:08:04.173Z"
"Assos MILLE GT Spring Fall Bib Tights S11 Primal Blue","Assos","","","","Clothing","Tights","Unspecified","Unspecified","XS","clothing:xs","XS","Size: XS","","159","230","https://bikecloset.com/product/assos-mille-gt-spring-fall-bib-tights-s11-primal-blue/?attribute_pa_size=xs","7627776030975","1789515","1789508","2026-09-11T12:08:04.173Z"
"Assos MILLE GT Spring Fall Bib Tights S11 Primal Blue","Assos","","","","Clothing","Tights","Unspecified","Unspecified","XL","clothing:xl","XL","Size: XL","","159","230","https://bikecloset.com/product/assos-mille-gt-spring-fall-bib-tights-s11-primal-blue/?attribute_pa_size=xl","7627776030968","1789514","1789508","2026-09-11T12:08:04.173Z"
"Assos MILLE GT Spring Fall Bib Tights S11 Primal Blue","Assos","","","","Clothing","Tights","Unspecified","Unspecified","S","clothing:s","S","Size: S","","159","230","https://bikecloset.com/product/assos-mille-gt-spring-fall-bib-tights-s11-primal-blue/?attribute_pa_size=s","7627776030951","1789513","1789508","2026-09-11T12:08:04.173Z"
"Assos MILLE GT Spring Fall Bib Tights S11 Primal Blue","Assos","","","","Clothing","Tights","Unspecified","Unspecified","M","clothing:m","M","Size: M","","159","230","https://bikecloset.com/product/assos-mille-gt-spring-fall-bib-tights-s11-primal-blue/?attribute_pa_size=m","7627776030944","1789512","1789508","2026-09-11T12:08:04.173Z"
"Assos MILLE GT Spring Fall Bib Tights S11 Primal Blue","Assos","","","","Clothing","Tights","Unspecified","Unspecified","L","clothing:l","L","Size: L","","159","230","https://bikecloset.com/product/assos-mille-gt-spring-fall-bib-tights-s11-primal-blue/?attribute_pa_size=l","7627776030937","1789511","1789508","2026-09-11T12:08:04.173Z"
"Assos MILLE GT Spring Fall Bib Tights S11 Primal Blue","Assos","","","","Clothing","Tights","Unspecified","Unspecified","3XL","clothing:3xl","3XL","Size: 3XL","","159","230","https://bikecloset.com/product/assos-mille-gt-spring-fall-bib-tights-s11-primal-blue/?attribute_pa_size=3xl","7627776030920","1789510","1789508","2026-09-11T12:08:04.173Z"
"Shimano XTR 9220 BRAKES PM Trail (OEM)","Shimano","","OEM","","Components","Brakes & rotors","","","","","","Front/Rear: Rear","","249","335","https://bikecloset.com/product/shimano-xtr-9200-brakes-pm-trail-oem/?attribute_front-rear=Rear","","1788723","1788721","2026-09-11T12:08:04.173Z"
"Shimano XTR 9220 BRAKES PM Trail (OEM)","Shimano","","OEM","","Components","Brakes & rotors","","","","","","Front/Rear: Front","","249","335","https://bikecloset.com/product/shimano-xtr-9200-brakes-pm-trail-oem/?attribute_front-rear=Front","","1788722","1788721","2026-09-11T12:08:04.173Z"
"Shimano XTR 9200 BRAKES PM RACE (OEM)","Shimano","","OEM","","Components","Brakes & rotors","","","","","","Front/Rear: Rear","","239","295","https://bikecloset.com/product/shimano-xtr-9200-brakes-pm-race/?attribute_front-rear=Rear","","1788719","1788712","2026-09-11T12:08:04.173Z"
"Shimano XTR 9200 BRAKES PM RACE (OEM)","Shimano","","OEM","","Components","Brakes & rotors","","","","","","Front/Rear: Front","","239","295","https://bikecloset.com/product/shimano-xtr-9200-brakes-pm-race/?attribute_front-rear=Front","","1788718","1788712","2026-09-11T12:08:04.173Z"
"Kask Protone Icon","Kask","","","","Footwear & protection","Helmets","","","L","helmets:l","L","Size: L, Color: White","White","300","300","https://bikecloset.com/product/kask-protone-icon/?attribute_size=L&attribute_color=White","8057099242462","1787575","1544862","2026-09-11T12:08:04.173Z"
"Fizik KUNÈE ARCHE-TYPE","Fizik","","","","Footwear & protection","Helmets","","","S/M","helmets:s | helmets:m","S/M","Size: S/M","","249","419","https://bikecloset.com/product/fizik-kunee-arche-type/?attribute_pa_size=sm","8021890634832","1787516","1787513","2026-09-11T12:08:04.173Z"
"Fizik KUNÈE ARCHE-TYPE","Fizik","","","","Footwear & protection","Helmets","","","M/L","helmets:m | helmets:l","M/L","Size: M/L","","249","419","https://bikecloset.com/product/fizik-kunee-arche-type/?attribute_pa_size=ml","8021890634825","1787514","1787513","2026-09-11T12:08:04.173Z"
"Goodyear Eagle F1 R Tubeless","Goodyear","","","","Wheels & tires","Tires","","","700 × 34 mm","tires:700 × 34 mm","700×34","Color: TRANSPARENT, Size: 700×34","transparent","59.99","96","https://bikecloset.com/product/goodyear-eagle-f1-r-tubeless-complete/?attribute_pa_color=transparent&attribute_pa_size=700x34","810432032179","1787219","1787209","2026-09-11T12:08:04.173Z"
"Goodyear Eagle F1 R Tubeless","Goodyear","","","","Wheels & tires","Tires","","","700 × 34 mm","tires:700 × 34 mm","700×34","Color: Black, Size: 700×34","black","59.99","96","https://bikecloset.com/product/goodyear-eagle-f1-r-tubeless-complete/?attribute_pa_color=black&attribute_pa_size=700x34","810432032162","1787218","1787209","2026-09-11T12:08:04.173Z"
"Goodyear Eagle F1 R Tubeless","Goodyear","","","","Wheels & tires","Tires","","","700 × 32 mm","tires:700 × 32 mm","700×32","Color: TRANSPARENT, Size: 700×32","transparent","59.99","96","https://bikecloset.com/product/goodyear-eagle-f1-r-tubeless-complete/?attribute_pa_color=transparent&attribute_pa_size=700x32","810432032155","1787217","1787209","2026-09-11T12:08:04.173Z"
"Goodyear Eagle F1 R Tubeless","Goodyear","","","","Wheels & tires","Tires","","","700 × 30 mm","tires:700 × 30 mm","700×30","Color: TRANSPARENT, Size: 700×30","transparent","59.99","96","https://bikecloset.com/product/goodyear-eagle-f1-r-tubeless-complete/?attribute_pa_color=transparent&attribute_pa_size=700x30","810432032124","1787215","1787209","2026-09-11T12:08:04.173Z"
"Goodyear Eagle F1 R Tubeless","Goodyear","","","","Wheels & tires","Tires","","","700 × 30 mm","tires:700 × 30 mm","700×30","Color: Black, Size: 700×30","black","59.99","96","https://bikecloset.com/product/goodyear-eagle-f1-r-tubeless-complete/?attribute_pa_color=black&attribute_pa_size=700x30","810432032117","1787214","1787209","2026-09-11T12:08:04.173Z"
"Goodyear Eagle F1 R Tubeless","Goodyear","","","","Wheels & tires","Tires","","","700 × 25 mm","tires:700 × 25 mm","700×25","Color: Black, Size: 700×25","black","59.99","96","https://bikecloset.com/product/goodyear-eagle-f1-r-tubeless-complete/?attribute_pa_color=black&attribute_pa_size=700x25","810432032049","1787210","1787209","2026-09-11T12:08:04.173Z"
"Goodyear Eagle F1 SuperSport R Tubeless","Goodyear","","","","Wheels & tires","Tires","","","700 × 25 mm","tires:700 × 25 mm","700×25","Color: Black, Size: 700×25","black","59.99","96","https://bikecloset.com/product/goodyear-eagle-f1-supersport-r-tubeless-complete/?attribute_pa_color=black&attribute_pa_size=700x25","810432032209","1787203","1787202","2026-09-11T12:08:04.173Z"
"Goodyear Eagle F1 R Tube Type","Goodyear","","","","Wheels & tires","Tires","","","700 × 25 mm","tires:700 × 25 mm","700×25","Color: Black, Size: 700×25","black","49.99","85","https://bikecloset.com/product/goodyear-eagle-f1-r-tube-type/?attribute_pa_color=black&attribute_pa_size=700x25","810432032025","1787196","1787195","2026-09-11T12:08:04.173Z"
"Goodyear Eagle F1 R Tubeless","Goodyear","","","","Wheels & tires","Tires","","","700 × 28 mm","tires:700 × 28 mm","700×28","Color: TRANSPARENT, Size: 700×28","transparent","59.99","96","https://bikecloset.com/product/goodyear-eagle-f1-r-tubeless-complete/?attribute_pa_color=transparent&attribute_pa_size=700x28","810432032094","1787213","1787209","2026-09-11T12:08:04.173Z"
"Goodyear Eagle F1 R Tubeless","Goodyear","","","","Wheels & tires","Tires","","","700 × 28 mm","tires:700 × 28 mm","700×28","Color: Black, Size: 700×28","black","59.99","96","https://bikecloset.com/product/goodyear-eagle-f1-r-tubeless-complete/?attribute_pa_color=black&attribute_pa_size=700x28","810432032087","1787212","1787209","2026-09-11T12:08:04.173Z"
"Goodyear Eagle F1 R Tubeless","Goodyear","","","","Wheels & tires","Tires","","","700 × 25 mm","tires:700 × 25 mm","700×25","Color: TRANSPARENT, Size: 700×25","transparent","59.99","96","https://bikecloset.com/product/goodyear-eagle-f1-r-tubeless-complete/?attribute_pa_color=transparent&attribute_pa_size=700x25","810432032056","1787211","1787209","2026-09-11T12:08:04.173Z"
"Goodyear Eagle F1 SuperSport R Tubeless","Goodyear","","","","Wheels & tires","Tires","","","700 × 30 mm","tires:700 × 30 mm","700×30","Color: TRANSPARENT, Size: 700×30","transparent","59.99","96","https://bikecloset.com/product/goodyear-eagle-f1-supersport-r-tubeless-complete/?attribute_pa_color=transparent&attribute_pa_size=700x30","810432032278","1787208","1787202","2026-09-11T12:08:04.173Z"
"Goodyear Eagle F1 SuperSport R Tubeless","Goodyear","","","","Wheels & tires","Tires","","","700 × 30 mm","tires:700 × 30 mm","700×30","Color: Black, Size: 700×30","black","59.99","96","https://bikecloset.com/product/goodyear-eagle-f1-supersport-r-tubeless-complete/?attribute_pa_color=black&attribute_pa_size=700x30","810432032261","1787207","1787202","2026-09-11T12:08:04.173Z"
"Goodyear Eagle F1 SuperSport R Tubeless","Goodyear","","","","Wheels & tires","Tires","","","700 × 28 mm","tires:700 × 28 mm","700×28","Color: TRANSPARENT, Size: 700×28","transparent","59.99","96","https://bikecloset.com/product/goodyear-eagle-f1-supersport-r-tubeless-complete/?attribute_pa_color=transparent&attribute_pa_size=700x28","810432032254","1787206","1787202","2026-09-11T12:08:04.173Z"
"Goodyear Eagle F1 SuperSport R Tubeless","Goodyear","","","","Wheels & tires","Tires","","","700 × 28 mm","tires:700 × 28 mm","700×28","Color: Black, Size: 700×28","black","59.99","96","https://bikecloset.com/product/goodyear-eagle-f1-supersport-r-tubeless-complete/?attribute_pa_color=black&attribute_pa_size=700x28","810432032247","1787205","1787202","2026-09-11T12:08:04.173Z"
"Goodyear Eagle F1 SuperSport R Tubeless","Goodyear","","","","Wheels & tires","Tires","","","700 × 25 mm","tires:700 × 25 mm","700×25","Color: TRANSPARENT, Size: 700×25","transparent","59.99","96","https://bikecloset.com/product/goodyear-eagle-f1-supersport-r-tubeless-complete/?attribute_pa_color=transparent&attribute_pa_size=700x25","810432032216","1787204","1787202","2026-09-11T12:08:04.173Z"
"Goodyear Eagle F1 R Tube Type","Goodyear","","","","Wheels & tires","Tires","","","700 × 32 mm","tires:700 × 32 mm","700×32","Color: Black, Size: 700×32","black","49.99","85","https://bikecloset.com/product/goodyear-eagle-f1-r-tube-type/?attribute_pa_color=black&attribute_pa_size=700x32","810432032131","1787201","1787195","2026-09-11T12:08:04.173Z"
"Goodyear Eagle F1 R Tube Type","Goodyear","","","","Wheels & tires","Tires","","","700 × 30 mm","tires:700 × 30 mm","700×30","Color: Black, Size: 700×30","black","49.99","85","https://bikecloset.com/product/goodyear-eagle-f1-r-tube-type/?attribute_pa_color=black&attribute_pa_size=700x30","810432032100","1787200","1787195","2026-09-11T12:08:04.173Z"
"Goodyear Eagle F1 R Tube Type","Goodyear","","","","Wheels & tires","Tires","","","700 × 28 mm","tires:700 × 28 mm","700×28","Color: TRANSPARENT, Size: 700×28","transparent","49.99","85","https://bikecloset.com/product/goodyear-eagle-f1-r-tube-type/?attribute_pa_color=transparent&attribute_pa_size=700x28","810432032070","1787199","1787195","2026-09-11T12:08:04.173Z"
"Goodyear Eagle F1 R Tube Type","Goodyear","","","","Wheels & tires","Tires","","","700 × 28 mm","tires:700 × 28 mm","700×28","Color: Black, Size: 700×28","black","49.99","85","https://bikecloset.com/product/goodyear-eagle-f1-r-tube-type/?attribute_pa_color=black&attribute_pa_size=700x28","810432032063","1787198","1787195","2026-09-11T12:08:04.173Z"
"Goodyear Eagle F1 R Tube Type","Goodyear","","","","Wheels & tires","Tires","","","700 × 25 mm","tires:700 × 25 mm","700×25","Color: TRANSPARENT, Size: 700×25","transparent","49.99","85","https://bikecloset.com/product/goodyear-eagle-f1-r-tube-type/?attribute_pa_color=transparent&attribute_pa_size=700x25","810432032032","1787197","1787195","2026-09-11T12:08:04.173Z"
"Goodyear Eagle F1 SuperSport R Tube Type","Goodyear","","","","Wheels & tires","Tires","","","700 × 28 mm","tires:700 × 28 mm","700×28","Color: TRANSPARENT, Size: 700×28","transparent","49.99","85","https://bikecloset.com/product/goodyear-eagle-f1-supersport-r-tube-type/?attribute_pa_color=transparent&attribute_pa_size=700x28","810432032230","1787194","1787190","2026-09-11T12:08:04.173Z"
"Goodyear Eagle F1 SuperSport R Tube Type","Goodyear","","","","Wheels & tires","Tires","","","700 × 28 mm","tires:700 × 28 mm","700×28","Color: Black, Size: 700×28","black","49.99","85","https://bikecloset.com/product/goodyear-eagle-f1-supersport-r-tube-type/?attribute_pa_color=black&attribute_pa_size=700x28","810432032223","1787193","1787190","2026-09-11T12:08:04.173Z"
"Goodyear Eagle F1 SuperSport R Tube Type","Goodyear","","","","Wheels & tires","Tires","","","700 × 25 mm","tires:700 × 25 mm","700×25","Color: TRANSPARENT, Size: 700×25","transparent","49.99","85","https://bikecloset.com/product/goodyear-eagle-f1-supersport-r-tube-type/?attribute_pa_color=transparent&attribute_pa_size=700x25","810432032193","1787192","1787190","2026-09-11T12:08:04.173Z"
"Goodyear Eagle F1 SuperSport R Tube Type","Goodyear","","","","Wheels & tires","Tires","","","700 × 25 mm","tires:700 × 25 mm","700×25","Color: Black, Size: 700×25","black","49.99","85","https://bikecloset.com/product/goodyear-eagle-f1-supersport-r-tube-type/?attribute_pa_color=black&attribute_pa_size=700x25","810432032186","1787191","1787190","2026-09-11T12:08:04.173Z"
"Princeton Peak 4550 Evo 2 Disc TR01 Wheelset","Princeton","","","","Wheels & tires","Wheelsets","","","","","","Hub Type: Tactic TR01, Freehub: Shimano","","4100","4100","https://bikecloset.com/product/princeton-peak-4550-evo-2-disc-tr01-wheelset/?attribute_hub-type=Tactic+TR01&attribute_freehub=Shimano","","1785367","1785366","2026-09-11T12:08:04.173Z"
"Giro Seasonal Merino","Giro","","","","Clothing","Socks","Unspecified","Unspecified","M","socks:m","M","Colorway: BLACK/CHARCOAL, Size: M","","9.99","21.95","https://bikecloset.com/product/seasonal-merino/?attribute_pa_colorway=black-charcoal&attribute_pa_size=m","768686891700","1785117","1785116","2026-09-11T12:08:04.173Z"
"Giro Seasonal Merino","Giro","","","","Clothing","Socks","Unspecified","Unspecified","XL","socks:xl","XL","Colorway: CHARCOAL/WHITE DOTS, Size: XL","","9.99","21.95","https://bikecloset.com/product/seasonal-merino/?attribute_pa_colorway=charcoal-white-dots&attribute_pa_size=xl","768686598487","1785141","1785116","2026-09-11T12:08:04.173Z"
"Giro Seasonal Merino","Giro","","","","Clothing","Socks","Unspecified","Unspecified","S","socks:s","S","Colorway: CHARCOAL/WHITE DOTS, Size: S","","9.99","21.95","https://bikecloset.com/product/seasonal-merino/?attribute_pa_colorway=charcoal-white-dots&attribute_pa_size=s","768686598456","1785139","1785116","2026-09-11T12:08:04.173Z"
"Giro Seasonal Merino","Giro","","","","Clothing","Socks","Unspecified","Unspecified","M","socks:m","M","Colorway: CHARCOAL/WHITE DOTS, Size: M","","9.99","21.95","https://bikecloset.com/product/seasonal-merino/?attribute_pa_colorway=charcoal-white-dots&attribute_pa_size=m","768686598463","1785137","1785116","2026-09-11T12:08:04.173Z"
"Giro Seasonal Merino","Giro","","","","Clothing","Socks","Unspecified","Unspecified","L","socks:l","L","Colorway: CHARCOAL/WHITE DOTS, Size: L","","9.99","21.95","https://bikecloset.com/product/seasonal-merino/?attribute_pa_colorway=charcoal-white-dots&attribute_pa_size=l","768686598470","1785135","1785116","2026-09-11T12:08:04.173Z"
"Giro Seasonal Merino","Giro","","","","Clothing","Socks","Unspecified","Unspecified","XL","socks:xl","XL","Colorway: TRAIL GREEN CAMO, Size: XL","","9.99","21.95","https://bikecloset.com/product/seasonal-merino/?attribute_pa_colorway=trail-green-camo&attribute_pa_size=xl","768686495977","1785133","1785116","2026-09-11T12:08:04.173Z"
"Giro Seasonal Merino","Giro","","","","Clothing","Socks","Unspecified","Unspecified","XL","socks:xl","XL","Colorway: RED/WHITE CHAR, Size: XL","","21.95","21.95","https://bikecloset.com/product/seasonal-merino/?attribute_pa_colorway=red-white-char&attribute_pa_size=xl","196178117180","1785131","1785116","2026-09-11T12:08:04.173Z"
"Giro Seasonal Merino","Giro","","","","Clothing","Socks","Unspecified","Unspecified","XL","socks:xl","XL","Colorway: 85 BLACK, Size: XL","","9.99","21.95","https://bikecloset.com/product/seasonal-merino/?attribute_pa_colorway=85-black&attribute_pa_size=xl","196178055253","1785129","1785116","2026-09-11T12:08:04.173Z"
"Giro Seasonal Merino","Giro","","","","Clothing","Socks","Unspecified","Unspecified","S","socks:s","S","Colorway: 85 BLACK, Size: S","","21.95","21.95","https://bikecloset.com/product/seasonal-merino/?attribute_pa_colorway=85-black&attribute_pa_size=s","196178055222","1785127","1785116","2026-09-11T12:08:04.173Z"
"Giro Seasonal Merino","Giro","","","","Clothing","Socks","Unspecified","Unspecified","M","socks:m","M","Colorway: 85 BLACK, Size: M","","9.99","21.95","https://bikecloset.com/product/seasonal-merino/?attribute_pa_colorway=85-black&attribute_pa_size=m","196178055239","1785125","1785116","2026-09-11T12:08:04.173Z"
"Giro Seasonal Merino","Giro","","","","Clothing","Socks","Unspecified","Unspecified","L","socks:l","L","Colorway: 85 BLACK, Size: L","","9.99","21.95","https://bikecloset.com/product/seasonal-merino/?attribute_pa_colorway=85-black&attribute_pa_size=l","196178055246","1785123","1785116","2026-09-11T12:08:04.173Z"
"Giro Seasonal Merino","Giro","","","","Clothing","Socks","Unspecified","Unspecified","XL","socks:xl","XL","Colorway: BLACK/CHARCOAL, Size: XL","","9.99","21.95","https://bikecloset.com/product/seasonal-merino/?attribute_pa_colorway=black-charcoal&attribute_pa_size=xl","768686891724","1785121","1785116","2026-09-11T12:08:04.173Z"
"Giro Seasonal Merino","Giro","","","","Clothing","Socks","Unspecified","Unspecified","S","socks:s","S","Colorway: BLACK/CHARCOAL, Size: S","","21.95","21.95","https://bikecloset.com/product/seasonal-merino/?attribute_pa_colorway=black-charcoal&attribute_pa_size=s","768686891694","1785119","1785116","2026-09-11T12:08:04.173Z"
"Giro HRC +Grip","Giro","","","","Clothing","Socks","Unspecified","Unspecified","S","socks:s","S","Colorway: WHITE/BLACK, Size: S","","27.95","27.95","https://bikecloset.com/product/hrc-grip/?attribute_pa_colorway=white-black&attribute_pa_size=s","768686310492","1785114","1785065","2026-09-11T12:08:04.173Z"
"Giro HRC +Grip","Giro","","","","Clothing","Socks","Unspecified","Unspecified","XL","socks:xl","XL","Colorway: WHITE, Size: XL","","14.99","27.95","https://bikecloset.com/product/hrc-grip/?attribute_pa_colorway=white&attribute_pa_size=xl","768686495533","1785112","1785065","2026-09-11T12:08:04.173Z"
"Giro HRC +Grip","Giro","","","","Clothing","Socks","Unspecified","Unspecified","S","socks:s","S","Colorway: WHITE, Size: S","","14.99","27.95","https://bikecloset.com/product/hrc-grip/?attribute_pa_colorway=white&attribute_pa_size=s","768686495502","1785110","1785065","2026-09-11T12:08:04.173Z"
"Giro HRC +Grip","Giro","","","","Clothing","Socks","Unspecified","Unspecified","M","socks:m","M","Colorway: WHITE, Size: M","","14.99","27.95","https://bikecloset.com/product/hrc-grip/?attribute_pa_colorway=white&attribute_pa_size=m","768686495519","1785108","1785065","2026-09-11T12:08:04.173Z"
"Giro HRC +Grip","Giro","","","","Clothing","Socks","Unspecified","Unspecified","L","socks:l","L","Colorway: WHITE, Size: L","","14.99","27.95","https://bikecloset.com/product/hrc-grip/?attribute_pa_colorway=white&attribute_pa_size=l","768686495526","1785106","1785065","2026-09-11T12:08:04.173Z"
"Giro HRC +Grip","Giro","","","","Clothing","Socks","Unspecified","Unspecified","S","socks:s","S","Colorway: PORTARO GREY, Size: S","","27.95","27.95","https://bikecloset.com/product/hrc-grip/?attribute_pa_colorway=portaro-grey&attribute_pa_size=s","768686407628","1785104","1785065","2026-09-11T12:08:04.173Z"
"Giro HRC +Grip","Giro","","","","Clothing","Socks","Unspecified","Unspecified","XL","socks:xl","XL","Colorway: PHANTOM BLUE, Size: XL","","27.95","27.95","https://bikecloset.com/product/hrc-grip/?attribute_pa_colorway=phantom-blue&attribute_pa_size=xl","768686495496","1785102","1785065","2026-09-11T12:08:04.173Z"
"Giro HRC +Grip","Giro","","","","Clothing","Socks","Unspecified","Unspecified","S","socks:s","S","Colorway: BLACK AJ, Size: S","","27.95","27.95","https://bikecloset.com/product/hrc-grip/?attribute_pa_colorway=black-aj&attribute_pa_size=s","196178007238","1785066","1785065","2026-09-11T12:08:04.173Z"
"Giro HRC +Grip","Giro","","","","Clothing","Socks","Unspecified","Unspecified","S","socks:s","S","Colorway: PHANTOM BLUE, Size: S","","27.95","27.95","https://bikecloset.com/product/hrc-grip/?attribute_pa_colorway=phantom-blue&attribute_pa_size=s","768686495465","1785100","1785065","2026-09-11T12:08:04.173Z"
"Giro HRC +Grip","Giro","","","","Clothing","Socks","Unspecified","Unspecified","M","socks:m","M","Colorway: PHANTOM BLUE, Size: M","","14.99","27.95","https://bikecloset.com/product/hrc-grip/?attribute_pa_colorway=phantom-blue&attribute_pa_size=m","768686495472","1785098","1785065","2026-09-11T12:08:04.173Z"
"Giro HRC +Grip","Giro","","","","Clothing","Socks","Unspecified","Unspecified","L","socks:l","L","Colorway: PHANTOM BLUE, Size: L","","14.99","27.95","https://bikecloset.com/product/hrc-grip/?attribute_pa_colorway=phantom-blue&attribute_pa_size=l","768686495489","1785096","1785065","2026-09-11T12:08:04.173Z"
"Giro HRC +Grip","Giro","","","","Clothing","Socks","Unspecified","Unspecified","S","socks:s","S","Colorway: GREY GREEN, Size: S","","27.95","27.95","https://bikecloset.com/product/hrc-grip/?attribute_pa_colorway=grey-green&attribute_pa_size=s","768686407581","1785094","1785065","2026-09-11T12:08:04.173Z"
"Giro HRC +Grip","Giro","","","","Clothing","Socks","Unspecified","Unspecified","XL","socks:xl","XL","Colorway: CASCADE GREEN, Size: XL","","14.99","27.95","https://bikecloset.com/product/hrc-grip/?attribute_pa_colorway=cascade-green&attribute_pa_size=xl","768686495373","1785092","1785065","2026-09-11T12:08:04.173Z"
"Giro HRC +Grip","Giro","","","","Clothing","Socks","Unspecified","Unspecified","S","socks:s","S","Colorway: CASCADE GREEN, Size: S","","27.95","27.95","https://bikecloset.com/product/hrc-grip/?attribute_pa_colorway=cascade-green&attribute_pa_size=s","768686495342","1785090","1785065","2026-09-11T12:08:04.173Z"
"Giro HRC +Grip","Giro","","","","Clothing","Socks","Unspecified","Unspecified","M","socks:m","M","Colorway: CASCADE GREEN, Size: M","","14.99","27.95","https://bikecloset.com/product/hrc-grip/?attribute_pa_colorway=cascade-green&attribute_pa_size=m","768686495359","1785088","1785065","2026-09-11T12:08:04.173Z"
"Giro HRC +Grip","Giro","","","","Clothing","Socks","Unspecified","Unspecified","L","socks:l","L","Colorway: CASCADE GREEN, Size: L","","14.99","27.95","https://bikecloset.com/product/hrc-grip/?attribute_pa_colorway=cascade-green&attribute_pa_size=l","768686495366","1785086","1785065","2026-09-11T12:08:04.173Z"
"Giro HRC +Grip","Giro","","","","Clothing","Socks","Unspecified","Unspecified","XL","socks:xl","XL","Colorway: CHARCOAL, Size: XL","","14.99","27.95","https://bikecloset.com/product/hrc-grip/?attribute_pa_colorway=charcoal&attribute_pa_size=xl","768686495410","1785084","1785065","2026-09-11T12:08:04.173Z"
"Giro HRC +Grip","Giro","","","","Clothing","Socks","Unspecified","Unspecified","S","socks:s","S","Colorway: CHARCOAL, Size: S","","14.99","27.95","https://bikecloset.com/product/hrc-grip/?attribute_pa_colorway=charcoal&attribute_pa_size=s","768686495380","1785082","1785065","2026-09-11T12:08:04.173Z"
"Giro HRC +Grip","Giro","","","","Clothing","Socks","Unspecified","Unspecified","M","socks:m","M","Colorway: CHARCOAL, Size: M","","14.99","27.95","https://bikecloset.com/product/hrc-grip/?attribute_pa_colorway=charcoal&attribute_pa_size=m","768686495397","1785080","1785065","2026-09-11T12:08:04.173Z"
"Giro HRC +Grip","Giro","","","","Clothing","Socks","Unspecified","Unspecified","L","socks:l","L","Colorway: CHARCOAL, Size: L","","14.99","27.95","https://bikecloset.com/product/hrc-grip/?attribute_pa_colorway=charcoal&attribute_pa_size=l","768686495403","1785078","1785065","2026-09-11T12:08:04.173Z"
"Giro HRC +Grip","Giro","","","","Clothing","Socks","Unspecified","Unspecified","XL","socks:xl","XL","Colorway: BRIGHT RED, Size: XL","","27.95","27.95","https://bikecloset.com/product/hrc-grip/?attribute_pa_colorway=bright-red&attribute_pa_size=xl","768686495335","1785076","1785065","2026-09-11T12:08:04.173Z"
"Giro HRC +Grip","Giro","","","","Clothing","Socks","Unspecified","Unspecified","S","socks:s","S","Colorway: BLACK/CHARCOAL, Size: S","","27.95","27.95","https://bikecloset.com/product/hrc-grip/?attribute_pa_colorway=black-charcoal&attribute_pa_size=s","768686310294","1785074","1785065","2026-09-11T12:08:04.173Z"
"Giro HRC +Grip","Giro","","","","Clothing","Socks","Unspecified","Unspecified","XL","socks:xl","XL","Colorway: BLACK, Size: XL","","14.99","27.95","https://bikecloset.com/product/hrc-grip/?attribute_pa_colorway=black&attribute_pa_size=xl","768686495298","1785072","1785065","2026-09-11T12:08:04.173Z"
"Giro HRC +Grip","Giro","","","","Clothing","Socks","Unspecified","Unspecified","M","socks:m","M","Colorway: BLACK, Size: M","","14.99","27.95","https://bikecloset.com/product/hrc-grip/?attribute_pa_colorway=black&attribute_pa_size=m","768686495274","1785070","1785065","2026-09-11T12:08:04.173Z"
"Giro HRC +Grip","Giro","","","","Clothing","Socks","Unspecified","Unspecified","L","socks:l","L","Colorway: BLACK, Size: L","","14.99","27.95","https://bikecloset.com/product/hrc-grip/?attribute_pa_colorway=black&attribute_pa_size=l","768686495281","1785068","1785065","2026-09-11T12:08:04.173Z"
"Giro HRc Team","Giro","","","","Clothing","Socks","Unspecified","Unspecified","XL","socks:xl","XL","Colorway: WHITE, Size: XL","","14.99","24.95","https://bikecloset.com/product/hrc-team/?attribute_pa_colorway=white&attribute_pa_size=xl","768686495250","1785063","1785007","2026-09-11T12:08:04.173Z"
"Giro HRc Team","Giro","","","","Clothing","Socks","Unspecified","Unspecified","S","socks:s","S","Colorway: WHITE, Size: S","","14.99","24.95","https://bikecloset.com/product/hrc-team/?attribute_pa_colorway=white&attribute_pa_size=s","768686495229","1785061","1785007","2026-09-11T12:08:04.173Z"
"Giro HRc Team","Giro","","","","Clothing","Socks","Unspecified","Unspecified","S","socks:s","S","Colorway: VERMILLION/BLACK, Size: S","","24.95","24.95","https://bikecloset.com/product/hrc-team/?attribute_pa_colorway=vermillion-black&attribute_pa_size=s","768686023606","1785059","1785007","2026-09-11T12:08:04.173Z"
"Giro HRc Team","Giro","","","","Clothing","Socks","Unspecified","Unspecified","XL","socks:xl","XL","Colorway: TRAIL GREEN, Size: XL","","14.99","24.95","https://bikecloset.com/product/hrc-team/?attribute_pa_colorway=trail-green&attribute_pa_size=xl","768686495212","1785057","1785007","2026-09-11T12:08:04.173Z"
"Giro HRc Team","Giro","","","","Clothing","Socks","Unspecified","Unspecified","S","socks:s","S","Colorway: TRAIL GREEN, Size: S","","14.99","24.95","https://bikecloset.com/product/hrc-team/?attribute_pa_colorway=trail-green&attribute_pa_size=s","768686495182","1785055","1785007","2026-09-11T12:08:04.173Z"
"Giro HRc Team","Giro","","","","Clothing","Socks","Unspecified","Unspecified","M","socks:m","M","Colorway: TRAIL GREEN, Size: M","","14.99","24.95","https://bikecloset.com/product/hrc-team/?attribute_pa_colorway=trail-green&attribute_pa_size=m","768686495199","1785053","1785007","2026-09-11T12:08:04.173Z"
"Giro HRc Team","Giro","","","","Clothing","Socks","Unspecified","Unspecified","L","socks:l","L","Colorway: TRAIL GREEN, Size: L","","14.99","24.95","https://bikecloset.com/product/hrc-team/?attribute_pa_colorway=trail-green&attribute_pa_size=l","768686495205","1785051","1785007","2026-09-11T12:08:04.173Z"
"Giro HRc Team","Giro","","","","Clothing","Socks","Unspecified","Unspecified","XL","socks:xl","XL","Colorway: PHANTOM BLUE, Size: XL","","14.99","24.95","https://bikecloset.com/product/hrc-team/?attribute_pa_colorway=phantom-blue&attribute_pa_size=xl","768686495175","1785049","1785007","2026-09-11T12:08:04.173Z"
"Giro HRc Team","Giro","","","","Clothing","Socks","Unspecified","Unspecified","S","socks:s","S","Colorway: PHANTOM BLUE, Size: S","","14.99","24.95","https://bikecloset.com/product/hrc-team/?attribute_pa_colorway=phantom-blue&attribute_pa_size=s","768686495144","1785047","1785007","2026-09-11T12:08:04.173Z"
"Giro HRc Team","Giro","","","","Clothing","Socks","Unspecified","Unspecified","M","socks:m","M","Colorway: PHANTOM BLUE, Size: M","","14.99","24.95","https://bikecloset.com/product/hrc-team/?attribute_pa_colorway=phantom-blue&attribute_pa_size=m","768686495151","1785045","1785007","2026-09-11T12:08:04.173Z"
"Giro HRc Team","Giro","","","","Clothing","Socks","Unspecified","Unspecified","L","socks:l","L","Colorway: PHANTOM BLUE, Size: L","","14.99","24.95","https://bikecloset.com/product/hrc-team/?attribute_pa_colorway=phantom-blue&attribute_pa_size=l","768686495168","1785043","1785007","2026-09-11T12:08:04.173Z"
"Giro HRc Team","Giro","","","","Clothing","Socks","Unspecified","Unspecified","XL","socks:xl","XL","Colorway: NEON PINK, Size: XL","","14.99","24.95","https://bikecloset.com/product/hrc-team/?attribute_pa_colorway=neon-pink&attribute_pa_size=xl","768686495137","1785041","1785007","2026-09-11T12:08:04.173Z"
"Giro HRc Team","Giro","","","","Clothing","Socks","Unspecified","Unspecified","S","socks:s","S","Colorway: NEON PINK, Size: S","","24.95","24.95","https://bikecloset.com/product/hrc-team/?attribute_pa_colorway=neon-pink&attribute_pa_size=s","768686495106","1785039","1785007","2026-09-11T12:08:04.173Z"
"Giro HRc Team","Giro","","","","Clothing","Socks","Unspecified","Unspecified","M","socks:m","M","Colorway: NEON PINK, Size: M","","14.99","24.95","https://bikecloset.com/product/hrc-team/?attribute_pa_colorway=neon-pink&attribute_pa_size=m","768686495113","1785037","1785007","2026-09-11T12:08:04.173Z"
"Giro HRc Team","Giro","","","","Clothing","Socks","Unspecified","Unspecified","L","socks:l","L","Colorway: NEON PINK, Size: L","","14.99","24.95","https://bikecloset.com/product/hrc-team/?attribute_pa_colorway=neon-pink&attribute_pa_size=l","768686495120","1785035","1785007","2026-09-11T12:08:04.173Z"
"Giro HRc Team","Giro","","","","Clothing","Socks","Unspecified","Unspecified","S","socks:s","S","Colorway: HIGHLIGHT YELLOW/BLACK, Size: S","","24.95","24.95","https://bikecloset.com/product/hrc-team/?attribute_pa_colorway=highlight-yellow-black&attribute_pa_size=s","768686598012","1785033","1785007","2026-09-11T12:08:04.173Z"
"Giro HRc Team","Giro","","","","Clothing","Socks","Unspecified","Unspecified","XL","socks:xl","XL","Colorway: BRIGHT RED, Size: XL","","24.95","24.95","https://bikecloset.com/product/hrc-team/?attribute_pa_colorway=bright-red&attribute_pa_size=xl","768686308451","1785032","1785007","2026-09-11T12:08:04.173Z"
"Giro HRc Team","Giro","","","","Clothing","Socks","Unspecified","Unspecified","XL","socks:xl","XL","Colorway: CHARCOAL, Size: XL","","14.99","24.95","https://bikecloset.com/product/hrc-team/?attribute_pa_colorway=charcoal&attribute_pa_size=xl","768686495090","1785030","1785007","2026-09-11T12:08:04.173Z"
"Giro HRc Team","Giro","","","","Clothing","Socks","Unspecified","Unspecified","M","socks:m","M","Colorway: CHARCOAL, Size: M","","14.99","24.95","https://bikecloset.com/product/hrc-team/?attribute_pa_colorway=charcoal&attribute_pa_size=m","768686495076","1785028","1785007","2026-09-11T12:08:04.173Z"
"Giro HRc Team","Giro","","","","Clothing","Socks","Unspecified","Unspecified","L","socks:l","L","Colorway: CHARCOAL, Size: L","","14.99","24.95","https://bikecloset.com/product/hrc-team/?attribute_pa_colorway=charcoal&attribute_pa_size=l","768686495083","1785026","1785007","2026-09-11T12:08:04.173Z"
"Giro HRc Team","Giro","","","","Clothing","Socks","Unspecified","Unspecified","XL","socks:xl","XL","Colorway: BRIGHT RED, Size: XL","","14.99","24.95","https://bikecloset.com/product/hrc-team/?attribute_pa_colorway=bright-red&attribute_pa_size=xl","768686495052","1785024","1785007","2026-09-11T12:08:04.173Z"
"Giro HRc Team","Giro","","","","Clothing","Socks","Unspecified","Unspecified","S","socks:s","S","Colorway: BRIGHT RED, Size: S","","14.99","24.95","https://bikecloset.com/product/hrc-team/?attribute_pa_colorway=bright-red&attribute_pa_size=s","768686495021","1785022","1785007","2026-09-11T12:08:04.173Z"
"Giro HRc Team","Giro","","","","Clothing","Socks","Unspecified","Unspecified","L","socks:l","L","Colorway: BLACK, Size: L","","14.99","24.95","https://bikecloset.com/product/hrc-team/?attribute_pa_colorway=black&attribute_pa_size=l","768686495007","1785008","1785007","2026-09-11T12:08:04.173Z"
"Giro HRc Team","Giro","","","","Clothing","Socks","Unspecified","Unspecified","M","socks:m","M","Colorway: BRIGHT RED, Size: M","","24.95","24.95","https://bikecloset.com/product/hrc-team/?attribute_pa_colorway=bright-red&attribute_pa_size=m","768686495038","1785020","1785007","2026-09-11T12:08:04.173Z"
"Giro HRc Team","Giro","","","","Clothing","Socks","Unspecified","Unspecified","L","socks:l","L","Colorway: BRIGHT RED, Size: L","","14.99","24.95","https://bikecloset.com/product/hrc-team/?attribute_pa_colorway=bright-red&attribute_pa_size=l","768686495045","1785018","1785007","2026-09-11T12:08:04.173Z"
"Giro HRc Team","Giro","","","","Clothing","Socks","Unspecified","Unspecified","L","socks:l","L","Colorway: BLACK/DARK SHADOW, Size: L","","24.95","24.95","https://bikecloset.com/product/hrc-team/?attribute_pa_colorway=black-dark-shadow&attribute_pa_size=l","768686683480","1785016","1785007","2026-09-11T12:08:04.173Z"
"Giro HRc Team","Giro","","","","Clothing","Socks","Unspecified","Unspecified","XL","socks:xl","XL","Colorway: BLACK, Size: XL","","14.99","24.95","https://bikecloset.com/product/hrc-team/?attribute_pa_colorway=black&attribute_pa_size=xl","768686495014","1785014","1785007","2026-09-11T12:08:04.173Z"
"Giro HRc Team","Giro","","","","Clothing","Socks","Unspecified","Unspecified","S","socks:s","S","Colorway: BLACK, Size: S","","24.95","24.95","https://bikecloset.com/product/hrc-team/?attribute_pa_colorway=black&attribute_pa_size=s","768686494987","1785012","1785007","2026-09-11T12:08:04.173Z"
"Giro HRc Team","Giro","","","","Clothing","Socks","Unspecified","Unspecified","M","socks:m","M","Colorway: BLACK, Size: M","","14.99","24.95","https://bikecloset.com/product/hrc-team/?attribute_pa_colorway=black&attribute_pa_size=m","768686494994","1785010","1785007","2026-09-11T12:08:04.173Z"
"Giro HRc +MERINO","Giro","","","","Clothing","Socks","Unspecified","Unspecified","XL","socks:xl","XL","Colorway: MILSPEC/BLACK, Size: XL","","14.99","27.95","https://bikecloset.com/product/hrc-merino/?attribute_pa_colorway=milspec-black&attribute_pa_size=xl","768686011177","1785005","1784974","2026-09-11T12:08:04.173Z"
"Giro HRc +MERINO","Giro","","","","Clothing","Socks","Unspecified","Unspecified","S","socks:s","S","Colorway: MILSPEC/BLACK, Size: S","","14.99","27.95","https://bikecloset.com/product/hrc-merino/?attribute_pa_colorway=milspec-black&attribute_pa_size=s","768686011146","1785003","1784974","2026-09-11T12:08:04.173Z"
"Giro HRc +MERINO","Giro","","","","Clothing","Socks","Unspecified","Unspecified","M","socks:m","M","Colorway: MILSPEC/BLACK, Size: M","","14.99","27.95","https://bikecloset.com/product/hrc-merino/?attribute_pa_colorway=milspec-black&attribute_pa_size=m","768686011153","1785001","1784974","2026-09-11T12:08:04.173Z"
"Giro HRc +MERINO","Giro","","","","Clothing","Socks","Unspecified","Unspecified","L","socks:l","L","Colorway: MILSPEC/BLACK, Size: L","","14.99","27.95","https://bikecloset.com/product/hrc-merino/?attribute_pa_colorway=milspec-black&attribute_pa_size=l","768686011160","1784999","1784974","2026-09-11T12:08:04.173Z"
"Giro HRc +MERINO","Giro","","","","Clothing","Socks","Unspecified","Unspecified","S","socks:s","S","Colorway: DUSTY PURPLE/BLACK, Size: S","","27.95","27.95","https://bikecloset.com/product/hrc-merino/?attribute_pa_colorway=dusty-purple-black&attribute_pa_size=s","768686199844","1784997","1784974","2026-09-11T12:08:04.173Z"
"Giro HRc +MERINO","Giro","","","","Clothing","Socks","Unspecified","Unspecified","XL","socks:xl","XL","Colorway: DARK RED/BLACK/GRAY, Size: XL","","14.99","27.95","https://bikecloset.com/product/hrc-merino/?attribute_pa_colorway=dark-red-black-gray&attribute_pa_size=xl","768686082894","1784995","1784974","2026-09-11T12:08:04.173Z"
"Giro HRc +MERINO","Giro","","","","Clothing","Socks","Unspecified","Unspecified","S","socks:s","S","Colorway: DARK RED/BLACK/GRAY, Size: S","","14.99","27.95","https://bikecloset.com/product/hrc-merino/?attribute_pa_colorway=dark-red-black-gray&attribute_pa_size=s","768686082863","1784993","1784974","2026-09-11T12:08:04.173Z"
"Giro HRc +MERINO","Giro","","","","Clothing","Socks","Unspecified","Unspecified","M","socks:m","M","Colorway: DARK RED/BLACK/GRAY, Size: M","","14.99","27.95","https://bikecloset.com/product/hrc-merino/?attribute_pa_colorway=dark-red-black-gray&attribute_pa_size=m","768686082870","1784991","1784974","2026-09-11T12:08:04.173Z"
"Giro HRc +MERINO","Giro","","","","Clothing","Socks","Unspecified","Unspecified","L","socks:l","L","Colorway: DARK RED/BLACK/GRAY, Size: L","","14.99","27.95","https://bikecloset.com/product/hrc-merino/?attribute_pa_colorway=dark-red-black-gray&attribute_pa_size=l","768686082887","1784989","1784974","2026-09-11T12:08:04.173Z"
"Giro HRc +MERINO","Giro","","","","Clothing","Socks","Unspecified","Unspecified","S","socks:s","S","Colorway: BRIGHT LIME/BLACK, Size: S","","27.95","27.95","https://bikecloset.com/product/hrc-merino/?attribute_pa_colorway=bright-lime-black&attribute_pa_size=s","768686011269","1784987","1784974","2026-09-11T12:08:04.173Z"
"Giro HRc +MERINO","Giro","","","","Clothing","Socks","Unspecified","Unspecified","M","socks:m","M","Colorway: BRIGHT LIME/BLACK, Size: M","","14.99","27.95","https://bikecloset.com/product/hrc-merino/?attribute_pa_colorway=bright-lime-black&attribute_pa_size=m","768686011276","1784985","1784974","2026-09-11T12:08:04.173Z"
"Giro HRc +MERINO","Giro","","","","Clothing","Socks","Unspecified","Unspecified","L","socks:l","L","Colorway: BRIGHT LIME/BLACK, Size: L","","14.99","27.95","https://bikecloset.com/product/hrc-merino/?attribute_pa_colorway=bright-lime-black&attribute_pa_size=l","768686011283","1784983","1784974","2026-09-11T12:08:04.173Z"
"Giro HRc +MERINO","Giro","","","","Clothing","Socks","Unspecified","Unspecified","XL","socks:xl","XL","Colorway: BLACK/CHARCOAL, Size: XL","","27.95","27.95","https://bikecloset.com/product/hrc-merino/?attribute_pa_colorway=black-charcoal&attribute_pa_size=xl","768686011139","1784981","1784974","2026-09-11T12:08:04.173Z"
"Giro HRc +MERINO","Giro","","","","Clothing","Socks","Unspecified","Unspecified","L","socks:l","L","Colorway: BLACK/CHARCOAL, Size: L","","14.99","27.95","https://bikecloset.com/product/hrc-merino/?attribute_pa_colorway=black-charcoal&attribute_pa_size=l","768686011122","1784975","1784974","2026-09-11T12:08:04.173Z"
"Giro HRc +MERINO","Giro","","","","Clothing","Socks","Unspecified","Unspecified","S","socks:s","S","Colorway: BLACK/CHARCOAL, Size: S","","14.99","27.95","https://bikecloset.com/product/hrc-merino/?attribute_pa_colorway=black-charcoal&attribute_pa_size=s","768686011108","1784979","1784974","2026-09-11T12:08:04.173Z"
"Giro HRc +MERINO","Giro","","","","Clothing","Socks","Unspecified","Unspecified","M","socks:m","M","Colorway: BLACK/CHARCOAL, Size: M","","14.99","27.95","https://bikecloset.com/product/hrc-merino/?attribute_pa_colorway=black-charcoal&attribute_pa_size=m","768686011115","1784977","1784974","2026-09-11T12:08:04.173Z"
"Giro Comp Racer","Giro","","","","Clothing","Socks","Unspecified","Unspecified","XL","socks:xl","XL","Colorway: WHITE, Size: XL","","8.99","15.95","https://bikecloset.com/product/comp-racer/?attribute_pa_colorway=white&attribute_pa_size=xl","768686407291","1784972","1784927","2026-09-11T12:08:04.173Z"
"Giro Comp Racer","Giro","","","","Clothing","Socks","Unspecified","Unspecified","M","socks:m","M","Colorway: WHITE, Size: M","","8.99","15.95","https://bikecloset.com/product/comp-racer/?attribute_pa_colorway=white&attribute_pa_size=m","768686407277","1784970","1784927","2026-09-11T12:08:04.173Z"
"Giro Comp Racer","Giro","","","","Clothing","Socks","Unspecified","Unspecified","L","socks:l","L","Colorway: WHITE, Size: L","","8.99","15.95","https://bikecloset.com/product/comp-racer/?attribute_pa_colorway=white&attribute_pa_size=l","768686407284","1784968","1784927","2026-09-11T12:08:04.173Z"
"Giro Comp Racer","Giro","","","","Clothing","Socks","Unspecified","Unspecified","XL","socks:xl","XL","Colorway: URCHIN, Size: XL","","8.99","15.95","https://bikecloset.com/product/comp-racer/?attribute_pa_colorway=urchin&attribute_pa_size=xl","768686407253","1784966","1784927","2026-09-11T12:08:04.173Z"
"Giro Comp Racer","Giro","","","","Clothing","Socks","Unspecified","Unspecified","S","socks:s","S","Colorway: URCHIN, Size: S","","15.95","15.95","https://bikecloset.com/product/comp-racer/?attribute_pa_colorway=urchin&attribute_pa_size=s","768686407222","1784964","1784927","2026-09-11T12:08:04.173Z"
"Giro Comp Racer","Giro","","","","Clothing","Socks","Unspecified","Unspecified","M","socks:m","M","Colorway: URCHIN, Size: M","","8.99","15.95","https://bikecloset.com/product/comp-racer/?attribute_pa_colorway=urchin&attribute_pa_size=m","768686407239","1784962","1784927","2026-09-11T12:08:04.173Z"
"Giro Comp Racer","Giro","","","","Clothing","Socks","Unspecified","Unspecified","L","socks:l","L","Colorway: URCHIN, Size: L","","8.99","15.95","https://bikecloset.com/product/comp-racer/?attribute_pa_colorway=urchin&attribute_pa_size=l","768686407246","1784960","1784927","2026-09-11T12:08:04.173Z"
"Giro Comp Racer","Giro","","","","Clothing","Socks","Unspecified","Unspecified","XL","socks:xl","XL","Colorway: MINERAL, Size: XL","","8.99","15.95","https://bikecloset.com/product/comp-racer/?attribute_pa_colorway=mineral&attribute_pa_size=xl","196178054973","1784958","1784927","2026-09-11T12:08:04.173Z"
"Giro Comp Racer","Giro","","","","Clothing","Socks","Unspecified","Unspecified","S","socks:s","S","Colorway: MINERAL, Size: S","","8.99","15.95","https://bikecloset.com/product/comp-racer/?attribute_pa_colorway=mineral&attribute_pa_size=s","196178054942","1784956","1784927","2026-09-11T12:08:04.173Z"
"Giro Comp Racer","Giro","","","","Clothing","Socks","Unspecified","Unspecified","M","socks:m","M","Colorway: MINERAL, Size: M","","8.99","15.95","https://bikecloset.com/product/comp-racer/?attribute_pa_colorway=mineral&attribute_pa_size=m","196178054959","1784954","1784927","2026-09-11T12:08:04.173Z"
"Giro Comp Racer","Giro","","","","Clothing","Socks","Unspecified","Unspecified","L","socks:l","L","Colorway: MINERAL, Size: L","","8.99","15.95","https://bikecloset.com/product/comp-racer/?attribute_pa_colorway=mineral&attribute_pa_size=l","196178054966","1784952","1784927","2026-09-11T12:08:04.173Z"
"Giro Comp Racer","Giro","","","","Clothing","Socks","Unspecified","Unspecified","XL","socks:xl","XL","Colorway: MIDNIGHT, Size: XL","","8.99","15.95","https://bikecloset.com/product/comp-racer/?attribute_pa_colorway=midnight&attribute_pa_size=xl","196178054935","1784950","1784927","2026-09-11T12:08:04.173Z"
"Giro Comp Racer","Giro","","","","Clothing","Socks","Unspecified","Unspecified","S","socks:s","S","Colorway: MIDNIGHT, Size: S","","15.95","15.95","https://bikecloset.com/product/comp-racer/?attribute_pa_colorway=midnight&attribute_pa_size=s","196178054904","1784948","1784927","2026-09-11T12:08:04.173Z"
"Giro Comp Racer","Giro","","","","Clothing","Socks","Unspecified","Unspecified","M","socks:m","M","Colorway: MIDNIGHT, Size: M","","8.99","15.95","https://bikecloset.com/product/comp-racer/?attribute_pa_colorway=midnight&attribute_pa_size=m","196178054911","1784946","1784927","2026-09-11T12:08:04.173Z"
"Giro Comp Racer","Giro","","","","Clothing","Socks","Unspecified","Unspecified","L","socks:l","L","Colorway: MIDNIGHT, Size: L","","8.99","15.95","https://bikecloset.com/product/comp-racer/?attribute_pa_colorway=midnight&attribute_pa_size=l","196178054928","1784944","1784927","2026-09-11T12:08:04.173Z"
"Giro Comp Racer","Giro","","","","Clothing","Socks","Unspecified","Unspecified","XL","socks:xl","XL","Colorway: BRIGHT RED, Size: XL","","15.95","15.95","https://bikecloset.com/product/comp-racer/?attribute_pa_colorway=bright-red&attribute_pa_size=xl","768686082658","1784942","1784927","2026-09-11T12:08:04.173Z"
"Giro Comp Racer","Giro","","","","Clothing","Socks","Unspecified","Unspecified","S","socks:s","S","Colorway: BRIGHT RED, Size: S","","8.99","15.95","https://bikecloset.com/product/comp-racer/?attribute_pa_colorway=bright-red&attribute_pa_size=s","768686082627","1784940","1784927","2026-09-11T12:08:04.173Z"
"Giro Comp Racer","Giro","","","","Clothing","Socks","Unspecified","Unspecified","L","socks:l","L","Colorway: BLACK, Size: L","","8.99","15.95","https://bikecloset.com/product/comp-racer/?attribute_pa_colorway=black&attribute_pa_size=l","768686407161","1784928","1784927","2026-09-11T12:08:04.173Z"
"Giro Comp High Rise Grinduro Edition","Giro","","","","Clothing","Socks","Unspecified","Unspecified","L","socks:l","L","Colorway: PURPLE CHCKR, Size: L","","8.99","19.99","https://bikecloset.com/product/comp-high-rise-custom/?attribute_pa_colorway=purple-chckr&attribute_pa_size=l","196178055611","1784908","1784907","2026-09-11T12:08:04.173Z"
"Giro Comp Racer","Giro","","","","Clothing","Socks","Unspecified","Unspecified","M","socks:m","M","Colorway: BRIGHT RED, Size: M","","8.99","15.95","https://bikecloset.com/product/comp-racer/?attribute_pa_colorway=bright-red&attribute_pa_size=m","768686082634","1784938","1784927","2026-09-11T12:08:04.173Z"
"Giro Comp Racer","Giro","","","","Clothing","Socks","Unspecified","Unspecified","L","socks:l","L","Colorway: BRIGHT RED, Size: L","","8.99","15.95","https://bikecloset.com/product/comp-racer/?attribute_pa_colorway=bright-red&attribute_pa_size=l","768686082641","1784936","1784927","2026-09-11T12:08:04.173Z"
"Giro Comp Racer","Giro","","","","Clothing","Socks","Unspecified","Unspecified","XL","socks:xl","XL","Colorway: BLACK, Size: XL","","8.99","15.95","https://bikecloset.com/product/comp-racer/?attribute_pa_colorway=black&attribute_pa_size=xl","768686407178","1784934","1784927","2026-09-11T12:08:04.173Z"
"Giro Comp Racer","Giro","","","","Clothing","Socks","Unspecified","Unspecified","S","socks:s","S","Colorway: BLACK, Size: S","","15.95","15.95","https://bikecloset.com/product/comp-racer/?attribute_pa_colorway=black&attribute_pa_size=s","768686407147","1784932","1784927","2026-09-11T12:08:04.173Z"
"Giro Comp Racer","Giro","","","","Clothing","Socks","Unspecified","Unspecified","M","socks:m","M","Colorway: BLACK, Size: M","","8.99","15.95","https://bikecloset.com/product/comp-racer/?attribute_pa_colorway=black&attribute_pa_size=m","768686407154","1784930","1784927","2026-09-11T12:08:04.173Z"
"Giro Comp High Rise","Giro","","","","Clothing","Socks","Unspecified","Unspecified","XL","socks:xl","XL","Colorway: MINERAL HALCYON, Size: XL","","9.99","19.95","https://bikecloset.com/product/comp-high-rise/?attribute_pa_colorway=mineral-halcyon&attribute_pa_size=xl","196178055215","1784925","1784860","2026-09-11T12:08:04.173Z"
"Giro Comp High Rise","Giro","","","","Clothing","Socks","Unspecified","Unspecified","S","socks:s","S","Colorway: MINERAL HALCYON, Size: S","","19.95","19.95","https://bikecloset.com/product/comp-high-rise/?attribute_pa_colorway=mineral-halcyon&attribute_pa_size=s","196178055185","1784923","1784860","2026-09-11T12:08:04.173Z"
"Giro Comp High Rise","Giro","","","","Clothing","Socks","Unspecified","Unspecified","M","socks:m","M","Colorway: MINERAL HALCYON, Size: M","","9.99","19.95","https://bikecloset.com/product/comp-high-rise/?attribute_pa_colorway=mineral-halcyon&attribute_pa_size=m","196178055192","1784921","1784860","2026-09-11T12:08:04.173Z"
"Giro Comp High Rise","Giro","","","","Clothing","Socks","Unspecified","Unspecified","L","socks:l","L","Colorway: MINERAL HALCYON, Size: L","","9.99","19.95","https://bikecloset.com/product/comp-high-rise/?attribute_pa_colorway=mineral-halcyon&attribute_pa_size=l","196178055208","1784919","1784860","2026-09-11T12:08:04.173Z"
"Giro Comp High Rise","Giro","","","","Clothing","Socks","Unspecified","Unspecified","XL","socks:xl","XL","Colorway: LIGHT LILAC/LIGHT MINERAL, Size: XL","","9.99","19.95","https://bikecloset.com/product/comp-high-rise/?attribute_pa_colorway=light-lilac-light-mineral&attribute_pa_size=xl","196178055178","1784917","1784860","2026-09-11T12:08:04.173Z"
"Giro Comp High Rise","Giro","","","","Clothing","Socks","Unspecified","Unspecified","S","socks:s","S","Colorway: LIGHT LILAC/LIGHT MINERAL, Size: S","","9.99","19.95","https://bikecloset.com/product/comp-high-rise/?attribute_pa_colorway=light-lilac-light-mineral&attribute_pa_size=s","196178055147","1784915","1784860","2026-09-11T12:08:04.173Z"
"Giro Comp High Rise","Giro","","","","Clothing","Socks","Unspecified","Unspecified","M","socks:m","M","Colorway: LIGHT LILAC/LIGHT MINERAL, Size: M","","9.99","19.95","https://bikecloset.com/product/comp-high-rise/?attribute_pa_colorway=light-lilac-light-mineral&attribute_pa_size=m","196178055154","1784913","1784860","2026-09-11T12:08:04.173Z"
"Giro Comp High Rise","Giro","","","","Clothing","Socks","Unspecified","Unspecified","L","socks:l","L","Colorway: LIGHT LILAC/LIGHT MINERAL, Size: L","","9.99","19.95","https://bikecloset.com/product/comp-high-rise/?attribute_pa_colorway=light-lilac-light-mineral&attribute_pa_size=l","196178055161","1784911","1784860","2026-09-11T12:08:04.173Z"
"Giro Comp High Rise Grinduro Edition","Giro","","","","Clothing","Socks","Unspecified","Unspecified","S","socks:s","S","Colorway: PURPLE CHCKR, Size: S","","8.99","19.99","https://bikecloset.com/product/comp-high-rise-custom/?attribute_pa_colorway=purple-chckr&attribute_pa_size=s","196178055598","1784910","1784907","2026-09-11T12:08:04.173Z"
"Giro Comp High Rise Grinduro Edition","Giro","","","","Clothing","Socks","Unspecified","Unspecified","M","socks:m","M","Colorway: PURPLE CHCKR, Size: M","","8.99","19.99","https://bikecloset.com/product/comp-high-rise-custom/?attribute_pa_colorway=purple-chckr&attribute_pa_size=m","196178055604","1784909","1784907","2026-09-11T12:08:04.173Z"
"Giro Comp High Rise","Giro","","","","Clothing","Socks","Unspecified","Unspecified","M","socks:m","M","Colorway: GREY, Size: M","","9.99","19.95","https://bikecloset.com/product/comp-high-rise/?attribute_pa_colorway=grey&attribute_pa_size=m","768686492297","1784905","1784860","2026-09-11T12:08:04.173Z"
"Giro Comp High Rise","Giro","","","","Clothing","Socks","Unspecified","Unspecified","L","socks:l","L","Colorway: GREY, Size: L","","9.99","19.95","https://bikecloset.com/product/comp-high-rise/?attribute_pa_colorway=grey&attribute_pa_size=l","768686492303","1784903","1784860","2026-09-11T12:08:04.173Z"
"Giro Comp High Rise","Giro","","","","Clothing","Socks","Unspecified","Unspecified","XL","socks:xl","XL","Colorway: DUSTY ROSE LINOCUT, Size: XL","","9.99","19.95","https://bikecloset.com/product/comp-high-rise/?attribute_pa_colorway=dusty-rose-linocut&attribute_pa_size=xl","196178117142","1784901","1784860","2026-09-11T12:08:04.173Z"
"Giro Comp High Rise","Giro","","","","Clothing","Socks","Unspecified","Unspecified","L","socks:l","L","Colorway: 85 WHITE, Size: L","","9.99","19.95","https://bikecloset.com/product/comp-high-rise/?attribute_pa_colorway=85-white&attribute_pa_size=l","196178055000","1784861","1784860","2026-09-11T12:08:04.173Z"
"Giro Comp High Rise","Giro","","","","Clothing","Socks","Unspecified","Unspecified","M","socks:m","M","Colorway: DUSTY ROSE LINOCUT, Size: M","","9.99","19.95","https://bikecloset.com/product/comp-high-rise/?attribute_pa_colorway=dusty-rose-linocut&attribute_pa_size=m","196178117128","1784899","1784860","2026-09-11T12:08:04.173Z"
"Giro Comp High Rise","Giro","","","","Clothing","Socks","Unspecified","Unspecified","L","socks:l","L","Colorway: DUSTY ROSE LINOCUT, Size: L","","9.99","19.95","https://bikecloset.com/product/comp-high-rise/?attribute_pa_colorway=dusty-rose-linocut&attribute_pa_size=l","196178117135","1784897","1784860","2026-09-11T12:08:04.173Z"
"Giro Comp High Rise","Giro","","","","Clothing","Socks","Unspecified","Unspecified","XL","socks:xl","XL","Colorway: DARK SHARK/SPECTRA YELLOW, Size: XL","","9.99","19.95","https://bikecloset.com/product/comp-high-rise/?attribute_pa_colorway=dark-shark-spectra-yellow&attribute_pa_size=xl","196178055130","1784895","1784860","2026-09-11T12:08:04.173Z"
"Giro Comp High Rise","Giro","","","","Clothing","Socks","Unspecified","Unspecified","S","socks:s","S","Colorway: DARK SHARK/SPECTRA YELLOW, Size: S","","19.95","19.95","https://bikecloset.com/product/comp-high-rise/?attribute_pa_colorway=dark-shark-spectra-yellow&attribute_pa_size=s","196178055109","1784893","1784860","2026-09-11T12:08:04.173Z"
"Giro Comp High Rise","Giro","","","","Clothing","Socks","Unspecified","Unspecified","M","socks:m","M","Colorway: DARK SHARK/SPECTRA YELLOW, Size: M","","9.99","19.95","https://bikecloset.com/product/comp-high-rise/?attribute_pa_colorway=dark-shark-spectra-yellow&attribute_pa_size=m","196178055116","1784891","1784860","2026-09-11T12:08:04.173Z"
"Giro Comp High Rise","Giro","","","","Clothing","Socks","Unspecified","Unspecified","L","socks:l","L","Colorway: DARK SHARK/SPECTRA YELLOW, Size: L","","9.99","19.95","https://bikecloset.com/product/comp-high-rise/?attribute_pa_colorway=dark-shark-spectra-yellow&attribute_pa_size=l","196178055123","1784889","1784860","2026-09-11T12:08:04.173Z"
"Giro Comp High Rise","Giro","","","","Clothing","Socks","Unspecified","Unspecified","XL","socks:xl","XL","Colorway: DARK CHERRY/RASPBERRY, Size: XL","","9.99","19.95","https://bikecloset.com/product/comp-high-rise/?attribute_pa_colorway=dark-cherry-raspberry&attribute_pa_size=xl","196178055093","1784887","1784860","2026-09-11T12:08:04.173Z"
"Giro Comp High Rise","Giro","","","","Clothing","Socks","Unspecified","Unspecified","L","socks:l","L","Colorway: DARK CHERRY/RASPBERRY, Size: L","","19.95","19.95","https://bikecloset.com/product/comp-high-rise/?attribute_pa_colorway=dark-cherry-raspberry&attribute_pa_size=l","196178055086","1784885","1784860","2026-09-11T12:08:04.173Z"
"Giro Comp High Rise","Giro","","","","Clothing","Socks","Unspecified","Unspecified","XL","socks:xl","XL","Colorway: BLACK HEATWAVE, Size: XL","","9.99","19.95","https://bikecloset.com/product/comp-high-rise/?attribute_pa_colorway=black-heatwave&attribute_pa_size=xl","768686199639","1784883","1784860","2026-09-11T12:08:04.173Z"
"Giro Comp High Rise","Giro","","","","Clothing","Socks","Unspecified","Unspecified","S","socks:s","S","Colorway: BLACK HEATWAVE, Size: S","","9.99","19.95","https://bikecloset.com/product/comp-high-rise/?attribute_pa_colorway=black-heatwave&attribute_pa_size=s","768686199608","1784881","1784860","2026-09-11T12:08:04.173Z"
"Giro Comp High Rise","Giro","","","","Clothing","Socks","Unspecified","Unspecified","M","socks:m","M","Colorway: BLACK HEATWAVE, Size: M","","9.99","19.95","https://bikecloset.com/product/comp-high-rise/?attribute_pa_colorway=black-heatwave&attribute_pa_size=m","768686199615","1784879","1784860","2026-09-11T12:08:04.173Z"
"Giro Comp High Rise","Giro","","","","Clothing","Socks","Unspecified","Unspecified","L","socks:l","L","Colorway: BLACK HEATWAVE, Size: L","","9.99","19.95","https://bikecloset.com/product/comp-high-rise/?attribute_pa_colorway=black-heatwave&attribute_pa_size=l","768686199622","1784877","1784860","2026-09-11T12:08:04.173Z"
"Giro Comp High Rise","Giro","","","","Clothing","Socks","Unspecified","Unspecified","XL","socks:xl","XL","Colorway: ANO BLUE HALCYON, Size: XL","","9.99","19.95","https://bikecloset.com/product/comp-high-rise/?attribute_pa_colorway=ano-blue-halcyon&attribute_pa_size=xl","196178055055","1784875","1784860","2026-09-11T12:08:04.173Z"
"Giro Comp High Rise","Giro","","","","Clothing","Socks","Unspecified","Unspecified","S","socks:s","S","Colorway: ANO BLUE HALCYON, Size: S","","9.99","19.95","https://bikecloset.com/product/comp-high-rise/?attribute_pa_colorway=ano-blue-halcyon&attribute_pa_size=s","196178055024","1784873","1784860","2026-09-11T12:08:04.173Z"
"Giro Comp High Rise","Giro","","","","Clothing","Socks","Unspecified","Unspecified","M","socks:m","M","Colorway: ANO BLUE HALCYON, Size: M","","9.99","19.95","https://bikecloset.com/product/comp-high-rise/?attribute_pa_colorway=ano-blue-halcyon&attribute_pa_size=m","196178055031","1784871","1784860","2026-09-11T12:08:04.173Z"
"Giro Comp High Rise","Giro","","","","Clothing","Socks","Unspecified","Unspecified","XL","socks:xl","XL","Colorway: 85 WHITE, Size: XL","","9.99","19.95","https://bikecloset.com/product/comp-high-rise/?attribute_pa_colorway=85-white&attribute_pa_size=xl","196178055017","1784867","1784860","2026-09-11T12:08:04.173Z"
"Giro Comp High Rise","Giro","","","","Clothing","Socks","Unspecified","Unspecified","S","socks:s","S","Colorway: 85 WHITE, Size: S","","9.99","19.95","https://bikecloset.com/product/comp-high-rise/?attribute_pa_colorway=85-white&attribute_pa_size=s","196178054980","1784865","1784860","2026-09-11T12:08:04.173Z"
"Giro Comp High Rise","Giro","","","","Clothing","Socks","Unspecified","Unspecified","M","socks:m","M","Colorway: 85 WHITE, Size: M","","9.99","19.95","https://bikecloset.com/product/comp-high-rise/?attribute_pa_colorway=85-white&attribute_pa_size=m","196178054997","1784863","1784860","2026-09-11T12:08:04.173Z"
"Giro Chrono Sport Bib Short","Giro","","","","Clothing","Bib shorts","Unspecified","Unspecified","2XL","clothing:2xl","2XL","Size: 2XL","","59.99","129.95","https://bikecloset.com/product/m-chrono-sp-bib-short/?attribute_pa_size=2xl","768686204210","1783966","1783965","2026-09-11T12:08:04.173Z"
"Giro Chrono Expert Bib Short","Giro","","","","Clothing","Bib shorts","Unspecified","Unspecified","2XL","clothing:2xl","2XL","Size: 2XL","","99.99","189.95","https://bikecloset.com/product/m-chrono-ex-bib-short/?attribute_pa_size=2xl","196178084086","1783955","1783954","2026-09-11T12:08:04.173Z"
"Giro Chrono Elite Bib Short","Giro","","","","Clothing","Bib shorts","Unspecified","Unspecified","2XL","clothing:2xl","2XL","Size: 2XL","","139.99","241.95","https://bikecloset.com/product/m-chrono-el-bib-short/?attribute_pa_size=2xl","768686446061","1783942","1783941","2026-09-11T12:08:04.173Z"
"Giro Chrono Sport Bib Short","Giro","","","","Clothing","Bib shorts","Unspecified","Unspecified","XL","clothing:xl","XL","Size: XL","","59.99","129.95","https://bikecloset.com/product/m-chrono-sp-bib-short/?attribute_pa_size=xl","768686204203","1783974","1783965","2026-09-11T12:08:04.173Z"
"Giro Chrono Sport Bib Short","Giro","","","","Clothing","Bib shorts","Unspecified","Unspecified","S","clothing:s","S","Size: S","","59.99","129.95","https://bikecloset.com/product/m-chrono-sp-bib-short/?attribute_pa_size=s","768686204173","1783972","1783965","2026-09-11T12:08:04.173Z"
"Giro Chrono Sport Bib Short","Giro","","","","Clothing","Bib shorts","Unspecified","Unspecified","M","clothing:m","M","Size: M","","59.99","129.95","https://bikecloset.com/product/m-chrono-sp-bib-short/?attribute_pa_size=m","768686204180","1783970","1783965","2026-09-11T12:08:04.173Z"
"Giro Chrono Sport Bib Short","Giro","","","","Clothing","Bib shorts","Unspecified","Unspecified","L","clothing:l","L","Size: L","","59.99","129.95","https://bikecloset.com/product/m-chrono-sp-bib-short/?attribute_pa_size=l","768686204197","1783968","1783965","2026-09-11T12:08:04.173Z"
"Giro Chrono Expert Bib Short","Giro","","","","Clothing","Bib shorts","Unspecified","Unspecified","XL","clothing:xl","XL","Size: XL","","99.99","189.95","https://bikecloset.com/product/m-chrono-ex-bib-short/?attribute_pa_size=xl","196178084079","1783963","1783954","2026-09-11T12:08:04.173Z"
"Giro Chrono Expert Bib Short","Giro","","","","Clothing","Bib shorts","Unspecified","Unspecified","S","clothing:s","S","Size: S","","99.99","189.95","https://bikecloset.com/product/m-chrono-ex-bib-short/?attribute_pa_size=s","196178084048","1783961","1783954","2026-09-11T12:08:04.173Z"
"Giro Chrono Expert Bib Short","Giro","","","","Clothing","Bib shorts","Unspecified","Unspecified","M","clothing:m","M","Size: M","","99.99","189.95","https://bikecloset.com/product/m-chrono-ex-bib-short/?attribute_pa_size=m","196178084055","1783959","1783954","2026-09-11T12:08:04.173Z"
"Giro Chrono Expert Bib Short","Giro","","","","Clothing","Bib shorts","Unspecified","Unspecified","L","clothing:l","L","Size: L","","99.99","189.95","https://bikecloset.com/product/m-chrono-ex-bib-short/?attribute_pa_size=l","196178084062","1783957","1783954","2026-09-11T12:08:04.173Z"
"Giro Chrono Elite Bib Short","Giro","","","","Clothing","Bib shorts","Unspecified","Unspecified","XS","clothing:xs","XS","Size: XS","","139.99","241.95","https://bikecloset.com/product/m-chrono-el-bib-short/?attribute_pa_size=xs","768686446016","1783952","1783941","2026-09-11T12:08:04.173Z"
"Giro Chrono Elite Bib Short","Giro","","","","Clothing","Bib shorts","Unspecified","Unspecified","XL","clothing:xl","XL","Size: XL","","139.99","241.95","https://bikecloset.com/product/m-chrono-el-bib-short/?attribute_pa_size=xl","768686446054","1783950","1783941","2026-09-11T12:08:04.173Z"
"Giro Chrono Elite Bib Short","Giro","","","","Clothing","Bib shorts","Unspecified","Unspecified","S","clothing:s","S","Size: S","","139.99","241.95","https://bikecloset.com/product/m-chrono-el-bib-short/?attribute_pa_size=s","768686446023","1783948","1783941","2026-09-11T12:08:04.173Z"
"Giro Chrono Elite Bib Short","Giro","","","","Clothing","Bib shorts","Unspecified","Unspecified","M","clothing:m","M","Size: M","","139.99","241.95","https://bikecloset.com/product/m-chrono-el-bib-short/?attribute_pa_size=m","768686446030","1783946","1783941","2026-09-11T12:08:04.173Z"
"Giro Chrono Elite Bib Short","Giro","","","","Clothing","Bib shorts","Unspecified","Unspecified","L","clothing:l","L","Size: L","","139.99","241.95","https://bikecloset.com/product/m-chrono-el-bib-short/?attribute_pa_size=l","768686446047","1783944","1783941","2026-09-11T12:08:04.173Z"
"Endura Pro SL 3-Season Jacket","Endura","","","","Clothing","Jackets & rain shells","Unspecified","Unspecified","2XL","clothing:2xl","2XL","Color: Blue, Size: 2XL","blue","129","299.99","https://bikecloset.com/product/pro-sl-3-season-jacket/?attribute_pa_color=blue&attribute_pa_size=2xl","5056578421513","1783391","1783370","2026-09-11T12:08:04.173Z"
"Endura Pro SL 3-Season Jacket","Endura","","","","Clothing","Jackets & rain shells","Unspecified","Unspecified","XL","clothing:xl","XL","Color: Blue, Size: XL","blue","129","299.99","https://bikecloset.com/product/pro-sl-3-season-jacket/?attribute_pa_color=blue&attribute_pa_size=xl","5056578421551","1783389","1783370","2026-09-11T12:08:04.173Z"
"Endura Pro SL 3-Season Jacket","Endura","","","","Clothing","Jackets & rain shells","Unspecified","Unspecified","L","clothing:l","L","Color: Blue, Size: L","blue","129","299.99","https://bikecloset.com/product/pro-sl-3-season-jacket/?attribute_pa_color=blue&attribute_pa_size=l","5056578421520","1783387","1783370","2026-09-11T12:08:04.173Z"
"Endura Pro SL 3-Season Jacket","Endura","","","","Clothing","Jackets & rain shells","Unspecified","Unspecified","M","clothing:m","M","Color: Blue, Size: M","blue","129","299.99","https://bikecloset.com/product/pro-sl-3-season-jacket/?attribute_pa_color=blue&attribute_pa_size=m","5056578421537","1783385","1783370","2026-09-11T12:08:04.173Z"
"Endura Pro SL 3-Season Jacket","Endura","","","","Clothing","Jackets & rain shells","Unspecified","Unspecified","XS","clothing:xs","XS","Color: Blue, Size: XS","blue","129","299.99","https://bikecloset.com/product/pro-sl-3-season-jacket/?attribute_pa_color=blue&attribute_pa_size=xs","5056578421568","1783383","1783370","2026-09-11T12:08:04.173Z"
"Endura Pro SL 3-Season Jacket","Endura","","","","Clothing","Jackets & rain shells","Unspecified","Unspecified","2XL","clothing:2xl","2XL","Color: Black, Size: 2XL","black","129","299.99","https://bikecloset.com/product/pro-sl-3-season-jacket/?attribute_pa_color=black&attribute_pa_size=2xl","5056286909211","1783381","1783370","2026-09-11T12:08:04.173Z"
"Endura Pro SL 3-Season Jacket","Endura","","","","Clothing","Jackets & rain shells","Unspecified","Unspecified","XL","clothing:xl","XL","Color: Black, Size: XL","black","129","299.99","https://bikecloset.com/product/pro-sl-3-season-jacket/?attribute_pa_color=black&attribute_pa_size=xl","5056286909204","1783379","1783370","2026-09-11T12:08:04.173Z"
"Endura Pro SL 3-Season Jacket","Endura","","","","Clothing","Jackets & rain shells","Unspecified","Unspecified","L","clothing:l","L","Color: Black, Size: L","black","129","299.99","https://bikecloset.com/product/pro-sl-3-season-jacket/?attribute_pa_color=black&attribute_pa_size=l","5056286909198","1783377","1783370","2026-09-11T12:08:04.173Z"
"Endura Pro SL 3-Season Jacket","Endura","","","","Clothing","Jackets & rain shells","Unspecified","Unspecified","M","clothing:m","M","Color: Black, Size: M","black","129","299.99","https://bikecloset.com/product/pro-sl-3-season-jacket/?attribute_pa_color=black&attribute_pa_size=m","5056286909181","1783375","1783370","2026-09-11T12:08:04.173Z"
"Endura Pro SL 3-Season Jacket","Endura","","","","Clothing","Jackets & rain shells","Unspecified","Unspecified","XS","clothing:xs","XS","Color: Black, Size: XS","black","129","299.99","https://bikecloset.com/product/pro-sl-3-season-jacket/?attribute_pa_color=black&attribute_pa_size=xs","5056286909167","1783371","1783370","2026-09-11T12:08:04.173Z"
"Endura Pro SL 3-Season Jacket","Endura","","","","Clothing","Jackets & rain shells","Unspecified","Unspecified","S","clothing:s","S","Color: Black, Size: S","black","129","299.99","https://bikecloset.com/product/pro-sl-3-season-jacket/?attribute_pa_color=black&attribute_pa_size=s","5056286909174","1783373","1783370","2026-09-11T12:08:04.173Z"
"Endura SingleTrack Short II","Endura","","","","Clothing","Shorts","Unspecified","Mountain / trail","2XL","clothing:2xl","2XL","Color: Mushroom, Size: 2XL","mushroom","39.99","119.99","https://bikecloset.com/product/singletrack-short-ii/?attribute_pa_color=mushroom&attribute_pa_size=2xl","5056286981644","1783368","1783345","2026-09-11T12:08:04.173Z"
"Endura SingleTrack Short II","Endura","","","","Clothing","Shorts","Unspecified","Mountain / trail","XL","clothing:xl","XL","Color: Mushroom, Size: XL","mushroom","39.99","119.99","https://bikecloset.com/product/singletrack-short-ii/?attribute_pa_color=mushroom&attribute_pa_size=xl","5056286981637","1783366","1783345","2026-09-11T12:08:04.173Z"
"Endura SingleTrack Short II","Endura","","","","Clothing","Shorts","Unspecified","Mountain / trail","L","clothing:l","L","Color: Mushroom, Size: L","mushroom","39.99","119.99","https://bikecloset.com/product/singletrack-short-ii/?attribute_pa_color=mushroom&attribute_pa_size=l","5056286981620","1783364","1783345","2026-09-11T12:08:04.173Z"
"Endura SingleTrack Short II","Endura","","","","Clothing","Shorts","Unspecified","Mountain / trail","M","clothing:m","M","Color: Mushroom, Size: M","mushroom","39.99","119.99","https://bikecloset.com/product/singletrack-short-ii/?attribute_pa_color=mushroom&attribute_pa_size=m","5056286981613","1783362","1783345","2026-09-11T12:08:04.173Z"
"Endura SingleTrack Short II","Endura","","","","Clothing","Shorts","Unspecified","Mountain / trail","3XL","clothing:3xl","3XL","Color: Bara Blue, Size: 3XL","bara-blue","39.99","119.99","https://bikecloset.com/product/singletrack-short-ii/?attribute_pa_color=bara-blue&attribute_pa_size=3xl","5056578406992","1783356","1783345","2026-09-11T12:08:04.173Z"
"Endura SingleTrack Short II","Endura","","","","Clothing","Shorts","Unspecified","Mountain / trail","2XL","clothing:2xl","2XL","Color: Bara Blue, Size: 2XL","bara-blue","39.99","119.99","https://bikecloset.com/product/singletrack-short-ii/?attribute_pa_color=bara-blue&attribute_pa_size=2xl","5056578406985","1783354","1783345","2026-09-11T12:08:04.173Z"
"Endura SingleTrack Short II","Endura","","","","Clothing","Shorts","Unspecified","Mountain / trail","S","clothing:s","S","Color: Bara Blue, Size: S","bara-blue","39.99","119.99","https://bikecloset.com/product/singletrack-short-ii/?attribute_pa_color=bara-blue&attribute_pa_size=s","5056578407029","1783346","1783345","2026-09-11T12:08:04.173Z"
"Endura SingleTrack Short II","Endura","","","","Clothing","Shorts","Unspecified","Mountain / trail","XL","clothing:xl","XL","Color: Bara Blue, Size: XL","bara-blue","39.99","119.99","https://bikecloset.com/product/singletrack-short-ii/?attribute_pa_color=bara-blue&attribute_pa_size=xl","5056578407036","1783352","1783345","2026-09-11T12:08:04.173Z"
"Endura SingleTrack Short II","Endura","","","","Clothing","Shorts","Unspecified","Mountain / trail","M","clothing:m","M","Color: Bara Blue, Size: M","bara-blue","39.99","119.99","https://bikecloset.com/product/singletrack-short-ii/?attribute_pa_color=bara-blue&attribute_pa_size=m","5056578407012","1783348","1783345","2026-09-11T12:08:04.173Z"
"Endura Xtract Bibshort II","Endura","","","","Clothing","Bib shorts","Unspecified","Unspecified","XL","clothing:xl","XL","Color: Black, Size: XL","black","39.99","89.99","https://bikecloset.com/product/xtract-bibshort-ii/?attribute_pa_color=black&attribute_pa_size=xl","5055939953199","1783341","1783334","2026-09-11T12:08:04.173Z"
"Endura Xtract Bibshort II","Endura","","","","Clothing","Bib shorts","Unspecified","Unspecified","L","clothing:l","L","Color: Black, Size: L","black","39.99","89.99","https://bikecloset.com/product/xtract-bibshort-ii/?attribute_pa_color=black&attribute_pa_size=l","5055939953182","1783339","1783334","2026-09-11T12:08:04.173Z"
"Endura Pro SL L/S Jersey II","Endura","","","","Clothing","Jerseys","Unspecified","Unspecified","2XL","clothing:2xl","2XL","Color: Yellow Mustard, Size: 2XL","yellow-mustard","139.99","139.99","https://bikecloset.com/product/pro-sl-l-s-jersey-ii/?attribute_pa_color=yellow-mustard&attribute_pa_size=2xl","5055939957845","1783332","1783313","2026-09-11T12:08:04.173Z"
"Endura Pro SL L/S Jersey II","Endura","","","","Clothing","Jerseys","Unspecified","Unspecified","XS","clothing:xs","XS","Color: Black, Size: XS","black","139.99","139.99","https://bikecloset.com/product/pro-sl-l-s-jersey-ii/?attribute_pa_color=black&attribute_pa_size=xs","5055939966182","1783314","1783313","2026-09-11T12:08:04.173Z"
"Endura Strike Glove","Endura","","","","Clothing","Gloves","Unspecified","Unspecified","XS","clothing:xs","XS","Color: Black, Size: XS","black","49.99","49.99","https://bikecloset.com/product/strike-glove/?attribute_pa_color=black&attribute_pa_size=xs","5055939987866","1783291","1783290","2026-09-11T12:08:04.173Z"
"Endura Pro SL L/S Jersey II","Endura","","","","Clothing","Jerseys","Unspecified","Unspecified","S","clothing:s","S","Color: Yellow Mustard, Size: S","yellow-mustard","139.99","139.99","https://bikecloset.com/product/pro-sl-l-s-jersey-ii/?attribute_pa_color=yellow-mustard&attribute_pa_size=s","5055939957807","1783330","1783313","2026-09-11T12:08:04.173Z"
"Endura Pro SL L/S Jersey II","Endura","","","","Clothing","Jerseys","Unspecified","Unspecified","XS","clothing:xs","XS","Color: Yellow Mustard, Size: XS","yellow-mustard","139.99","139.99","https://bikecloset.com/product/pro-sl-l-s-jersey-ii/?attribute_pa_color=yellow-mustard&attribute_pa_size=xs","5056286971218","1783328","1783313","2026-09-11T12:08:04.173Z"
"Endura Pro SL L/S Jersey II","Endura","","","","Clothing","Jerseys","Unspecified","Unspecified","XL","clothing:xl","XL","Color: Grape, Size: XL","grape","139.99","139.99","https://bikecloset.com/product/pro-sl-l-s-jersey-ii/?attribute_pa_color=grape&attribute_pa_size=xl","5056286938143","1783326","1783313","2026-09-11T12:08:04.173Z"
"Endura Pro SL L/S Jersey II","Endura","","","","Clothing","Jerseys","Unspecified","Unspecified","2XL","clothing:2xl","2XL","Color: Black, Size: 2XL","black","139.99","139.99","https://bikecloset.com/product/pro-sl-l-s-jersey-ii/?attribute_pa_color=black&attribute_pa_size=2xl","5055939957746","1783324","1783313","2026-09-11T12:08:04.173Z"
"Endura Pro SL L/S Jersey II","Endura","","","","Clothing","Jerseys","Unspecified","Unspecified","XL","clothing:xl","XL","Color: Black, Size: XL","black","49.99","139.99","https://bikecloset.com/product/pro-sl-l-s-jersey-ii/?attribute_pa_color=black&attribute_pa_size=xl","5055939957739","1783322","1783313","2026-09-11T12:08:04.173Z"
"Endura Pro SL L/S Jersey II","Endura","","","","Clothing","Jerseys","Unspecified","Unspecified","L","clothing:l","L","Color: Black, Size: L","black","49.99","139.99","https://bikecloset.com/product/pro-sl-l-s-jersey-ii/?attribute_pa_color=black&attribute_pa_size=l","5055939957722","1783320","1783313","2026-09-11T12:08:04.173Z"
"Endura Pro SL L/S Jersey II","Endura","","","","Clothing","Jerseys","Unspecified","Unspecified","M","clothing:m","M","Color: Black, Size: M","black","49.99","139.99","https://bikecloset.com/product/pro-sl-l-s-jersey-ii/?attribute_pa_color=black&attribute_pa_size=m","5055939957715","1783318","1783313","2026-09-11T12:08:04.173Z"
"Endura Pro SL L/S Jersey II","Endura","","","","Clothing","Jerseys","Unspecified","Unspecified","S","clothing:s","S","Color: Black, Size: S","black","139.99","139.99","https://bikecloset.com/product/pro-sl-l-s-jersey-ii/?attribute_pa_color=black&attribute_pa_size=s","5055939957708","1783316","1783313","2026-09-11T12:08:04.173Z"
"Endura Strike Glove","Endura","","","","Clothing","Gloves","Unspecified","Unspecified","2XL","clothing:2xl","2XL","Color: Bright Yellow, Size: 2XL","bright-yellow","19.99","49.99","https://bikecloset.com/product/strike-glove/?attribute_pa_color=bright-yellow&attribute_pa_size=2xl","5055939988030","1783311","1783290","2026-09-11T12:08:04.173Z"
"Endura Strike Glove","Endura","","","","Clothing","Gloves","Unspecified","Unspecified","XL","clothing:xl","XL","Color: Bright Yellow, Size: XL","bright-yellow","19.99","49.99","https://bikecloset.com/product/strike-glove/?attribute_pa_color=bright-yellow&attribute_pa_size=xl","5055939988023","1783309","1783290","2026-09-11T12:08:04.173Z"
"Endura Strike Glove","Endura","","","","Clothing","Gloves","Unspecified","Unspecified","L","clothing:l","L","Color: Bright Yellow, Size: L","bright-yellow","19.99","49.99","https://bikecloset.com/product/strike-glove/?attribute_pa_color=bright-yellow&attribute_pa_size=l","5055939988016","1783307","1783290","2026-09-11T12:08:04.173Z"
"Endura Strike Glove","Endura","","","","Clothing","Gloves","Unspecified","Unspecified","S","clothing:s","S","Color: Bright Yellow, Size: S","bright-yellow","19.99","49.99","https://bikecloset.com/product/strike-glove/?attribute_pa_color=bright-yellow&attribute_pa_size=s","5055939987996","1783305","1783290","2026-09-11T12:08:04.173Z"
"Endura Strike Glove","Endura","","","","Clothing","Gloves","Unspecified","Unspecified","XS","clothing:xs","XS","Color: Bright Yellow, Size: XS","bright-yellow","49.99","49.99","https://bikecloset.com/product/strike-glove/?attribute_pa_color=bright-yellow&attribute_pa_size=xs","5055939987989","1783303","1783290","2026-09-11T12:08:04.173Z"
"Endura Strike Glove","Endura","","","","Clothing","Gloves","Unspecified","Unspecified","2XL","clothing:2xl","2XL","Color: Black, Size: 2XL","black","19.99","49.99","https://bikecloset.com/product/strike-glove/?attribute_pa_color=black&attribute_pa_size=2xl","5055939987910","1783301","1783290","2026-09-11T12:08:04.173Z"
"Endura Strike Glove","Endura","","","","Clothing","Gloves","Unspecified","Unspecified","XL","clothing:xl","XL","Color: Black, Size: XL","black","19.99","49.99","https://bikecloset.com/product/strike-glove/?attribute_pa_color=black&attribute_pa_size=xl","5055939987903","1783299","1783290","2026-09-11T12:08:04.173Z"
"Endura Strike Glove","Endura","","","","Clothing","Gloves","Unspecified","Unspecified","L","clothing:l","L","Color: Black, Size: L","black","19.99","49.99","https://bikecloset.com/product/strike-glove/?attribute_pa_color=black&attribute_pa_size=l","5055939987897","1783297","1783290","2026-09-11T12:08:04.173Z"
"Endura Strike Glove","Endura","","","","Clothing","Gloves","Unspecified","Unspecified","M","clothing:m","M","Color: Black, Size: M","black","19.99","49.99","https://bikecloset.com/product/strike-glove/?attribute_pa_color=black&attribute_pa_size=m","5055939987880","1783295","1783290","2026-09-11T12:08:04.173Z"
"Endura Strike Glove","Endura","","","","Clothing","Gloves","Unspecified","Unspecified","S","clothing:s","S","Color: Black, Size: S","black","19.99","49.99","https://bikecloset.com/product/strike-glove/?attribute_pa_color=black&attribute_pa_size=s","5055939987873","1783293","1783290","2026-09-11T12:08:04.173Z"
"LOOK COMBO AERO STEM CARBON -7 Degree","Look","","","","Components","Stems","","","80","stems:80","80","Color: Mat Glossy, Size: 80","mat-glossy","550","550","https://bikecloset.com/product/look-combo-aero-stem-carbon-7-degree/?attribute_pa_color=mat-glossy&attribute_pa_size=80","3611720203458","1782488","1782487","2026-09-11T12:08:04.173Z"
"LOOK COMBO AERO HANDLEBAR CARBON","Look","","","","Components","Handlebars","","","380mm","handlebars:380mm","380mm","Color: Proteam Mat Glossy, Size: 380mm","proteam-mat-glossy","575","575","https://bikecloset.com/product/look-combo-aero-handlebar-carbon/?attribute_pa_color=proteam-mat-glossy&attribute_pa_size=380mm","3611720203410","1782477","1782476","2026-09-11T12:08:04.173Z"
"LOOK COMBO AERO STEM CARBON -7 Degree","Look","","","","Components","Stems","","","140","stems:140","140","Color: Mat Glossy, Size: 140","mat-glossy","550","550","https://bikecloset.com/product/look-combo-aero-stem-carbon-7-degree/?attribute_pa_color=mat-glossy&attribute_pa_size=140","3611720215741","1782494","1782487","2026-09-11T12:08:04.173Z"
"LOOK COMBO AERO STEM CARBON -7 Degree","Look","","","","Components","Stems","","","130","stems:130","130","Color: Mat Glossy, Size: 130","mat-glossy","550","550","https://bikecloset.com/product/look-combo-aero-stem-carbon-7-degree/?attribute_pa_color=mat-glossy&attribute_pa_size=130","3611720207906","1782493","1782487","2026-09-11T12:08:04.173Z"
"LOOK COMBO AERO STEM CARBON -7 Degree","Look","","","","Components","Stems","","","120","stems:120","120","Color: Mat Glossy, Size: 120","mat-glossy","550","550","https://bikecloset.com/product/look-combo-aero-stem-carbon-7-degree/?attribute_pa_color=mat-glossy&attribute_pa_size=120","3611720203469","1782492","1782487","2026-09-11T12:08:04.173Z"
"LOOK COMBO AERO STEM CARBON -7 Degree","Look","","","","Components","Stems","","","110","stems:110","110","Color: Mat Glossy, Size: 110","mat-glossy","550","550","https://bikecloset.com/product/look-combo-aero-stem-carbon-7-degree/?attribute_pa_color=mat-glossy&attribute_pa_size=110","3611720203489","1782491","1782487","2026-09-11T12:08:04.173Z"
"LOOK COMBO AERO STEM CARBON -7 Degree","Look","","","","Components","Stems","","","100","stems:100","100","Color: Mat Glossy, Size: 100","mat-glossy","550","550","https://bikecloset.com/product/look-combo-aero-stem-carbon-7-degree/?attribute_pa_color=mat-glossy&attribute_pa_size=100","3611720203472","1782490","1782487","2026-09-11T12:08:04.173Z"
"LOOK COMBO AERO STEM CARBON -7 Degree","Look","","","","Components","Stems","","","90","stems:90","90","Color: Mat Glossy, Size: 90","mat-glossy","550","550","https://bikecloset.com/product/look-combo-aero-stem-carbon-7-degree/?attribute_pa_color=mat-glossy&attribute_pa_size=90","3611720203465","1782489","1782487","2026-09-11T12:08:04.173Z"
"LOOK COMBO AERO HANDLEBAR CARBON","Look","","","","Components","Handlebars","","","360mm","handlebars:360mm","360mm","Color: Proteam Mat Glossy, Size: 360mm","proteam-mat-glossy","575","575","https://bikecloset.com/product/look-combo-aero-handlebar-carbon/?attribute_pa_color=proteam-mat-glossy&attribute_pa_size=360mm","3611720233271","1782486","1782476","2026-09-11T12:08:04.173Z"
"LOOK COMBO AERO HANDLEBAR CARBON","Look","","","","Components","Handlebars","","","360mm","handlebars:360mm","360mm","Color: Stealth Mat Glossy, Size: 360mm","stealth-mat-glossy","575","575","https://bikecloset.com/product/look-combo-aero-handlebar-carbon/?attribute_pa_color=stealth-mat-glossy&attribute_pa_size=360mm","3611720233264","1782485","1782476","2026-09-11T12:08:04.173Z"
"LOOK COMBO AERO HANDLEBAR CARBON","Look","","","","Components","Handlebars","","","440mm","handlebars:440mm","440mm","Color: Stealth Mat Glossy, Size: 440mm","stealth-mat-glossy","575","575","https://bikecloset.com/product/look-combo-aero-handlebar-carbon/?attribute_pa_color=stealth-mat-glossy&attribute_pa_size=440mm","3611720216953","1782484","1782476","2026-09-11T12:08:04.173Z"
"LOOK COMBO AERO HANDLEBAR CARBON","Look","","","","Components","Handlebars","","","420mm","handlebars:420mm","420mm","Color: Stealth Mat Glossy, Size: 420mm","stealth-mat-glossy","575","575","https://bikecloset.com/product/look-combo-aero-handlebar-carbon/?attribute_pa_color=stealth-mat-glossy&attribute_pa_size=420mm","3611720216946","1782483","1782476","2026-09-11T12:08:04.173Z"
"LOOK COMBO AERO HANDLEBAR CARBON","Look","","","","Components","Handlebars","","","400mm","handlebars:400mm","400mm","Color: Stealth Mat Glossy, Size: 400mm","stealth-mat-glossy","575","575","https://bikecloset.com/product/look-combo-aero-handlebar-carbon/?attribute_pa_color=stealth-mat-glossy&attribute_pa_size=400mm","3611720216939","1782482","1782476","2026-09-11T12:08:04.173Z"
"LOOK COMBO AERO HANDLEBAR CARBON","Look","","","","Components","Handlebars","","","380mm","handlebars:380mm","380mm","Color: Stealth Mat Glossy, Size: 380mm","stealth-mat-glossy","575","575","https://bikecloset.com/product/look-combo-aero-handlebar-carbon/?attribute_pa_color=stealth-mat-glossy&attribute_pa_size=380mm","3611720216922","1782481","1782476","2026-09-11T12:08:04.173Z"
"LOOK COMBO AERO HANDLEBAR CARBON","Look","","","","Components","Handlebars","","","440mm","handlebars:440mm","440mm","Color: Proteam Mat Glossy, Size: 440mm","proteam-mat-glossy","575","575","https://bikecloset.com/product/look-combo-aero-handlebar-carbon/?attribute_pa_color=proteam-mat-glossy&attribute_pa_size=440mm","3611720203441","1782480","1782476","2026-09-11T12:08:04.173Z"
"LOOK COMBO AERO HANDLEBAR CARBON","Look","","","","Components","Handlebars","","","420mm","handlebars:420mm","420mm","Color: Proteam Mat Glossy, Size: 420mm","proteam-mat-glossy","575","575","https://bikecloset.com/product/look-combo-aero-handlebar-carbon/?attribute_pa_color=proteam-mat-glossy&attribute_pa_size=420mm","3611720203434","1782479","1782476","2026-09-11T12:08:04.173Z"
"LOOK COMBO AERO HANDLEBAR CARBON","Look","","","","Components","Handlebars","","","400mm","handlebars:400mm","400mm","Color: Proteam Mat Glossy, Size: 400mm","proteam-mat-glossy","575","575","https://bikecloset.com/product/look-combo-aero-handlebar-carbon/?attribute_pa_color=proteam-mat-glossy&attribute_pa_size=400mm","3611720203427","1782478","1782476","2026-09-11T12:08:04.173Z"
"POC Ventral MIPS Small","POC","","","","Footwear & protection","Helmets","","","S","helmets:s","Small","Color: fluorescent orange avip","fluorescent-orange-avip","99","300","https://bikecloset.com/product/ventral-mips-cpsc-2/?attribute_pa_color=fluorescent-orange-avip","7325549928190","1780929","1780928","2026-09-11T12:08:04.173Z"
"POC Ventral Lite Small","POC","","","","Footwear & protection","Helmets","","","S","helmets:s","Small","Color: uranium black hydrogen white matt","uranium-black-hydrogen-white-matt","79","270","https://bikecloset.com/product/ventral-lite-cpsc/?attribute_pa_color=uranium-black-hydrogen-white-matt","7325549957237","1780926","1780925","2026-09-11T12:08:04.173Z"
"POC Ventral Air Wide Fit MIPS Small","POC","","","","Footwear & protection","Helmets","","","S","helmets:s","Small","Color: Zink Orange AVIP","zink-orange-avip","79","260","https://bikecloset.com/product/ventral-air-wf-mips-cpsc/?attribute_pa_color=zink-orange-avip","7325549896161","1780923","1780922","2026-09-11T12:08:04.173Z"
"POC Ventral MIPS Small","POC","","","","Footwear & protection","Helmets","","","S","helmets:s","Small","Color: Uranium Black Matt","uranium-black-matt","79","300","https://bikecloset.com/product/ventral-mips-cpsc-2/?attribute_pa_color=uranium-black-matt","7325549928091","1780937","1780928","2026-09-11T12:08:04.173Z"
"POC Ventral MIPS Small","POC","","","","Footwear & protection","Helmets","","","S","helmets:s","Small","Color: Uranium Black","uranium-black","79","300","https://bikecloset.com/product/ventral-mips-cpsc-2/?attribute_pa_color=uranium-black","7325549928039","1780934","1780928","2026-09-11T12:08:04.173Z"
"POC Ventral MIPS Small","POC","","","","Footwear & protection","Helmets","","","S","helmets:s","Small","Color: Prismane Red Matt","prismane-red-matt","79","300","https://bikecloset.com/product/ventral-mips-cpsc-2/?attribute_pa_color=prismane-red-matt","7325549928138","1780932","1780928","2026-09-11T12:08:04.173Z"
"POC Ventral MIPS Small","POC","","","","Footwear & protection","Helmets","","","S","helmets:s","Small","Color: Lead Blue Matt","lead-blue-matt","79","300","https://bikecloset.com/product/ventral-mips-cpsc-2/?attribute_pa_color=lead-blue-matt","7325549928282","1780931","1780928","2026-09-11T12:08:04.173Z"
"POC Ventral MIPS Small","POC","","","","Footwear & protection","Helmets","","","S","helmets:s","Small","Color: Garnet Red Matt","garnet-red-matt","79","300","https://bikecloset.com/product/ventral-mips-cpsc-2/?attribute_pa_color=garnet-red-matt","7325549928169","1780930","1780928","2026-09-11T12:08:04.173Z"
"POC Ventral Lite Small","POC","","","","Footwear & protection","Helmets","","","S","helmets:s","Small","Color: uranium black/fluorite green matt","uranium-black-fluorite-green-matt","79","270","https://bikecloset.com/product/ventral-lite-cpsc/?attribute_pa_color=uranium-black-fluorite-green-matt","7325549957107","1780927","1780925","2026-09-11T12:08:04.173Z"
"POC Ventral Air Wide Fit MIPS Small","POC","","","","Footwear & protection","Helmets","","","S","helmets:s","Small","Color: Lead Blue Matt","lead-blue-matt","79","260","https://bikecloset.com/product/ventral-air-wf-mips-cpsc/?attribute_pa_color=lead-blue-matt","7325549896185","1780924","1780922","2026-09-11T12:08:04.173Z"
"POC Ventral Air MIPS Small","POC","","","","Footwear & protection","Helmets","","","S","helmets:s","Small","Color: fluorescent orange avip","fluorescent-orange-avip","79","260","https://bikecloset.com/product/ventral-air-mips-cpsc/?attribute_pa_color=fluorescent-orange-avip","7325549930070","1780921","1780917","2026-09-11T12:08:04.173Z"
"POC Ventral Air MIPS Small","POC","","","","Footwear & protection","Helmets","","","S","helmets:s","Small","Color: Prismane Red Matt","prismane-red-matt","79","260","https://bikecloset.com/product/ventral-air-mips-cpsc/?attribute_pa_color=prismane-red-matt","7325549930049","1780920","1780917","2026-09-11T12:08:04.173Z"
"POC Ventral Air MIPS Small","POC","","","","Footwear & protection","Helmets","","","S","helmets:s","Small","Color: Uranium Black","uranium-black","79","260","https://bikecloset.com/product/ventral-air-mips-cpsc/?attribute_pa_color=uranium-black","7325549929593","1780918","1780917","2026-09-11T12:08:04.173Z"
"Assos MILLE GT Half Shorts C2","Assos","","","","Clothing","Shorts","Unspecified","Unspecified","XS","clothing:xs","XS","Color: Blackseries, Size: XS","blackseries","99","150","https://bikecloset.com/product/assos-mille-gt-half-shorts-c2/?attribute_pa_color=blackseries&attribute_pa_size=xs","2220000215930","1780690","1519352","2026-09-11T12:08:04.173Z"
"Fizik X4 Gravel Terra Powerstrap","Fizik","","","","Footwear & protection","Cycling shoes","","","40.5","shoes:40.5","40.5","Color: Black, Size: 40.5","black","69.99","169.99","https://bikecloset.com/product/fizik-terra-powerstrap-x4/?attribute_pa_color=black&attribute_pa_size=40-5","1-8058364078038","1779910","1726402","2026-09-11T12:08:04.173Z"
"Fizik X4 Gravel Terra Powerstrap","Fizik","","","","Footwear & protection","Cycling shoes","","","38","shoes:38","38","Color: Anthracite Grape, Size: 38","anthracite-grape","39.99","169.99","https://bikecloset.com/product/fizik-terra-powerstrap-x4/?attribute_pa_color=anthracite-grape&attribute_pa_size=38","8058364078441","1779907","1726402","2026-09-11T12:08:04.173Z"
"Koo HYPE","KOO","","","","Footwear & protection","Eyewear","","","","","","Color: Dune Matt L.Siena Red MR","dune-matt-l-siena-red-mr","109","215","https://bikecloset.com/product/hype/?attribute_pa_color=dune-matt-l-siena-red-mr","8057099431002","1778942","1778931","2026-09-11T12:08:04.173Z"
"Koo HYPE","KOO","","","","Footwear & protection","Eyewear","","","","","","Color: Black Glass L.Siena Red MR","black-glass-l-siena-red-mr","109","215","https://bikecloset.com/product/hype/?attribute_pa_color=black-glass-l-siena-red-mr","8057099430999","1778941","1778931","2026-09-11T12:08:04.173Z"
"Koo HYPE","KOO","","","","Footwear & protection","Eyewear","","","","","","Color: Blue/Silver L. Red MR","blue-silver-l-red-mr","109","215","https://bikecloset.com/product/hype/?attribute_pa_color=blue-silver-l-red-mr","8057099430227","1778940","1778931","2026-09-11T12:08:04.173Z"
"Koo HYPE","KOO","","","","Footwear & protection","Eyewear","","","","","","Color: Green Glass Matt","green-glass-matt","109","215","https://bikecloset.com/product/hype/?attribute_pa_color=green-glass-matt","8057099430203","1778938","1778931","2026-09-11T12:08:04.173Z"
"Koo HYPE","KOO","","","","Footwear & protection","Eyewear","","","","","","Color: Forest Green Matt","forest-green-matt","109","215","https://bikecloset.com/product/hype/?attribute_pa_color=forest-green-matt","8057099430197","1778937","1778931","2026-09-11T12:08:04.173Z"
"Koo HYPE","KOO","","","","Footwear & protection","Eyewear","","","","","","Color: Dark Red Matt","dark-red-matt","109","215","https://bikecloset.com/product/hype/?attribute_pa_color=dark-red-matt","8057099430173","1778936","1778931","2026-09-11T12:08:04.173Z"
"Koo HYPE","KOO","","","","Footwear & protection","Eyewear","","","","","","Color: Dark Blue Matt","dark-blue-matt","109","215","https://bikecloset.com/product/hype/?attribute_pa_color=dark-blue-matt","8057099430166","1778935","1778931","2026-09-11T12:08:04.173Z"
"Koo HYPE","KOO","","","","Footwear & protection","Eyewear","","","","","","Color: Black Matt","black-matt","109","215","https://bikecloset.com/product/hype/?attribute_pa_color=black-matt","8057099430135","1778933","1778931","2026-09-11T12:08:04.173Z"
"Sidi GRAVEL MTB BLACK","Sidi","","","","Footwear & protection","Cycling shoes","","","42","shoes:42","42","Size: 42","","149.99","299.99","https://bikecloset.com/product/1sidi-gravel-mtb-black/?attribute_pa_size=42","8017732553010","1778807","1724469","2026-09-11T12:08:04.173Z"
"Capo G.S. Padrone Aero Bib Shorts – Long","Capo","","","","Clothing","Bib shorts","Unspecified","Unspecified","XS","clothing:xs","XS","Color: Black, Size: XS","black","174","290","https://bikecloset.com/product/g-s-padrone-aero-bib-shorts-long/?attribute_pa_color=black&attribute_pa_size=xs","00810175293936","1778607","1778606","2026-09-11T12:08:04.173Z"
"Capo G.S. Padrone Aero Bib Shorts – Regular","Capo","","","","Clothing","Bib shorts","Unspecified","Unspecified","XS","clothing:xs","XS","Color: Black, Size: XS","black","174","290","https://bikecloset.com/product/g-s-padrone-aero-bib-shorts-regular/?attribute_pa_color=black&attribute_pa_size=xs","","1778587","1778586","2026-09-11T12:08:04.173Z"
"Capo G.S. Padrone Aero Bib Shorts – Long","Capo","","","","Clothing","Bib shorts","Unspecified","Unspecified","2XL","clothing:2xl","XXL","Color: Black, Size: XXL","black","174","290","https://bikecloset.com/product/g-s-padrone-aero-bib-shorts-long/?attribute_pa_color=black&attribute_pa_size=xxl","00810175292274","1778617","1778606","2026-09-11T12:08:04.173Z"
"Capo G.S. Padrone Aero Bib Shorts – Long","Capo","","","","Clothing","Bib shorts","Unspecified","Unspecified","XL","clothing:xl","XL","Color: Black, Size: XL","black","174","290","https://bikecloset.com/product/g-s-padrone-aero-bib-shorts-long/?attribute_pa_color=black&attribute_pa_size=xl","00810175292267","1778615","1778606","2026-09-11T12:08:04.173Z"
"Capo G.S. Padrone Aero Bib Shorts – Long","Capo","","","","Clothing","Bib shorts","Unspecified","Unspecified","L","clothing:l","L","Color: Black, Size: L","black","174","290","https://bikecloset.com/product/g-s-padrone-aero-bib-shorts-long/?attribute_pa_color=black&attribute_pa_size=l","00810175292250","1778613","1778606","2026-09-11T12:08:04.173Z"
"Capo G.S. Padrone Aero Bib Shorts – Long","Capo","","","","Clothing","Bib shorts","Unspecified","Unspecified","S","clothing:s","S","Color: Black, Size: S","black","174","290","https://bikecloset.com/product/g-s-padrone-aero-bib-shorts-long/?attribute_pa_color=black&attribute_pa_size=s","00810175292236","1778609","1778606","2026-09-11T12:08:04.173Z"
"Capo G.S. Padrone Aero Bib Shorts – Regular","Capo","","","","Clothing","Bib shorts","Unspecified","Unspecified","2XL","clothing:2xl","XXL","Color: Black, Size: XXL","black","174","290","https://bikecloset.com/product/g-s-padrone-aero-bib-shorts-regular/?attribute_pa_color=black&attribute_pa_size=xxl","00810175292229","1778597","1778586","2026-09-11T12:08:04.173Z"
"Capo G.S. Padrone Aero Bib Shorts – Regular","Capo","","","","Clothing","Bib shorts","Unspecified","Unspecified","S","clothing:s","S","Color: Black, Size: S","black","174","290","https://bikecloset.com/product/g-s-padrone-aero-bib-shorts-regular/?attribute_pa_color=black&attribute_pa_size=s","00810175292182","1778589","1778586","2026-09-11T12:08:04.173Z"
"Assos MILLE GTO Bib Shorts S11","Assos","","","","Clothing","Bib shorts","Unspecified","Unspecified","2XL","clothing:2xl","2XL","Color: Black Series – Long, Size: 2XL","black-series-long","410","410","https://bikecloset.com/product/mille-gto-bib-shorts-s11/?attribute_pa_color=black-series-long&attribute_pa_size=2xl","7627776036069","1778072","1775820","2026-09-11T12:08:04.173Z"
"Assos MILLE GTO Bib Shorts S11","Assos","","","","Clothing","Bib shorts","Unspecified","Unspecified","2XL","clothing:2xl","2XL","Color: Black Series – Regular, Size: 2XL","black-series-regular","410","410","https://bikecloset.com/product/mille-gto-bib-shorts-s11/?attribute_pa_color=black-series-regular&attribute_pa_size=2xl","7627776036137","1778071","1775820","2026-09-11T12:08:04.173Z"
"Kask MOJITO CUBED","Kask","","","","Footwear & protection","Helmets","","","S","helmets:s","Small","Color: Yellow Fluo, Size: Small","yellow-fluo","170","170","https://bikecloset.com/product/mojito-cubed/?attribute_pa_color=yellow-fluo&attribute_pa_size=small","8057099221535","1777882","1777866","2026-09-11T12:08:04.173Z"
"Kask MOJITO CUBED","Kask","","","","Footwear & protection","Helmets","","","M","helmets:m","Medium","Color: Yellow Fluo, Size: Medium","yellow-fluo","170","170","https://bikecloset.com/product/mojito-cubed/?attribute_pa_color=yellow-fluo&attribute_pa_size=medium","8057099229296","1777881","1777866","2026-09-11T12:08:04.173Z"
"Kask MOJITO CUBED","Kask","","","","Footwear & protection","Helmets","","","S","helmets:s","Small","Color: Red, Size: Small","red","170","170","https://bikecloset.com/product/mojito-cubed/?attribute_pa_color=red&attribute_pa_size=small","8057099234290","1777879","1777866","2026-09-11T12:08:04.173Z"
"Kask MOJITO CUBED","Kask","","","","Footwear & protection","Helmets","","","S","helmets:s","Small","Color: Orange Fluo, Size: Small","orange-fluo","170","170","https://bikecloset.com/product/mojito-cubed/?attribute_pa_color=orange-fluo&attribute_pa_size=small","8057099229319","1777876","1777866","2026-09-11T12:08:04.173Z"
"Kask MOJITO CUBED","Kask","","","","Footwear & protection","Helmets","","","S","helmets:s","Small","Color: Black, Size: Small","black","170","170","https://bikecloset.com/product/mojito-cubed/?attribute_pa_color=black&attribute_pa_size=small","8057099229227","1777872","1777866","2026-09-11T12:08:04.173Z"
"Kask MOJITO CUBED","Kask","","","","Footwear & protection","Helmets","","","M","helmets:m","Medium","Color: Black, Size: Medium","black","170","170","https://bikecloset.com/product/mojito-cubed/?attribute_pa_color=black&attribute_pa_size=medium","8057099229234","1777871","1777866","2026-09-11T12:08:04.173Z"
"Kask MOJITO CUBED","Kask","","","","Footwear & protection","Helmets","","","L","helmets:l","Large","Color: Black, Size: Large","black","170","170","https://bikecloset.com/product/mojito-cubed/?attribute_pa_color=black&attribute_pa_size=large","8057099229241","1777870","1777866","2026-09-11T12:08:04.173Z"
"Kask MOJITO CUBED","Kask","","","","Footwear & protection","Helmets","","","S","helmets:s","Small","Color: Black Matt, Size: Small","black-matt","170","170","https://bikecloset.com/product/mojito-cubed/?attribute_pa_color=black-matt&attribute_pa_size=small","8057099229258","1777869","1777866","2026-09-11T12:08:04.173Z"
"Assos Mille GTO Bib Shorts C2 Flamme d’Or","Assos","","","","Clothing","Bib shorts","Unspecified","Unspecified","ASSOS TIR","clothing:assos tir","TIR","Length: Short, Size: TIR","","222","370","https://bikecloset.com/product/assos-mille-gto-bib-shorts-c2-flamme-dor/?attribute_length=Short&attribute_size=TIR","2220000203760","1776629","1519212","2026-09-11T12:08:04.173Z"
"Time ADHX 45 UDH Carbon Disc Frameset","Time","","","","Components","Framesets","","","XS","framesets:xs","XS","Color: V46 Rose, Size: XS","v46-rose","1999","4000","https://bikecloset.com/product/time-adhx-45-udh-carbon-disc-frameset-2/?attribute_pa_color=v46-rose&attribute_pa_size=xs","","1776222","1776212","2026-09-11T12:08:04.173Z"
"Time ADHX 45 UDH Carbon Disc Frameset","Time","","","","Components","Framesets","","","S","framesets:s","S","Color: V46 Rose, Size: S","v46-rose","1999","4000","https://bikecloset.com/product/time-adhx-45-udh-carbon-disc-frameset-2/?attribute_pa_color=v46-rose&attribute_pa_size=s","","1776220","1776212","2026-09-11T12:08:04.173Z"
"Time ADHX 45 UDH Carbon Disc Frameset","Time","","","","Components","Framesets","","","M","framesets:m","M","Color: V46 Rose, Size: M","v46-rose","1999","4000","https://bikecloset.com/product/time-adhx-45-udh-carbon-disc-frameset-2/?attribute_pa_color=v46-rose&attribute_pa_size=m","","1776219","1776212","2026-09-11T12:08:04.173Z"
"Time ADHX 45 UDH Carbon Disc Frameset","Time","","","","Components","Framesets","","","L","framesets:l","L","Color: V46 Rose, Size: L","v46-rose","1999","4000","https://bikecloset.com/product/time-adhx-45-udh-carbon-disc-frameset-2/?attribute_pa_color=v46-rose&attribute_pa_size=l","","1776218","1776212","2026-09-11T12:08:04.173Z"
"Time ADHX 45 UDH Carbon Disc Frameset","Time","","","","Components","Framesets","","","XL","framesets:xl","XL","Color: V45 Steel Blue, Size: XL","v45-steel-blue","1999","4000","https://bikecloset.com/product/time-adhx-45-udh-carbon-disc-frameset-2/?attribute_pa_color=v45-steel-blue&attribute_pa_size=xl","","1776217","1776212","2026-09-11T12:08:04.173Z"
"Time ADHX 45 UDH Carbon Disc Frameset","Time","","","","Components","Framesets","","","L","framesets:l","L","Color: V45 Steel Blue, Size: L","v45-steel-blue","1999","4000","https://bikecloset.com/product/time-adhx-45-udh-carbon-disc-frameset-2/?attribute_pa_color=v45-steel-blue&attribute_pa_size=l","","1776216","1776212","2026-09-11T12:08:04.173Z"
"Time ADHX 45 UDH Carbon Disc Frameset","Time","","","","Components","Framesets","","","S","framesets:s","S","Color: V45 Steel Blue, Size: S","v45-steel-blue","1999","4000","https://bikecloset.com/product/time-adhx-45-udh-carbon-disc-frameset-2/?attribute_pa_color=v45-steel-blue&attribute_pa_size=s","","1776214","1776212","2026-09-11T12:08:04.173Z"
"Time ADHX 45 UDH Carbon Disc Frameset","Time","","","","Components","Framesets","","","XS","framesets:xs","XS","Color: V45 Steel Blue, Size: XS","v45-steel-blue","1999","4000","https://bikecloset.com/product/time-adhx-45-udh-carbon-disc-frameset-2/?attribute_pa_color=v45-steel-blue&attribute_pa_size=xs","","1776213","1776212","2026-09-11T12:08:04.173Z"
"Assos MILLE GT Bib Shorts S11","Assos","","","","Clothing","Bib shorts","Unspecified","Unspecified","2XL","clothing:2xl","2XL","Color: BLACK SERIES, Size: 2XL","black-series","210","210","https://bikecloset.com/product/mille-gt-bib-shorts-s11/?attribute_pa_color=black-series&attribute_pa_size=2xl","7627776036342","1775868","1775815","2026-09-11T12:08:04.173Z"
"Assos EQUIPE RS Jersey S11 Something to say","Assos","","","","Clothing","Jerseys","Unspecified","Unspecified","L","clothing:l","L","Color: Excellence Blue, Size: L","excellence-blue","240","240","https://bikecloset.com/product/equipe-rs-jersey-s11-something-to-say/?attribute_pa_color=excellence-blue&attribute_pa_size=l","7627776040400","1775848","1775847","2026-09-11T12:08:04.173Z"
"Assos EQUIPE RS Jersey S11 Something to say","Assos","","","","Clothing","Jerseys","Unspecified","Unspecified","S","clothing:s","S","Color: Excellence Blue, Size: S","excellence-blue","240","240","https://bikecloset.com/product/equipe-rs-jersey-s11-something-to-say/?attribute_pa_color=excellence-blue&attribute_pa_size=s","7627776040424","1775850","1775847","2026-09-11T12:08:04.173Z"
"Assos EQUIPE R Jersey S11 We are the A","Assos","","","","Clothing","Jerseys","Unspecified","Unspecified","L","clothing:l","L","Color: Panic Red, Size: L","panic-red","195","195","https://bikecloset.com/product/equipe-r-jersey-s11-we-are-the-a/?attribute_pa_color=panic-red&attribute_pa_size=l","7627776040356","1775844","1775840","2026-09-11T12:08:04.173Z"
"Assos EQUIPE R Jersey S11 We are the A","Assos","","","","Clothing","Jerseys","Unspecified","Unspecified","S","clothing:s","S","Color: Moka Brown, Size: S","moka-brown","195","195","https://bikecloset.com/product/equipe-r-jersey-s11-we-are-the-a/?attribute_pa_color=moka-brown&attribute_pa_size=s","7627776040301","1775843","1775840","2026-09-11T12:08:04.173Z"
"Assos MILLE GTO Jersey S11","Assos","","","","Clothing","Jerseys","Unspecified","Unspecified","S","clothing:s","S","Color: Edge Green, Size: S","edge-green","280","280","https://bikecloset.com/product/mille-gto-jersey-s11/?attribute_pa_color=edge-green&attribute_pa_size=s","7627776035055","1775839","1775833","2026-09-11T12:08:04.173Z"
"Assos MILLE GTO Jersey S11","Assos","","","","Clothing","Jerseys","Unspecified","Unspecified","M","clothing:m","M","Color: Edge Green, Size: M","edge-green","280","280","https://bikecloset.com/product/mille-gto-jersey-s11/?attribute_pa_color=edge-green&attribute_pa_size=m","7627776035048","1775838","1775833","2026-09-11T12:08:04.173Z"
"Assos MILLE GTO Jersey S11","Assos","","","","Clothing","Jerseys","Unspecified","Unspecified","S","clothing:s","S","Color: DEADLY BERRY, Size: S","deadly-berry","280","280","https://bikecloset.com/product/mille-gto-jersey-s11/?attribute_pa_color=deadly-berry&attribute_pa_size=s","7627776034980","1775836","1775833","2026-09-11T12:08:04.173Z"
"Assos MILLE GTO Jersey S11","Assos","","","","Clothing","Jerseys","Unspecified","Unspecified","M","clothing:m","M","Color: DEADLY BERRY, Size: M","deadly-berry","280","280","https://bikecloset.com/product/mille-gto-jersey-s11/?attribute_pa_color=deadly-berry&attribute_pa_size=m","7627776034973","1775835","1775833","2026-09-11T12:08:04.173Z"
"Assos EQUIPE RS RAPIDFIRE Chronosuit S11","Assos","","","","Clothing","Skinsuits & tri suits","Unspecified","Unspecified","S","clothing:s","S","Color: White Series, Size: S","white-series","600","600","https://bikecloset.com/product/equipe-rs-rapidfire-chronosuit-s11/?attribute_pa_color=white-series&attribute_pa_size=s","7627776022154","1775832","1775829","2026-09-11T12:08:04.173Z"
"Assos EQUIPE RS RAPIDFIRE Chronosuit S11","Assos","","","","Clothing","Skinsuits & tri suits","Unspecified","Unspecified","L","clothing:l","L","Color: White Series, Size: L","white-series","600","600","https://bikecloset.com/product/equipe-rs-rapidfire-chronosuit-s11/?attribute_pa_color=white-series&attribute_pa_size=l","7627776022130","1775830","1775829","2026-09-11T12:08:04.173Z"
"Assos MILLE GTO Bib Shorts S11","Assos","","","","Clothing","Bib shorts","Unspecified","Unspecified","L","clothing:l","L","Color: Black Series – Regular, Size: L","black-series-regular","410","410","https://bikecloset.com/product/mille-gto-bib-shorts-s11/?attribute_pa_color=black-series-regular&attribute_pa_size=l","7627776036151","1775821","1775820","2026-09-11T12:08:04.173Z"
"Assos MILLE GT Bib Shorts S11","Assos","","","","Clothing","Bib shorts","Unspecified","Unspecified","L","clothing:l","L","Color: BLACK SERIES, Size: L","black-series","210","210","https://bikecloset.com/product/mille-gt-bib-shorts-s11/?attribute_pa_color=black-series&attribute_pa_size=l","7627776036366","1775816","1775815","2026-09-11T12:08:04.173Z"
"Assos EQUIPE RS RAPIDFIRE Chronosuit S11","Assos","","","","Clothing","Skinsuits & tri suits","Unspecified","Unspecified","M","clothing:m","M","Color: White Series, Size: M","white-series","600","600","https://bikecloset.com/product/equipe-rs-rapidfire-chronosuit-s11/?attribute_pa_color=white-series&attribute_pa_size=m","7627776022147","1775831","1775829","2026-09-11T12:08:04.173Z"
"Assos MILLE GTO Bib Shorts S11","Assos","","","","Clothing","Bib shorts","Unspecified","Unspecified","XL","clothing:xl","XL","Color: Black Series – Long, Size: XL","black-series-long","410","410","https://bikecloset.com/product/mille-gto-bib-shorts-s11/?attribute_pa_color=black-series-long&attribute_pa_size=xl","7627776036076","1775828","1775820","2026-09-11T12:08:04.173Z"
"Assos MILLE GTO Bib Shorts S11","Assos","","","","Clothing","Bib shorts","Unspecified","Unspecified","S","clothing:s","S","Color: Black Series – Long, Size: S","black-series-long","410","410","https://bikecloset.com/product/mille-gto-bib-shorts-s11/?attribute_pa_color=black-series-long&attribute_pa_size=s","7627776036106","1775827","1775820","2026-09-11T12:08:04.173Z"
"Assos MILLE GTO Bib Shorts S11","Assos","","","","Clothing","Bib shorts","Unspecified","Unspecified","M","clothing:m","M","Color: Black Series – Long, Size: M","black-series-long","410","410","https://bikecloset.com/product/mille-gto-bib-shorts-s11/?attribute_pa_color=black-series-long&attribute_pa_size=m","7627776036090","1775826","1775820","2026-09-11T12:08:04.173Z"
"Assos MILLE GTO Bib Shorts S11","Assos","","","","Clothing","Bib shorts","Unspecified","Unspecified","L","clothing:l","L","Color: Black Series – Long, Size: L","black-series-long","410","410","https://bikecloset.com/product/mille-gto-bib-shorts-s11/?attribute_pa_color=black-series-long&attribute_pa_size=l","7627776036083","1775825","1775820","2026-09-11T12:08:04.173Z"
"Assos MILLE GTO Bib Shorts S11","Assos","","","","Clothing","Bib shorts","Unspecified","Unspecified","XL","clothing:xl","XL","Color: Black Series – Regular, Size: XL","black-series-regular","410","410","https://bikecloset.com/product/mille-gto-bib-shorts-s11/?attribute_pa_color=black-series-regular&attribute_pa_size=xl","7627776036144","1775824","1775820","2026-09-11T12:08:04.173Z"
"Assos MILLE GTO Bib Shorts S11","Assos","","","","Clothing","Bib shorts","Unspecified","Unspecified","S","clothing:s","S","Color: Black Series – Regular, Size: S","black-series-regular","410","410","https://bikecloset.com/product/mille-gto-bib-shorts-s11/?attribute_pa_color=black-series-regular&attribute_pa_size=s","7627776036175","1775823","1775820","2026-09-11T12:08:04.173Z"
"Assos MILLE GT Bib Shorts S11","Assos","","","","Clothing","Bib shorts","Unspecified","Unspecified","XL","clothing:xl","XL","Color: BLACK SERIES, Size: XL","black-series","210","210","https://bikecloset.com/product/mille-gt-bib-shorts-s11/?attribute_pa_color=black-series&attribute_pa_size=xl","7627776036359","1775819","1775815","2026-09-11T12:08:04.173Z"
"Assos MILLE GT Bib Shorts S11","Assos","","","","Clothing","Bib shorts","Unspecified","Unspecified","S","clothing:s","S","Color: BLACK SERIES, Size: S","black-series","210","210","https://bikecloset.com/product/mille-gt-bib-shorts-s11/?attribute_pa_color=black-series&attribute_pa_size=s","7627776036380","1775818","1775815","2026-09-11T12:08:04.173Z"
"Assos MILLE GT Bib Shorts S11","Assos","","","","Clothing","Bib shorts","Unspecified","Unspecified","M","clothing:m","M","Color: BLACK SERIES, Size: M","black-series","210","210","https://bikecloset.com/product/mille-gt-bib-shorts-s11/?attribute_pa_color=black-series&attribute_pa_size=m","7627776036373","1775817","1775815","2026-09-11T12:08:04.173Z"
"Silca EVERYDAY AERO TALL SOCK","Silca","","","","Clothing","Socks","Unspecified","Unspecified","M","socks:m","MEDIUM 39/42","Color: White, Size: MEDIUM 39/42","white","30","30","https://bikecloset.com/product/everyday-aero-tall-sock/?attribute_pa_color=white&attribute_pa_size=medium-39-42","810093161782","1775432","1775353","2026-09-11T12:08:04.173Z"
"Silca EVERYDAY AERO TALL SOCK","Silca","","","","Clothing","Socks","Unspecified","Unspecified","M","socks:m","MEDIUM 39/42","Color: NEON PINK, Size: MEDIUM 39/42","neon-pink","30","30","https://bikecloset.com/product/everyday-aero-tall-sock/?attribute_pa_color=neon-pink&attribute_pa_size=medium-39-42","810093161744","1775374","1775353","2026-09-11T12:08:04.173Z"
"Silca EVERYDAY AERO TALL SOCK","Silca","","","","Clothing","Socks","Unspecified","Unspecified","S","socks:s","SMALL 35/38","Color: NEON PINK, Size: SMALL 35/38","neon-pink","30","30","https://bikecloset.com/product/everyday-aero-tall-sock/?attribute_pa_color=neon-pink&attribute_pa_size=small-35-38","810093161737","1775373","1775353","2026-09-11T12:08:04.173Z"
"Silca EVERYDAY AERO TALL SOCK","Silca","","","","Clothing","Socks","Unspecified","Unspecified","L","socks:l","LARGE 43/45","Color: Black, Size: LARGE 43/45","black","30","30","https://bikecloset.com/product/everyday-aero-tall-sock/?attribute_pa_color=black&attribute_pa_size=large-43-45","810093161836","1775371","1775353","2026-09-11T12:08:04.173Z"
"Silca EVERYDAY AERO TALL SOCK","Silca","","","","Clothing","Socks","Unspecified","Unspecified","M","socks:m","MEDIUM 39/42","Color: Black, Size: MEDIUM 39/42","black","30","30","https://bikecloset.com/product/everyday-aero-tall-sock/?attribute_pa_color=black&attribute_pa_size=medium-39-42","810093161829","1775370","1775353","2026-09-11T12:08:04.173Z"
"Silca EVERYDAY AERO TALL SOCK","Silca","","","","Clothing","Socks","Unspecified","Unspecified","S","socks:s","SMALL 35/38","Color: Black, Size: SMALL 35/38","black","30","30","https://bikecloset.com/product/everyday-aero-tall-sock/?attribute_pa_color=black&attribute_pa_size=small-35-38","810093161812","1775369","1775353","2026-09-11T12:08:04.173Z"
"Silca EVERYDAY AERO TALL SOCK","Silca","","","","Clothing","Socks","Unspecified","Unspecified","S","socks:s","SMALL 35/38","Color: CYAN BLUE, Size: SMALL 35/38","cyan-blue","30","30","https://bikecloset.com/product/everyday-aero-tall-sock/?attribute_pa_color=cyan-blue&attribute_pa_size=small-35-38","810093161898","1775365","1775353","2026-09-11T12:08:04.173Z"
"Silca EVERYDAY AERO TALL SOCK","Silca","","","","Clothing","Socks","Unspecified","Unspecified","M","socks:m","MEDIUM 39/42","Color: Gray, Size: MEDIUM 39/42","gray","30","30","https://bikecloset.com/product/everyday-aero-tall-sock/?attribute_pa_color=gray&attribute_pa_size=medium-39-42","810093161867","1775362","1775353","2026-09-11T12:08:04.173Z"
"Silca EVERYDAY AERO TALL SOCK","Silca","","","","Clothing","Socks","Unspecified","Unspecified","S","socks:s","SMALL 35/38","Color: Gray, Size: SMALL 35/38","gray","30","30","https://bikecloset.com/product/everyday-aero-tall-sock/?attribute_pa_color=gray&attribute_pa_size=small-35-38","810093161850","1775361","1775353","2026-09-11T12:08:04.173Z"
"Silca EVERYDAY AERO TALL SOCK","Silca","","","","Clothing","Socks","Unspecified","Unspecified","L","socks:l","LARGE 43/45","Color: Red, Size: LARGE 43/45","red","30","30","https://bikecloset.com/product/everyday-aero-tall-sock/?attribute_pa_color=red&attribute_pa_size=large-43-45","810093161959","1775359","1775353","2026-09-11T12:08:04.173Z"
"Silca EVERYDAY AERO TALL SOCK","Silca","","","","Clothing","Socks","Unspecified","Unspecified","M","socks:m","MEDIUM 39/42","Color: Red, Size: MEDIUM 39/42","red","30","30","https://bikecloset.com/product/everyday-aero-tall-sock/?attribute_pa_color=red&attribute_pa_size=medium-39-42","810093161942","1775358","1775353","2026-09-11T12:08:04.173Z"
"Silca EVERYDAY AERO TALL SOCK","Silca","","","","Clothing","Socks","Unspecified","Unspecified","S","socks:s","SMALL 35/38","Color: Red, Size: SMALL 35/38","red","30","30","https://bikecloset.com/product/everyday-aero-tall-sock/?attribute_pa_color=red&attribute_pa_size=small-35-38","810093161935","1775357","1775353","2026-09-11T12:08:04.173Z"
"Silca EVERYDAY AERO TALL SOCK","Silca","","","","Clothing","Socks","Unspecified","Unspecified","S","socks:s","SMALL 35/38","Color: White, Size: SMALL 35/38","white","30","30","https://bikecloset.com/product/everyday-aero-tall-sock/?attribute_pa_color=white&attribute_pa_size=small-35-38","810093161775","1775354","1775353","2026-09-11T12:08:04.173Z"
"Silca EVERYDAY AERO TALL SOCK","Silca","","","","Clothing","Socks","Unspecified","Unspecified","L","socks:l","LARGE 43/45","Color: White, Size: LARGE 43/45","white","30","30","https://bikecloset.com/product/everyday-aero-tall-sock/?attribute_pa_color=white&attribute_pa_size=large-43-45","810093161799","1775355","1775353","2026-09-11T12:08:04.173Z"
"Look 795 BLADE 2 RS Disc Frameset","Look","","","","Components","Framesets","","","S","framesets:s","S","Color: PROTEAM BLACK SATIN / BLACK GLOSSY, Size: S","proteam-black-satin-black-glossy","3299","5800","https://bikecloset.com/product/795-blade-2-rs/?attribute_pa_color=proteam-black-satin-black-glossy&attribute_pa_size=s","3611720200143","1775301","1775300","2026-09-11T12:08:04.173Z"
"Look 765 GRAVEL RS Disc Frameset","Look","","","","Components","Framesets","","","XS","framesets:xs","XS","Color: METALLIC HOPE GREEN SATIN, Size: XS","metallic-hope-green-satin","1299","3500","https://bikecloset.com/product/765-gravel/?attribute_pa_color=metallic-hope-green-satin&attribute_pa_size=xs","3611720206459","1775296","1775295","2026-09-11T12:08:04.173Z"
"Look 795 BLADE 2 RS Disc Frameset","Look","","","","Components","Framesets","","","L","framesets:l","L","Color: BLACK ROARING THUNDER SATIN, Size: L","black-roaring-thunder-satin","3299","5800","https://bikecloset.com/product/795-blade-2-rs/?attribute_pa_color=black-roaring-thunder-satin&attribute_pa_size=l","3611720229182","1775308","1775300","2026-09-11T12:08:04.173Z"
"Look 795 BLADE 2 RS Disc Frameset","Look","","","","Components","Framesets","","","M","framesets:m","M","Color: BLACK ROARING THUNDER SATIN, Size: M","black-roaring-thunder-satin","3299","5800","https://bikecloset.com/product/795-blade-2-rs/?attribute_pa_color=black-roaring-thunder-satin&attribute_pa_size=m","3611720229175","1775307","1775300","2026-09-11T12:08:04.173Z"
"Look 795 BLADE 2 RS Disc Frameset","Look","","","","Components","Framesets","","","S","framesets:s","S","Color: BLACK ROARING THUNDER SATIN, Size: S","black-roaring-thunder-satin","3299","5800","https://bikecloset.com/product/795-blade-2-rs/?attribute_pa_color=black-roaring-thunder-satin&attribute_pa_size=s","3611720229168","1775306","1775300","2026-09-11T12:08:04.173Z"
"Look 795 BLADE 2 RS Disc Frameset","Look","","","","Components","Framesets","","","L","framesets:l","L","Color: ICONIC PLATINIUM WHITE, Size: L","iconic-platinium-white","3299","5800","https://bikecloset.com/product/795-blade-2-rs/?attribute_pa_color=iconic-platinium-white&attribute_pa_size=l","3611720227751","1775305","1775300","2026-09-11T12:08:04.173Z"
"Look 795 BLADE 2 RS Disc Frameset","Look","","","","Components","Framesets","","","M","framesets:m","M","Color: PROTEAM BLACK SATIN / BLACK GLOSSY, Size: M","proteam-black-satin-black-glossy","3299","5800","https://bikecloset.com/product/795-blade-2-rs/?attribute_pa_color=proteam-black-satin-black-glossy&attribute_pa_size=m","3611720200150","1775303","1775300","2026-09-11T12:08:04.173Z"
"Look 795 BLADE 2 RS Disc Frameset","Look","","","","Components","Framesets","","","L","framesets:l","L","Color: PROTEAM BLACK SATIN / BLACK GLOSSY, Size: L","proteam-black-satin-black-glossy","3299","5800","https://bikecloset.com/product/795-blade-2-rs/?attribute_pa_color=proteam-black-satin-black-glossy&attribute_pa_size=l","3611720200167","1775302","1775300","2026-09-11T12:08:04.173Z"
"Look 765 GRAVEL RS Disc Frameset","Look","","","","Components","Framesets","","","M","framesets:m","M","Color: METALLIC HOPE GREEN SATIN, Size: M","metallic-hope-green-satin","1299","3500","https://bikecloset.com/product/765-gravel/?attribute_pa_color=metallic-hope-green-satin&attribute_pa_size=m","3611720206473","1775298","1775295","2026-09-11T12:08:04.173Z"
"Look 765 GRAVEL RS Disc Frameset","Look","","","","Components","Framesets","","","S","framesets:s","S","Color: METALLIC HOPE GREEN SATIN, Size: S","metallic-hope-green-satin","1299","3500","https://bikecloset.com/product/765-gravel/?attribute_pa_color=metallic-hope-green-satin&attribute_pa_size=s","3611720206466","1775297","1775295","2026-09-11T12:08:04.173Z"
"Q36.5 Adventure Cargo Bib Shorts Gravel Grey","Q36.5","","","","Clothing","Bib shorts","Unspecified","Unspecified","XL","clothing:xl","XL","Size: XL","","290","290","https://bikecloset.com/product/adventure-cargo-bib-shorts-gravel-grey/?attribute_pa_size=xl","803173247100","1773235","1773230","2026-09-11T12:08:04.173Z"
"Q36.5 Adventure Cargo Bib Shorts Gravel Grey","Q36.5","","","","Clothing","Bib shorts","Unspecified","Unspecified","L","clothing:l","L","Size: L","","290","290","https://bikecloset.com/product/adventure-cargo-bib-shorts-gravel-grey/?attribute_pa_size=l","803173247094","1773234","1773230","2026-09-11T12:08:04.173Z"
"Q36.5 Dottore Clima Bib Shorts Black","Q36.5","","","","Clothing","Bib shorts","Unspecified","Unspecified","XS","clothing:xs","XS","Size: XS","","400","400","https://bikecloset.com/product/dottore-clima-bib-shorts-black/?attribute_pa_size=xs","803173249982","1773219","1773218","2026-09-11T12:08:04.173Z"
"Q36.5 Adventure Cargo Bib Shorts Gravel Grey","Q36.5","","","","Clothing","Bib shorts","Unspecified","Unspecified","M","clothing:m","M","Size: M","","290","290","https://bikecloset.com/product/adventure-cargo-bib-shorts-gravel-grey/?attribute_pa_size=m","803173247087","1773233","1773230","2026-09-11T12:08:04.173Z"
"Q36.5 Adventure Cargo Bib Shorts Gravel Grey","Q36.5","","","","Clothing","Bib shorts","Unspecified","Unspecified","S","clothing:s","S","Size: S","","290","290","https://bikecloset.com/product/adventure-cargo-bib-shorts-gravel-grey/?attribute_pa_size=s","803173247070","1773232","1773230","2026-09-11T12:08:04.173Z"
"Q36.5 Dottore PRO Bib Shorts Nautica Blue","Q36.5","","","","Clothing","Bib shorts","Unspecified","Unspecified","XL","clothing:xl","XL","Size: XL","","300","300","https://bikecloset.com/product/dottore-pro-bib-shorts-nautica-blue/?attribute_pa_size=xl","803173249227","1773229","1773224","2026-09-11T12:08:04.173Z"
"Q36.5 Dottore PRO Bib Shorts Nautica Blue","Q36.5","","","","Clothing","Bib shorts","Unspecified","Unspecified","L","clothing:l","L","Size: L","","300","300","https://bikecloset.com/product/dottore-pro-bib-shorts-nautica-blue/?attribute_pa_size=l","803173249210","1773228","1773224","2026-09-11T12:08:04.173Z"
"Q36.5 Dottore PRO Bib Shorts Nautica Blue","Q36.5","","","","Clothing","Bib shorts","Unspecified","Unspecified","S","clothing:s","S","Size: S","","300","300","https://bikecloset.com/product/dottore-pro-bib-shorts-nautica-blue/?attribute_pa_size=s","803173249197","1773226","1773224","2026-09-11T12:08:04.173Z"
"Q36.5 Dottore Clima Bib Shorts Black","Q36.5","","","","Clothing","Bib shorts","Unspecified","Unspecified","XL","clothing:xl","XL","Size: XL","","400","400","https://bikecloset.com/product/dottore-clima-bib-shorts-black/?attribute_pa_size=xl","803173250025","1773223","1773218","2026-09-11T12:08:04.173Z"
"Q36.5 Dottore Clima Bib Shorts Black","Q36.5","","","","Clothing","Bib shorts","Unspecified","Unspecified","L","clothing:l","L","Size: L","","400","400","https://bikecloset.com/product/dottore-clima-bib-shorts-black/?attribute_pa_size=l","803173250018","1773222","1773218","2026-09-11T12:08:04.173Z"
"Q36.5 Dottore Clima Bib Shorts Black","Q36.5","","","","Clothing","Bib shorts","Unspecified","Unspecified","M","clothing:m","M","Size: M","","400","400","https://bikecloset.com/product/dottore-clima-bib-shorts-black/?attribute_pa_size=m","803173250001","1773221","1773218","2026-09-11T12:08:04.173Z"
"Q36.5 Dottore Clima Bib Shorts Black","Q36.5","","","","Clothing","Bib shorts","Unspecified","Unspecified","S","clothing:s","S","Size: S","","400","400","https://bikecloset.com/product/dottore-clima-bib-shorts-black/?attribute_pa_size=s","803173249999","1773220","1773218","2026-09-11T12:08:04.173Z"
"Q36.5 UNIQUE PRO Bib Shorts Black","Q36.5","","","","Clothing","Bib shorts","Unspecified","Unspecified","XL","clothing:xl","XL","Size: XL","","470","470","https://bikecloset.com/product/unique-pro-bib-shorts-black/?attribute_pa_size=xl","805698410380","1773217","1773212","2026-09-11T12:08:04.173Z"
"Q36.5 UNIQUE PRO Bib Shorts Black","Q36.5","","","","Clothing","Bib shorts","Unspecified","Unspecified","L","clothing:l","L","Size: L","","470","470","https://bikecloset.com/product/unique-pro-bib-shorts-black/?attribute_pa_size=l","805698410373","1773216","1773212","2026-09-11T12:08:04.173Z"
"Q36.5 UNIQUE PRO Bib Shorts Black","Q36.5","","","","Clothing","Bib shorts","Unspecified","Unspecified","M","clothing:m","M","Size: M","","470","470","https://bikecloset.com/product/unique-pro-bib-shorts-black/?attribute_pa_size=m","805698410366","1773215","1773212","2026-09-11T12:08:04.173Z"
"Q36.5 UNIQUE PRO Bib Shorts Black","Q36.5","","","","Clothing","Bib shorts","Unspecified","Unspecified","S","clothing:s","S","Size: S","","470","470","https://bikecloset.com/product/unique-pro-bib-shorts-black/?attribute_pa_size=s","805698410359","1773214","1773212","2026-09-11T12:08:04.173Z"
"Q36.5 Dottore PRO Jersey Black","Q36.5","","","","Clothing","Jerseys","Unspecified","Unspecified","XS","clothing:xs","XS","Size: XS","","149","240","https://bikecloset.com/product/dottore-pro-jersey-black/?attribute_pa_size=xs","806258034930","1773201","1773200","2026-09-11T12:08:04.173Z"
"Q36.5 Dottore PRO Jersey Grisaille Blue","Q36.5","","","","Clothing","Jerseys","Unspecified","Unspecified","S","clothing:s","S","Size: S","","240","240","https://bikecloset.com/product/dottore-pro-jersey-grisaille-blue/?attribute_pa_size=s","803173232298","1773208","1773206","2026-09-11T12:08:04.173Z"
"Q36.5 Dottore PRO Jersey Black","Q36.5","","","","Clothing","Jerseys","Unspecified","Unspecified","S","clothing:s","S","Size: S","","149","240","https://bikecloset.com/product/dottore-pro-jersey-black/?attribute_pa_size=s","806258034947","1773202","1773200","2026-09-11T12:08:04.173Z"
"Q36.5 Unique Pro 4.0 Road Shoes White","Q36.5","","","","Footwear & protection","Cycling shoes","","","44","shoes:44","44","Size: 44","","600","600","https://bikecloset.com/product/unique-pro-4-0-road-shoes-white/?attribute_pa_size=44","804470008500","1773194","1773187","2026-09-11T12:08:04.173Z"
"Q36.5 Unique Pro 4.0 Road Shoes White","Q36.5","","","","Footwear & protection","Cycling shoes","","","42.5","shoes:42.5","42.5","Size: 42.5","","600","600","https://bikecloset.com/product/unique-pro-4-0-road-shoes-white/?attribute_pa_size=42-5","804470008470","1773191","1773187","2026-09-11T12:08:04.173Z"
"Q36.5 Unique Pro 4.0 Road Shoes White","Q36.5","","","","Footwear & protection","Cycling shoes","","","42","shoes:42","42","Size: 42","","600","600","https://bikecloset.com/product/unique-pro-4-0-road-shoes-white/?attribute_pa_size=42","804470008463","1773190","1773187","2026-09-11T12:08:04.173Z"
"Assos UMA GT Jersey S11","Assos","","","","Clothing","Jerseys","Women's","Unspecified","XS","clothing:xs","XS","Color: Interstellar Orchid, Size: XS","interstellar-orchid","99","155","https://bikecloset.com/product/assos-uma-gt-jersey-s11/?attribute_pa_color=interstellar-orchid&attribute_pa_size=xs","7627776008974","1773036","1773010","2026-09-11T12:08:04.173Z"
"Assos UMA GT Jersey S11","Assos","","","","Clothing","Jerseys","Women's","Unspecified","ASSOS XLG","clothing:assos xlg","XLG","Color: Interstellar Orchid, Size: XLG","interstellar-orchid","99","155","https://bikecloset.com/product/assos-uma-gt-jersey-s11/?attribute_pa_color=interstellar-orchid&attribute_pa_size=xlg","7627776008967","1773035","1773010","2026-09-11T12:08:04.173Z"
"Assos UMA GT Jersey S11","Assos","","","","Clothing","Jerseys","Women's","Unspecified","XL","clothing:xl","XL","Color: Interstellar Orchid, Size: XL","interstellar-orchid","99","155","https://bikecloset.com/product/assos-uma-gt-jersey-s11/?attribute_pa_color=interstellar-orchid&attribute_pa_size=xl","7627776008950","1773034","1773010","2026-09-11T12:08:04.173Z"
"Assos UMA GT Jersey S11","Assos","","","","Clothing","Jerseys","Women's","Unspecified","S","clothing:s","S","Color: Interstellar Orchid, Size: S","interstellar-orchid","99","155","https://bikecloset.com/product/assos-uma-gt-jersey-s11/?attribute_pa_color=interstellar-orchid&attribute_pa_size=s","7627776008943","1773033","1773010","2026-09-11T12:08:04.173Z"
"Assos UMA GT Jersey S11","Assos","","","","Clothing","Jerseys","Women's","Unspecified","M","clothing:m","M","Color: Interstellar Orchid, Size: M","interstellar-orchid","99","155","https://bikecloset.com/product/assos-uma-gt-jersey-s11/?attribute_pa_color=interstellar-orchid&attribute_pa_size=m","7627776008936","1773032","1773010","2026-09-11T12:08:04.173Z"
"Assos UMA GT Jersey S11","Assos","","","","Clothing","Jerseys","Women's","Unspecified","L","clothing:l","L","Color: Interstellar Orchid, Size: L","interstellar-orchid","99","155","https://bikecloset.com/product/assos-uma-gt-jersey-s11/?attribute_pa_color=interstellar-orchid&attribute_pa_size=l","7627776008929","1773031","1773010","2026-09-11T12:08:04.173Z"
"Assos UMA GT Jersey S11","Assos","","","","Clothing","Jerseys","Women's","Unspecified","XXS","clothing:xxs","XXS","Color: Foundation Green, Size: XXS","foundation-green","99","155","https://bikecloset.com/product/assos-uma-gt-jersey-s11/?attribute_pa_color=foundation-green&attribute_pa_size=xxs","7627776020969","1773030","1773010","2026-09-11T12:08:04.173Z"
"Assos UMA GT Jersey S11","Assos","","","","Clothing","Jerseys","Women's","Unspecified","XS","clothing:xs","XS","Color: Foundation Green, Size: XS","foundation-green","99","155","https://bikecloset.com/product/assos-uma-gt-jersey-s11/?attribute_pa_color=foundation-green&attribute_pa_size=xs","7627776020976","1773029","1773010","2026-09-11T12:08:04.173Z"
"Assos UMA GT Jersey S11","Assos","","","","Clothing","Jerseys","Women's","Unspecified","ASSOS XLG","clothing:assos xlg","XLG","Color: Foundation Green, Size: XLG","foundation-green","99","155","https://bikecloset.com/product/assos-uma-gt-jersey-s11/?attribute_pa_color=foundation-green&attribute_pa_size=xlg","7627776021027","1773028","1773010","2026-09-11T12:08:04.173Z"
"Assos UMA GT Jersey S11","Assos","","","","Clothing","Jerseys","Women's","Unspecified","XL","clothing:xl","XL","Color: Foundation Green, Size: XL","foundation-green","99","155","https://bikecloset.com/product/assos-uma-gt-jersey-s11/?attribute_pa_color=foundation-green&attribute_pa_size=xl","7627776021010","1773027","1773010","2026-09-11T12:08:04.173Z"
"Assos UMA GT Jersey S11","Assos","","","","Clothing","Jerseys","Women's","Unspecified","S","clothing:s","S","Color: Foundation Green, Size: S","foundation-green","99","155","https://bikecloset.com/product/assos-uma-gt-jersey-s11/?attribute_pa_color=foundation-green&attribute_pa_size=s","7627776020983","1773026","1773010","2026-09-11T12:08:04.173Z"
"Assos UMA GT Jersey S11","Assos","","","","Clothing","Jerseys","Women's","Unspecified","M","clothing:m","M","Color: Foundation Green, Size: M","foundation-green","99","155","https://bikecloset.com/product/assos-uma-gt-jersey-s11/?attribute_pa_color=foundation-green&attribute_pa_size=m","7627776020990","1773025","1773010","2026-09-11T12:08:04.173Z"
"Assos UMA GT Jersey S11","Assos","","","","Clothing","Jerseys","Women's","Unspecified","L","clothing:l","L","Color: Foundation Green, Size: L","foundation-green","99","155","https://bikecloset.com/product/assos-uma-gt-jersey-s11/?attribute_pa_color=foundation-green&attribute_pa_size=l","7627776021003","1773024","1773010","2026-09-11T12:08:04.173Z"
"Assos UMA GT Jersey S11","Assos","","","","Clothing","Jerseys","Women's","Unspecified","XXS","clothing:xxs","XXS","Color: White Series, Size: XXS","white-series","99","155","https://bikecloset.com/product/assos-uma-gt-jersey-s11/?attribute_pa_color=white-series&attribute_pa_size=xxs","7627776012070","1773023","1773010","2026-09-11T12:08:04.173Z"
"Assos UMA GT Jersey S11","Assos","","","","Clothing","Jerseys","Women's","Unspecified","XS","clothing:xs","XS","Color: White Series, Size: XS","white-series","99","155","https://bikecloset.com/product/assos-uma-gt-jersey-s11/?attribute_pa_color=white-series&attribute_pa_size=xs","7627776012063","1773022","1773010","2026-09-11T12:08:04.173Z"
"Assos UMA GT Jersey S11","Assos","","","","Clothing","Jerseys","Women's","Unspecified","ASSOS XLG","clothing:assos xlg","XLG","Color: White Series, Size: XLG","white-series","99","155","https://bikecloset.com/product/assos-uma-gt-jersey-s11/?attribute_pa_color=white-series&attribute_pa_size=xlg","7627776012018","1773021","1773010","2026-09-11T12:08:04.173Z"
"Assos UMA GT Jersey S11","Assos","","","","Clothing","Jerseys","Women's","Unspecified","XL","clothing:xl","XL","Color: White Series, Size: XL","white-series","99","155","https://bikecloset.com/product/assos-uma-gt-jersey-s11/?attribute_pa_color=white-series&attribute_pa_size=xl","7627776012025","1773020","1773010","2026-09-11T12:08:04.173Z"
"Assos UMA GT Jersey S11","Assos","","","","Clothing","Jerseys","Women's","Unspecified","S","clothing:s","S","Color: White Series, Size: S","white-series","99","155","https://bikecloset.com/product/assos-uma-gt-jersey-s11/?attribute_pa_color=white-series&attribute_pa_size=s","7627776012056","1773019","1773010","2026-09-11T12:08:04.173Z"
"Assos UMA GT Jersey S11","Assos","","","","Clothing","Jerseys","Women's","Unspecified","M","clothing:m","M","Color: White Series, Size: M","white-series","99","155","https://bikecloset.com/product/assos-uma-gt-jersey-s11/?attribute_pa_color=white-series&attribute_pa_size=m","7627776012049","1773018","1773010","2026-09-11T12:08:04.173Z"
"Assos UMA GT Jersey S11","Assos","","","","Clothing","Jerseys","Women's","Unspecified","L","clothing:l","L","Color: White Series, Size: L","white-series","99","155","https://bikecloset.com/product/assos-uma-gt-jersey-s11/?attribute_pa_color=white-series&attribute_pa_size=l","7627776012032","1773017","1773010","2026-09-11T12:08:04.173Z"
"Assos UMA GT Jersey S11","Assos","","","","Clothing","Jerseys","Women's","Unspecified","XXS","clothing:xxs","XXS","Color: BOLGHERI RED, Size: XXS","bolgheri-red","99","155","https://bikecloset.com/product/assos-uma-gt-jersey-s11/?attribute_pa_color=bolgheri-red&attribute_pa_size=xxs","7627776012667","1773016","1773010","2026-09-11T12:08:04.173Z"
"Assos UMA GT Jersey S11","Assos","","","","Clothing","Jerseys","Women's","Unspecified","ASSOS XLG","clothing:assos xlg","XLG","Color: BOLGHERI RED, Size: XLG","bolgheri-red","99","155","https://bikecloset.com/product/assos-uma-gt-jersey-s11/?attribute_pa_color=bolgheri-red&attribute_pa_size=xlg","7627776012605","1773015","1773010","2026-09-11T12:08:04.173Z"
"Assos UMA GT Jersey S11","Assos","","","","Clothing","Jerseys","Women's","Unspecified","XL","clothing:xl","XL","Color: BOLGHERI RED, Size: XL","bolgheri-red","99","155","https://bikecloset.com/product/assos-uma-gt-jersey-s11/?attribute_pa_color=bolgheri-red&attribute_pa_size=xl","7627776012612","1773014","1773010","2026-09-11T12:08:04.173Z"
"Assos UMA GT Jersey S11","Assos","","","","Clothing","Jerseys","Women's","Unspecified","S","clothing:s","S","Color: BOLGHERI RED, Size: S","bolgheri-red","99","155","https://bikecloset.com/product/assos-uma-gt-jersey-s11/?attribute_pa_color=bolgheri-red&attribute_pa_size=s","7627776012643","1773013","1773010","2026-09-11T12:08:04.173Z"
"Assos UMA GT Jersey S11","Assos","","","","Clothing","Jerseys","Women's","Unspecified","M","clothing:m","M","Color: BOLGHERI RED, Size: M","bolgheri-red","99","155","https://bikecloset.com/product/assos-uma-gt-jersey-s11/?attribute_pa_color=bolgheri-red&attribute_pa_size=m","7627776012636","1773012","1773010","2026-09-11T12:08:04.173Z"
"Assos UMA GT Jersey S11","Assos","","","","Clothing","Jerseys","Women's","Unspecified","L","clothing:l","L","Color: BOLGHERI RED, Size: L","bolgheri-red","99","155","https://bikecloset.com/product/assos-uma-gt-jersey-s11/?attribute_pa_color=bolgheri-red&attribute_pa_size=l","7627776012629","1773011","1773010","2026-09-11T12:08:04.173Z"
"Time ADH ALPE D’HUEZ Carbon Disc Frameset Gold Edition","Time","","","","Components","Framesets","","","M","framesets:m","M","Color: V39 Brilliant Gold, Size: M","v39-brilliant-gold","1599","4000","https://bikecloset.com/product/time-adh-alpe-dhuez-carbon-disc-frameset-gold-edition/?attribute_pa_color=v39-brilliant-gold&attribute_pa_size=m","","1770807","1770763","2026-09-11T12:08:04.173Z"
"Time ADH ALPE D’HUEZ Carbon Disc Frameset Gold Edition","Time","","","","Components","Framesets","","","L","framesets:l","L","Color: V39 Brilliant Gold, Size: L","v39-brilliant-gold","1599","4000","https://bikecloset.com/product/time-adh-alpe-dhuez-carbon-disc-frameset-gold-edition/?attribute_pa_color=v39-brilliant-gold&attribute_pa_size=l","","1770806","1770763","2026-09-11T12:08:04.173Z"
"Time ADH ALPE D’HUEZ Carbon Disc Frameset Gold Edition","Time","","","","Components","Framesets","","","XL","framesets:xl","XL","Color: V39 Brilliant Gold, Size: XL","v39-brilliant-gold","1599","4000","https://bikecloset.com/product/time-adh-alpe-dhuez-carbon-disc-frameset-gold-edition/?attribute_pa_color=v39-brilliant-gold&attribute_pa_size=xl","","1770805","1770763","2026-09-11T12:08:04.173Z"
"Time ADH ALPE D’HUEZ Carbon Disc Frameset Gold Edition","Time","","","","Components","Framesets","","","S","framesets:s","S","Color: V39 Brilliant Gold, Size: S","v39-brilliant-gold","1599","4000","https://bikecloset.com/product/time-adh-alpe-dhuez-carbon-disc-frameset-gold-edition/?attribute_pa_color=v39-brilliant-gold&attribute_pa_size=s","","1770767","1770763","2026-09-11T12:08:04.173Z"
"POC Cytal Carbon","POC","","","","Footwear & protection","Helmets","","","L","helmets:l","LRG","Color: Hydrogen White, Size: LRG","hydrogen-white","450","450","https://bikecloset.com/product/cytal-carbon-cpsc/?attribute_pa_color=hydrogen-white&attribute_pa_size=lrg","7325549802810","1770341","1671631","2026-09-11T12:08:04.173Z"
"POC M’s Cadence Bib Shorts","POC","","","","Clothing","Bib shorts","Men's","Unspecified","S","clothing:s","SML","Color: Apatite Navy, Size: SML","apatite-navy","180","180","https://bikecloset.com/product/ms-cadence-bib-shorts-ms-cadence-bib-shorts/?attribute_pa_color=apatite-navy&attribute_pa_size=sml","7325549798779","1769589","1769588","2026-09-11T12:08:04.173Z"
"POC M’s Cadence Cargo Bib Shorts","POC","","","","Clothing","Bib shorts","Men's","Unspecified","S","clothing:s","SML","Color: Uranium Black, Size: SML","uranium-black","200","200","https://bikecloset.com/product/ms-cadence-cargo-bib-shorts-ms-cadence-cargo-bib-shorts/?attribute_pa_color=uranium-black&attribute_pa_size=sml","7325549822740","1769585","1769584","2026-09-11T12:08:04.173Z"
"POC M’s Cadence Bib Shorts","POC","","","","Clothing","Bib shorts","Men's","Unspecified","L","clothing:l","LRG","Color: Apatite Navy, Size: LRG","apatite-navy","180","180","https://bikecloset.com/product/ms-cadence-bib-shorts-ms-cadence-bib-shorts/?attribute_pa_color=apatite-navy&attribute_pa_size=lrg","7325549798670","1769591","1769588","2026-09-11T12:08:04.173Z"
"POC M’s Cadence Cargo Bib Shorts","POC","","","","Clothing","Bib shorts","Men's","Unspecified","L","clothing:l","LRG","Color: Uranium Black, Size: LRG","uranium-black","200","200","https://bikecloset.com/product/ms-cadence-cargo-bib-shorts-ms-cadence-cargo-bib-shorts/?attribute_pa_color=uranium-black&attribute_pa_size=lrg","7325549822726","1769587","1769584","2026-09-11T12:08:04.173Z"
"POC M’s Cadence Cargo Bib Shorts","POC","","","","Clothing","Bib shorts","Men's","Unspecified","M","clothing:m","MED","Color: Uranium Black, Size: MED","uranium-black","200","200","https://bikecloset.com/product/ms-cadence-cargo-bib-shorts-ms-cadence-cargo-bib-shorts/?attribute_pa_color=uranium-black&attribute_pa_size=med","7325549822733","1769586","1769584","2026-09-11T12:08:04.173Z"
"POC M’s Raceday S/S Jersey","POC","","","","Clothing","Jerseys","Men's","Unspecified","XL","clothing:xl","XLG","Color: Uranium Black, Size: XLG","uranium-black","170","170","https://bikecloset.com/product/ms-raceday-s-s-jersey-ms-raceday-s-s-jersey/?attribute_pa_color=uranium-black&attribute_pa_size=xlg","7325549803947","1769583","1769575","2026-09-11T12:08:04.173Z"
"POC M’s Raceday S/S Jersey","POC","","","","Clothing","Jerseys","Men's","Unspecified","S","clothing:s","SML","Color: Hydrogen White, Size: SML","hydrogen-white","170","170","https://bikecloset.com/product/ms-raceday-s-s-jersey-ms-raceday-s-s-jersey/?attribute_pa_color=hydrogen-white&attribute_pa_size=sml","7325549803824","1769576","1769575","2026-09-11T12:08:04.173Z"
"POC M’s Cadence Jersey","POC","","","","Clothing","Jerseys","Men's","Unspecified","S","clothing:s","SML","Color: Hydrogen White, Size: SML","hydrogen-white","150","150","https://bikecloset.com/product/ms-cadence-jersey-ms-cadence-jersey/?attribute_pa_color=hydrogen-white&attribute_pa_size=sml","7325549806191","1769567","1769566","2026-09-11T12:08:04.173Z"
"POC M’s Raceday S/S Jersey","POC","","","","Clothing","Jerseys","Men's","Unspecified","L","clothing:l","LRG","Color: Uranium Black, Size: LRG","uranium-black","170","170","https://bikecloset.com/product/ms-raceday-s-s-jersey-ms-raceday-s-s-jersey/?attribute_pa_color=uranium-black&attribute_pa_size=lrg","7325549803916","1769582","1769575","2026-09-11T12:08:04.173Z"
"POC M’s Raceday S/S Jersey","POC","","","","Clothing","Jerseys","Men's","Unspecified","M","clothing:m","MED","Color: Uranium Black, Size: MED","uranium-black","170","170","https://bikecloset.com/product/ms-raceday-s-s-jersey-ms-raceday-s-s-jersey/?attribute_pa_color=uranium-black&attribute_pa_size=med","7325549803923","1769581","1769575","2026-09-11T12:08:04.173Z"
"POC M’s Raceday S/S Jersey","POC","","","","Clothing","Jerseys","Men's","Unspecified","S","clothing:s","SML","Color: Uranium Black, Size: SML","uranium-black","170","170","https://bikecloset.com/product/ms-raceday-s-s-jersey-ms-raceday-s-s-jersey/?attribute_pa_color=uranium-black&attribute_pa_size=sml","7325549803930","1769580","1769575","2026-09-11T12:08:04.173Z"
"POC M’s Raceday S/S Jersey","POC","","","","Clothing","Jerseys","Men's","Unspecified","XL","clothing:xl","XLG","Color: Hydrogen White, Size: XLG","hydrogen-white","170","170","https://bikecloset.com/product/ms-raceday-s-s-jersey-ms-raceday-s-s-jersey/?attribute_pa_color=hydrogen-white&attribute_pa_size=xlg","7325549803831","1769579","1769575","2026-09-11T12:08:04.173Z"
"POC M’s Raceday S/S Jersey","POC","","","","Clothing","Jerseys","Men's","Unspecified","L","clothing:l","LRG","Color: Hydrogen White, Size: LRG","hydrogen-white","170","170","https://bikecloset.com/product/ms-raceday-s-s-jersey-ms-raceday-s-s-jersey/?attribute_pa_color=hydrogen-white&attribute_pa_size=lrg","7325549803800","1769578","1769575","2026-09-11T12:08:04.173Z"
"POC M’s Raceday S/S Jersey","POC","","","","Clothing","Jerseys","Men's","Unspecified","M","clothing:m","MED","Color: Hydrogen White, Size: MED","hydrogen-white","170","170","https://bikecloset.com/product/ms-raceday-s-s-jersey-ms-raceday-s-s-jersey/?attribute_pa_color=hydrogen-white&attribute_pa_size=med","7325549803817","1769577","1769575","2026-09-11T12:08:04.173Z"
"POC M’s Cadence Jersey","POC","","","","Clothing","Jerseys","Men's","Unspecified","L","clothing:l","LRG","Color: Apatite Navy, Size: LRG","apatite-navy","150","150","https://bikecloset.com/product/ms-cadence-jersey-ms-cadence-jersey/?attribute_pa_color=apatite-navy&attribute_pa_size=lrg","7325549826038","1769573","1769566","2026-09-11T12:08:04.173Z"
"POC M’s Cadence Jersey","POC","","","","Clothing","Jerseys","Men's","Unspecified","M","clothing:m","MED","Color: Apatite Navy, Size: MED","apatite-navy","150","150","https://bikecloset.com/product/ms-cadence-jersey-ms-cadence-jersey/?attribute_pa_color=apatite-navy&attribute_pa_size=med","7325549826045","1769572","1769566","2026-09-11T12:08:04.173Z"
"POC M’s Cadence Jersey","POC","","","","Clothing","Jerseys","Men's","Unspecified","S","clothing:s","SML","Color: Apatite Navy, Size: SML","apatite-navy","150","150","https://bikecloset.com/product/ms-cadence-jersey-ms-cadence-jersey/?attribute_pa_color=apatite-navy&attribute_pa_size=sml","7325549826052","1769571","1769566","2026-09-11T12:08:04.173Z"
"POC M’s Cadence Jersey","POC","","","","Clothing","Jerseys","Men's","Unspecified","L","clothing:l","LRG","Color: Hydrogen White, Size: LRG","hydrogen-white","150","150","https://bikecloset.com/product/ms-cadence-jersey-ms-cadence-jersey/?attribute_pa_color=hydrogen-white&attribute_pa_size=lrg","7325549806092","1769569","1769566","2026-09-11T12:08:04.173Z"
"POC M’s Cadence Jersey","POC","","","","Clothing","Jerseys","Men's","Unspecified","M","clothing:m","MED","Color: Hydrogen White, Size: MED","hydrogen-white","150","150","https://bikecloset.com/product/ms-cadence-jersey-ms-cadence-jersey/?attribute_pa_color=hydrogen-white&attribute_pa_size=med","7325549806184","1769568","1769566","2026-09-11T12:08:04.173Z"
"Time ADHX Carbon Disc Frameset V16 Gloss Cobalt","Time","","","","Components","Framesets","","","L","framesets:l","L","Color: V16 Gloss Cobalt, Size: L","v16-gloss-cobalt","1499","4000","https://bikecloset.com/product/time-adhx-carbon-disc-frameset-v16-gloss-cobalt/?attribute_pa_color=v16-gloss-cobalt&attribute_pa_size=l","","1769341","1769337","2026-09-11T12:08:04.173Z"
"Time ADHX Carbon Disc Frameset V16 Gloss Cobalt","Time","","","","Components","Framesets","","","S","framesets:s","S","Color: V16 Gloss Cobalt, Size: S","v16-gloss-cobalt","1499","4000","https://bikecloset.com/product/time-adhx-carbon-disc-frameset-v16-gloss-cobalt/?attribute_pa_color=v16-gloss-cobalt&attribute_pa_size=s","","1769339","1769337","2026-09-11T12:08:04.173Z"
"Time ADHX Carbon Disc Frameset V16 Gloss Cobalt","Time","","","","Components","Framesets","","","XS","framesets:xs","XS","Color: V16 Gloss Cobalt, Size: XS","v16-gloss-cobalt","1499","4000","https://bikecloset.com/product/time-adhx-carbon-disc-frameset-v16-gloss-cobalt/?attribute_pa_color=v16-gloss-cobalt&attribute_pa_size=xs","","1769338","1769337","2026-09-11T12:08:04.173Z"
"Time ADH ALPE D’HUEZ Carbon Disc Frameset","Time","","","","Components","Framesets","","","S","framesets:s","S","Color: V43 Brilliant Silver, Size: S","v43-brilliant-silver","1499","4000","https://bikecloset.com/product/time-adh-alpe-dhuez-carbon-disc-frameset/?attribute_pa_color=v43-brilliant-silver&attribute_pa_size=s","","1769334","1748595","2026-09-11T12:08:04.173Z"
"Time ADH ALPE D’HUEZ Carbon Disc Frameset","Time","","","","Components","Framesets","","","M","framesets:m","M","Color: V43 Brilliant Silver, Size: M","v43-brilliant-silver","1499","4000","https://bikecloset.com/product/time-adh-alpe-dhuez-carbon-disc-frameset/?attribute_pa_color=v43-brilliant-silver&attribute_pa_size=m","","1769333","1748595","2026-09-11T12:08:04.173Z"
"Time ADH ALPE D’HUEZ Carbon Disc Frameset","Time","","","","Components","Framesets","","","L","framesets:l","L","Color: V43 Brilliant Silver, Size: L","v43-brilliant-silver","1499","4000","https://bikecloset.com/product/time-adh-alpe-dhuez-carbon-disc-frameset/?attribute_pa_color=v43-brilliant-silver&attribute_pa_size=l","","1769332","1748595","2026-09-11T12:08:04.173Z"
"Assos EQUIPE RSR BOLIDE SPEEDSUIT S11","Assos","","","","Clothing","Skinsuits & tri suits","Unspecified","Unspecified","XL","clothing:xl","XL","Size: XL","","700","700","https://bikecloset.com/product/assos-equipe-rsr-bolide-speedsuit-s11/?attribute_size=XL","7627776039183","1769278","1769273","2026-09-11T12:08:04.173Z"
"Assos EQUIPE RSR BOLIDE SPEEDSUIT S11","Assos","","","","Clothing","Skinsuits & tri suits","Unspecified","Unspecified","M","clothing:m","M","Size: M","","700","700","https://bikecloset.com/product/assos-equipe-rsr-bolide-speedsuit-s11/?attribute_size=M","7627776039169","1769275","1769273","2026-09-11T12:08:04.173Z"
"Assos EQUIPE RSR BOLIDE BIB SHORTS S11","Assos","","","","Clothing","Bib shorts","Unspecified","Unspecified","L","clothing:l","L","Size: L","","410","410","https://bikecloset.com/product/assos-equipe-rsr-bolide-bib-shorts-s11/?attribute_size=L","7627776039114","1769272","1769268","2026-09-11T12:08:04.173Z"
"Assos EQUIPE RSR BOLIDE BIB SHORTS S11","Assos","","","","Clothing","Bib shorts","Unspecified","Unspecified","M","clothing:m","M","Size: M","","410","410","https://bikecloset.com/product/assos-equipe-rsr-bolide-bib-shorts-s11/?attribute_size=M","7627776039107","1769271","1769268","2026-09-11T12:08:04.173Z"
"Assos EQUIPE RSR BOLIDE BIB SHORTS S11","Assos","","","","Clothing","Bib shorts","Unspecified","Unspecified","S","clothing:s","S","Size: S","","410","410","https://bikecloset.com/product/assos-equipe-rsr-bolide-bib-shorts-s11/?attribute_size=S","7627776039091","1769270","1769268","2026-09-11T12:08:04.173Z"
"Vittoria Corsa Pro TLR G2.0 700c","Vittoria","","","","Wheels & tires","Tires","","","700 × 32 mm","tires:700 × 32 mm","32mm","Size: 32mm","","111.99","111.99","https://bikecloset.com/product/vittoria-corsa-pro-tlr-g2-0-700c/?attribute_size=32mm","8022530026741","1769094","1769091","2026-09-11T12:08:04.173Z"
"Vittoria Corsa Pro TLR G2.0 700c","Vittoria","","","","Wheels & tires","Tires","","","700 × 30 mm","tires:700 × 30 mm","30mm","Size: 30mm","","111.99","111.99","https://bikecloset.com/product/vittoria-corsa-pro-tlr-g2-0-700c/?attribute_size=30mm","8022530026734","1769093","1769091","2026-09-11T12:08:04.173Z"
"Assos EQUIPE R 3/3 Habu BIBTIGHTS S9","Assos","","","","Clothing","Tights","Unspecified","Unspecified","3XL","clothing:3xl","3XL","Size: 3XL","","110","330","https://bikecloset.com/product/equipe-r-3-3-bibtights-s9/?attribute_pa_size=3xl","2220000229968","1769054","1567833","2026-09-11T12:08:04.173Z"
"Kask Protone Icon","Kask","","","","Footwear & protection","Helmets","","","M","helmets:m","M","Size: M, Color: White","White","300","300","https://bikecloset.com/product/kask-protone-icon/?attribute_size=M&attribute_color=White","8057099242455","1768564","1544862","2026-09-11T12:08:04.173Z"
"Kask ELEMENTO","Kask","","","","Footwear & protection","Helmets","","","M","helmets:m","Medium","Color: Sporty Grey, Size: Medium","sporty-grey","400","400","https://bikecloset.com/product/kask-elemento/?attribute_pa_color=sporty-grey&attribute_size=Medium","8057099436717","1768562","1643074","2026-09-11T12:08:04.173Z"
"Kask ELEMENTO","Kask","","","","Footwear & protection","Helmets","","","L","helmets:l","Large","Color: Sporty Grey, Size: Large","sporty-grey","400","400","https://bikecloset.com/product/kask-elemento/?attribute_pa_color=sporty-grey&attribute_size=Large","8057099436724","1768561","1643074","2026-09-11T12:08:04.173Z"
"Assos EQUIPE R JERSEY S11","Assos","","","","Clothing","Jerseys","Unspecified","Unspecified","XL","clothing:xl","XL","Color: BLACK SERIES, Size: XL","black-series","190","190","https://bikecloset.com/product/assos-equipe-r-jersey-s11/?attribute_pa_color=black-series&attribute_pa_size=xl","7627776022475","1768487","1768335","2026-09-11T12:08:04.173Z"
"Assos EQUIPE R JERSEY S11","Assos","","","","Clothing","Jerseys","Unspecified","Unspecified","L","clothing:l","L","Color: BLACK SERIES, Size: L","black-series","190","190","https://bikecloset.com/product/assos-equipe-r-jersey-s11/?attribute_pa_color=black-series&attribute_pa_size=l","7627776022444","1768486","1768335","2026-09-11T12:08:04.173Z"
"Assos EQUIPE R JERSEY S11","Assos","","","","Clothing","Jerseys","Unspecified","Unspecified","M","clothing:m","M","Color: BLACK SERIES, Size: M","black-series","190","190","https://bikecloset.com/product/assos-equipe-r-jersey-s11/?attribute_pa_color=black-series&attribute_pa_size=m","7627776022451","1768485","1768335","2026-09-11T12:08:04.173Z"
"Assos EQUIPE R JERSEY S11","Assos","","","","Clothing","Jerseys","Unspecified","Unspecified","S","clothing:s","S","Color: BLACK SERIES, Size: S","black-series","190","190","https://bikecloset.com/product/assos-equipe-r-jersey-s11/?attribute_pa_color=black-series&attribute_pa_size=s","7627776022468","1768484","1768335","2026-09-11T12:08:04.173Z"
"Assos EQUIPE R JERSEY S11","Assos","","","","Clothing","Jerseys","Unspecified","Unspecified","XL","clothing:xl","XL","Color: HALO GREEN, Size: XL","halo-green","190","190","https://bikecloset.com/product/assos-equipe-r-jersey-s11/?attribute_pa_color=halo-green&attribute_pa_size=xl","7627776022758","1768480","1768335","2026-09-11T12:08:04.173Z"
"Assos EQUIPE R JERSEY S11","Assos","","","","Clothing","Jerseys","Unspecified","Unspecified","L","clothing:l","L","Color: HALO GREEN, Size: L","halo-green","190","190","https://bikecloset.com/product/assos-equipe-r-jersey-s11/?attribute_pa_color=halo-green&attribute_pa_size=l","7627776022727","1768479","1768335","2026-09-11T12:08:04.173Z"
"Assos EQUIPE R JERSEY S11","Assos","","","","Clothing","Jerseys","Unspecified","Unspecified","M","clothing:m","M","Color: HALO GREEN, Size: M","halo-green","190","190","https://bikecloset.com/product/assos-equipe-r-jersey-s11/?attribute_pa_color=halo-green&attribute_pa_size=m","7627776022734","1768478","1768335","2026-09-11T12:08:04.173Z"
"Assos EQUIPE R JERSEY S11","Assos","","","","Clothing","Jerseys","Unspecified","Unspecified","S","clothing:s","S","Color: HALO GREEN, Size: S","halo-green","190","190","https://bikecloset.com/product/assos-equipe-r-jersey-s11/?attribute_pa_color=halo-green&attribute_pa_size=s","7627776022741","1768477","1768335","2026-09-11T12:08:04.173Z"
"Assos MILLE GTS JERSEY S11","Assos","","","","Clothing","Jerseys","Unspecified","Unspecified","XL","clothing:xl","XL","Color: Terra Sand, Size: XL","terra-sand","220","220","https://bikecloset.com/product/assos-mille-gts-jersey-s11-2/?attribute_pa_color=terra-sand&attribute_pa_size=xl","7627776020099","1768473","1768327","2026-09-11T12:08:04.173Z"
"Assos MILLE GTS JERSEY S11","Assos","","","","Clothing","Jerseys","Unspecified","Unspecified","L","clothing:l","L","Color: Terra Sand, Size: L","terra-sand","220","220","https://bikecloset.com/product/assos-mille-gts-jersey-s11-2/?attribute_pa_color=terra-sand&attribute_pa_size=l","7627776020082","1768472","1768327","2026-09-11T12:08:04.173Z"
"Assos MILLE GTS JERSEY S11","Assos","","","","Clothing","Jerseys","Unspecified","Unspecified","M","clothing:m","M","Color: Terra Sand, Size: M","terra-sand","220","220","https://bikecloset.com/product/assos-mille-gts-jersey-s11-2/?attribute_pa_color=terra-sand&attribute_pa_size=m","7627776020075","1768471","1768327","2026-09-11T12:08:04.173Z"
"Assos MILLE GTS JERSEY S11","Assos","","","","Clothing","Jerseys","Unspecified","Unspecified","S","clothing:s","S","Color: Terra Sand, Size: S","terra-sand","220","220","https://bikecloset.com/product/assos-mille-gts-jersey-s11-2/?attribute_pa_color=terra-sand&attribute_pa_size=s","7627776020068","1768470","1768327","2026-09-11T12:08:04.173Z"
"Assos EQUIPE R JERSEY S11","Assos","","","","Clothing","Jerseys","Unspecified","Unspecified","L","clothing:l","L","Color: FUTURE DUSK, Size: L","future-dusk","190","190","https://bikecloset.com/product/assos-equipe-r-jersey-s11/?attribute_pa_color=future-dusk&attribute_pa_size=l","7627776022512","1768465","1768335","2026-09-11T12:08:04.173Z"
"Assos EQUIPE R JERSEY S11","Assos","","","","Clothing","Jerseys","Unspecified","Unspecified","M","clothing:m","M","Color: FUTURE DUSK, Size: M","future-dusk","190","190","https://bikecloset.com/product/assos-equipe-r-jersey-s11/?attribute_pa_color=future-dusk&attribute_pa_size=m","7627776022529","1768464","1768335","2026-09-11T12:08:04.173Z"
"Assos EQUIPE R JERSEY S11","Assos","","","","Clothing","Jerseys","Unspecified","Unspecified","S","clothing:s","S","Color: FUTURE DUSK, Size: S","future-dusk","190","190","https://bikecloset.com/product/assos-equipe-r-jersey-s11/?attribute_pa_color=future-dusk&attribute_pa_size=s","7627776022536","1768463","1768335","2026-09-11T12:08:04.173Z"
"Assos EQUIPE R JERSEY S11","Assos","","","","Clothing","Jerseys","Unspecified","Unspecified","L","clothing:l","L","Color: Terra Sand, Size: L","terra-sand","190","190","https://bikecloset.com/product/assos-equipe-r-jersey-s11/?attribute_pa_color=terra-sand&attribute_pa_size=l","7627776022581","1768458","1768335","2026-09-11T12:08:04.173Z"
"Assos EQUIPE R JERSEY S11","Assos","","","","Clothing","Jerseys","Unspecified","Unspecified","S","clothing:s","S","Color: Terra Sand, Size: S","terra-sand","190","190","https://bikecloset.com/product/assos-equipe-r-jersey-s11/?attribute_pa_color=terra-sand&attribute_pa_size=s","7627776022604","1768456","1768335","2026-09-11T12:08:04.173Z"
"Assos EQUIPE RSR JERSEY S11","Assos","","","","Clothing","Jerseys","Unspecified","Unspecified","S","clothing:s","S","Color: BLACK SERIES, Size: S","black-series","210","210","https://bikecloset.com/product/assos-equipe-rsr-jersey-s11/?attribute_pa_color=black-series&attribute_pa_size=s","7627776022949","1768450","1768350","2026-09-11T12:08:04.173Z"
"Assos EQUIPE RS JERSEY S11","Assos","","","","Clothing","Jerseys","Unspecified","Unspecified","XL","clothing:xl","XL","Color: Rusty Brown, Size: XL","rusty-brown","235","235","https://bikecloset.com/product/assos-equipe-rs-jersey-s11-2/?attribute_pa_color=rusty-brown&attribute_pa_size=xl","7627776022338","1768447","1768302","2026-09-11T12:08:04.173Z"
"Assos EQUIPE RS JERSEY S11","Assos","","","","Clothing","Jerseys","Unspecified","Unspecified","L","clothing:l","L","Color: Rusty Brown, Size: L","rusty-brown","235","235","https://bikecloset.com/product/assos-equipe-rs-jersey-s11-2/?attribute_pa_color=rusty-brown&attribute_pa_size=l","7627776022307","1768446","1768302","2026-09-11T12:08:04.173Z"
"Assos EQUIPE RS JERSEY S11","Assos","","","","Clothing","Jerseys","Unspecified","Unspecified","M","clothing:m","M","Color: Rusty Brown, Size: M","rusty-brown","235","235","https://bikecloset.com/product/assos-equipe-rs-jersey-s11-2/?attribute_pa_color=rusty-brown&attribute_pa_size=m","7627776022314","1768445","1768302","2026-09-11T12:08:04.173Z"
"Assos EQUIPE RS JERSEY S11","Assos","","","","Clothing","Jerseys","Unspecified","Unspecified","S","clothing:s","S","Color: Rusty Brown, Size: S","rusty-brown","235","235","https://bikecloset.com/product/assos-equipe-rs-jersey-s11-2/?attribute_pa_color=rusty-brown&attribute_pa_size=s","7627776022321","1768444","1768302","2026-09-11T12:08:04.173Z"
"Assos EQUIPE RS JERSEY S11","Assos","","","","Clothing","Jerseys","Unspecified","Unspecified","XL","clothing:xl","XL","Color: Dune Sand, Size: XL","dune-sand","235","235","https://bikecloset.com/product/assos-equipe-rs-jersey-s11-2/?attribute_pa_color=dune-sand&attribute_pa_size=xl","7627776022390","1768441","1768302","2026-09-11T12:08:04.173Z"
"Assos EQUIPE RS JERSEY S11","Assos","","","","Clothing","Jerseys","Unspecified","Unspecified","L","clothing:l","L","Color: Dune Sand, Size: L","dune-sand","235","235","https://bikecloset.com/product/assos-equipe-rs-jersey-s11-2/?attribute_pa_color=dune-sand&attribute_pa_size=l","7627776022369","1768440","1768302","2026-09-11T12:08:04.173Z"
"Assos EQUIPE RS JERSEY S11","Assos","","","","Clothing","Jerseys","Unspecified","Unspecified","M","clothing:m","M","Color: Dune Sand, Size: M","dune-sand","235","235","https://bikecloset.com/product/assos-equipe-rs-jersey-s11-2/?attribute_pa_color=dune-sand&attribute_pa_size=m","7627776022376","1768439","1768302","2026-09-11T12:08:04.173Z"
"Assos EQUIPE RS JERSEY S11","Assos","","","","Clothing","Jerseys","Unspecified","Unspecified","S","clothing:s","S","Color: Dune Sand, Size: S","dune-sand","235","235","https://bikecloset.com/product/assos-equipe-rs-jersey-s11-2/?attribute_pa_color=dune-sand&attribute_pa_size=s","7627776022383","1768438","1768302","2026-09-11T12:08:04.173Z"
"Assos EQUIPE RS JERSEY S11","Assos","","","","Clothing","Jerseys","Unspecified","Unspecified","M","clothing:m","M","Color: Precision Graphite, Size: M","precision-graphite","235","235","https://bikecloset.com/product/assos-equipe-rs-jersey-s11-2/?attribute_pa_color=precision-graphite&attribute_pa_size=m","7627776022192","1768433","1768302","2026-09-11T12:08:04.173Z"
"Assos EQUIPE RS JERSEY S11","Assos","","","","Clothing","Jerseys","Unspecified","Unspecified","S","clothing:s","S","Color: Precision Graphite, Size: S","precision-graphite","235","235","https://bikecloset.com/product/assos-equipe-rs-jersey-s11-2/?attribute_pa_color=precision-graphite&attribute_pa_size=s","7627776022208","1768432","1768302","2026-09-11T12:08:04.173Z"
"Assos EQUIPE RS LS JERSEY S11","Assos","","","","Clothing","Jerseys","Unspecified","Unspecified","L","clothing:l","L","Color: Precision Graphite, Size: L","precision-graphite","260","260","https://bikecloset.com/product/assos-equipe-rs-ls-jersey-s11/?attribute_pa_color=precision-graphite&attribute_pa_size=l","7627776039671","1768428","1768412","2026-09-11T12:08:04.173Z"
"Assos EQUIPE RS LS JERSEY S11","Assos","","","","Clothing","Jerseys","Unspecified","Unspecified","S","clothing:s","S","Color: Precision Graphite, Size: S","precision-graphite","260","260","https://bikecloset.com/product/assos-equipe-rs-ls-jersey-s11/?attribute_pa_color=precision-graphite&attribute_pa_size=s","7627776039657","1768426","1768412","2026-09-11T12:08:04.173Z"
"Assos EQUIPE RS LS JERSEY S11","Assos","","","","Clothing","Jerseys","Unspecified","Unspecified","L","clothing:l","L","Color: ALMOND MILK, Size: L","almond-milk","260","260","https://bikecloset.com/product/assos-equipe-rs-ls-jersey-s11/?attribute_pa_color=almond-milk&attribute_pa_size=l","7627776039732","1768422","1768412","2026-09-11T12:08:04.173Z"
"Assos EQUIPE RS LS JERSEY S11","Assos","","","","Clothing","Jerseys","Unspecified","Unspecified","S","clothing:s","S","Color: ALMOND MILK, Size: S","almond-milk","260","260","https://bikecloset.com/product/assos-equipe-rs-ls-jersey-s11/?attribute_pa_color=almond-milk&attribute_pa_size=s","7627776039718","1768420","1768412","2026-09-11T12:08:04.173Z"
"Assos EQUIPE RS LS JERSEY S11","Assos","","","","Clothing","Jerseys","Unspecified","Unspecified","L","clothing:l","L","Color: DEEP PETROL, Size: L","deep-petrol","260","260","https://bikecloset.com/product/assos-equipe-rs-ls-jersey-s11/?attribute_pa_color=deep-petrol&attribute_pa_size=l","7627776039794","1768416","1768412","2026-09-11T12:08:04.173Z"
"Assos EQUIPE RS LS JERSEY S11","Assos","","","","Clothing","Jerseys","Unspecified","Unspecified","S","clothing:s","S","Color: DEEP PETROL, Size: S","deep-petrol","260","260","https://bikecloset.com/product/assos-equipe-rs-ls-jersey-s11/?attribute_pa_color=deep-petrol&attribute_pa_size=s","7627776039770","1768414","1768412","2026-09-11T12:08:04.173Z"
"Assos MILLE GT JERSEY S11 EVO","Assos","","","","Clothing","Jerseys","Unspecified","Unspecified","M","clothing:m","M","Color: White Series, Size: M","white-series","170","170","https://bikecloset.com/product/assos-mille-gt-jersey-s11-evo/?attribute_pa_color=white-series&attribute_pa_size=m","7627776035956","1768400","1768369","2026-09-11T12:08:04.173Z"
"Assos MILLE GT JERSEY S11 EVO","Assos","","","","Clothing","Jerseys","Unspecified","Unspecified","S","clothing:s","S","Color: White Series, Size: S","white-series","170","170","https://bikecloset.com/product/assos-mille-gt-jersey-s11-evo/?attribute_pa_color=white-series&attribute_pa_size=s","7627776035963","1768399","1768369","2026-09-11T12:08:04.173Z"
"Assos MILLE GT JERSEY S11 EVO","Assos","","","","Clothing","Jerseys","Unspecified","Unspecified","S","clothing:s","S","Color: DEEP PETROL, Size: S","deep-petrol","170","170","https://bikecloset.com/product/assos-mille-gt-jersey-s11-evo/?attribute_pa_color=deep-petrol&attribute_pa_size=s","7627776035611","1768385","1768369","2026-09-11T12:08:04.173Z"
"Assos MILLE GT JERSEY S11 EVO","Assos","","","","Clothing","Jerseys","Unspecified","Unspecified","M","clothing:m","M","Color: GOLDEN YELLOW, Size: M","golden-yellow","170","170","https://bikecloset.com/product/assos-mille-gt-jersey-s11-evo/?attribute_pa_color=golden-yellow&attribute_pa_size=m","7627776035741","1768379","1768369","2026-09-11T12:08:04.173Z"
"Assos MILLE GT JERSEY S11 EVO","Assos","","","","Clothing","Jerseys","Unspecified","Unspecified","S","clothing:s","S","Color: GOLDEN YELLOW, Size: S","golden-yellow","170","170","https://bikecloset.com/product/assos-mille-gt-jersey-s11-evo/?attribute_pa_color=golden-yellow&attribute_pa_size=s","7627776035758","1768378","1768369","2026-09-11T12:08:04.173Z"
"Assos MILLE GT JERSEY S11 EVO","Assos","","","","Clothing","Jerseys","Unspecified","Unspecified","S","clothing:s","S","Color: BLOSSOM PINK, Size: S","blossom-pink","170","170","https://bikecloset.com/product/assos-mille-gt-jersey-s11-evo/?attribute_pa_color=blossom-pink&attribute_pa_size=s","7627776035826","1768371","1768369","2026-09-11T12:08:04.173Z"
"Assos EQUIPE RSR JERSEY S11","Assos","","","","Clothing","Jerseys","Unspecified","Unspecified","L","clothing:l","L","Color: VIPER GREEN, Size: L","viper-green","210","210","https://bikecloset.com/product/assos-equipe-rsr-jersey-s11/?attribute_pa_color=viper-green&attribute_pa_size=l","7627776039916","1768366","1768350","2026-09-11T12:08:04.173Z"
"Assos EQUIPE RSR JERSEY S11","Assos","","","","Clothing","Jerseys","Unspecified","Unspecified","M","clothing:m","M","Color: VIPER GREEN, Size: M","viper-green","210","210","https://bikecloset.com/product/assos-equipe-rsr-jersey-s11/?attribute_pa_color=viper-green&attribute_pa_size=m","7627776039909","1768365","1768350","2026-09-11T12:08:04.173Z"
"Assos EQUIPE RSR JERSEY S11","Assos","","","","Clothing","Jerseys","Unspecified","Unspecified","S","clothing:s","S","Color: VIPER GREEN, Size: S","viper-green","210","210","https://bikecloset.com/product/assos-equipe-rsr-jersey-s11/?attribute_pa_color=viper-green&attribute_pa_size=s","7627776039893","1768364","1768350","2026-09-11T12:08:04.173Z"
"Assos EQUIPE RSR JERSEY S11","Assos","","","","Clothing","Jerseys","Unspecified","Unspecified","XL","clothing:xl","XL","Color: ALMOND MILK, Size: XL","almond-milk","210","210","https://bikecloset.com/product/assos-equipe-rsr-jersey-s11/?attribute_pa_color=almond-milk&attribute_pa_size=xl","7627776039862","1768361","1768350","2026-09-11T12:08:04.173Z"
"Assos EQUIPE RSR JERSEY S11","Assos","","","","Clothing","Jerseys","Unspecified","Unspecified","L","clothing:l","L","Color: ALMOND MILK, Size: L","almond-milk","210","210","https://bikecloset.com/product/assos-equipe-rsr-jersey-s11/?attribute_pa_color=almond-milk&attribute_pa_size=l","7627776039855","1768360","1768350","2026-09-11T12:08:04.173Z"
"Assos EQUIPE RSR JERSEY S11","Assos","","","","Clothing","Jerseys","Unspecified","Unspecified","M","clothing:m","M","Color: ALMOND MILK, Size: M","almond-milk","210","210","https://bikecloset.com/product/assos-equipe-rsr-jersey-s11/?attribute_pa_color=almond-milk&attribute_pa_size=m","7627776039848","1768359","1768350","2026-09-11T12:08:04.173Z"
"Assos EQUIPE RSR JERSEY S11","Assos","","","","Clothing","Jerseys","Unspecified","Unspecified","S","clothing:s","S","Color: ALMOND MILK, Size: S","almond-milk","210","210","https://bikecloset.com/product/assos-equipe-rsr-jersey-s11/?attribute_pa_color=almond-milk&attribute_pa_size=s","7627776039831","1768358","1768350","2026-09-11T12:08:04.173Z"
"Assos EQUIPE RSR JERSEY S11","Assos","","","","Clothing","Jerseys","Unspecified","Unspecified","M","clothing:m","M","Color: JUPITER GOLD, Size: M","jupiter-gold","210","210","https://bikecloset.com/product/assos-equipe-rsr-jersey-s11/?attribute_pa_color=jupiter-gold&attribute_pa_size=m","7627776039961","1768353","1768350","2026-09-11T12:08:04.173Z"
"Assos EQUIPE R JERSEY S11","Assos","","","","Clothing","Jerseys","Unspecified","Unspecified","L","clothing:l","L","Color: DEADLY BERRY, Size: L","deadly-berry","190","190","https://bikecloset.com/product/assos-equipe-r-jersey-s11/?attribute_pa_color=deadly-berry&attribute_pa_size=l","7627776039367","1768346","1768335","2026-09-11T12:08:04.173Z"
"Assos EQUIPE R JERSEY S11","Assos","","","","Clothing","Jerseys","Unspecified","Unspecified","M","clothing:m","M","Color: DEADLY BERRY, Size: M","deadly-berry","190","190","https://bikecloset.com/product/assos-equipe-r-jersey-s11/?attribute_pa_color=deadly-berry&attribute_pa_size=m","7627776039350","1768345","1768335","2026-09-11T12:08:04.173Z"
"Assos EQUIPE R JERSEY S11","Assos","","","","Clothing","Jerseys","Unspecified","Unspecified","S","clothing:s","S","Color: DEADLY BERRY, Size: S","deadly-berry","190","190","https://bikecloset.com/product/assos-equipe-r-jersey-s11/?attribute_pa_color=deadly-berry&attribute_pa_size=s","7627776039343","1768344","1768335","2026-09-11T12:08:04.173Z"
"Assos EQUIPE R JERSEY S11","Assos","","","","Clothing","Jerseys","Unspecified","Unspecified","L","clothing:l","L","Color: MYSTIC YELLOW, Size: L","mystic-yellow","190","190","https://bikecloset.com/product/assos-equipe-r-jersey-s11/?attribute_pa_color=mystic-yellow&attribute_pa_size=l","7627776039299","1768339","1768335","2026-09-11T12:08:04.173Z"
"Assos EQUIPE R JERSEY S11","Assos","","","","Clothing","Jerseys","Unspecified","Unspecified","S","clothing:s","S","Color: MYSTIC YELLOW, Size: S","mystic-yellow","190","190","https://bikecloset.com/product/assos-equipe-r-jersey-s11/?attribute_pa_color=mystic-yellow&attribute_pa_size=s","7627776039275","1768337","1768335","2026-09-11T12:08:04.173Z"
"Assos MILLE GTS JERSEY S11","Assos","","","","Clothing","Jerseys","Unspecified","Unspecified","L","clothing:l","L","Color: DEADLY BERRY, Size: L","deadly-berry","220","220","https://bikecloset.com/product/assos-mille-gts-jersey-s11-2/?attribute_pa_color=deadly-berry&attribute_pa_size=l","7627776035178","1768331","1768327","2026-09-11T12:08:04.173Z"
"Assos MILLE GTS JERSEY S11","Assos","","","","Clothing","Jerseys","Unspecified","Unspecified","M","clothing:m","M","Color: DEADLY BERRY, Size: M","deadly-berry","220","220","https://bikecloset.com/product/assos-mille-gts-jersey-s11-2/?attribute_pa_color=deadly-berry&attribute_pa_size=m","7627776035185","1768330","1768327","2026-09-11T12:08:04.173Z"
"Assos MILLE GTS JERSEY S11","Assos","","","","Clothing","Jerseys","Unspecified","Unspecified","S","clothing:s","S","Color: DEADLY BERRY, Size: S","deadly-berry","220","220","https://bikecloset.com/product/assos-mille-gts-jersey-s11-2/?attribute_pa_color=deadly-berry&attribute_pa_size=s","7627776035192","1768329","1768327","2026-09-11T12:08:04.173Z"
"Assos EQUIPE RS JERSEY S11","Assos","","","","Clothing","Jerseys","Unspecified","Unspecified","M","clothing:m","M","Color: VIPER GREEN, Size: M","viper-green","235","235","https://bikecloset.com/product/assos-equipe-rs-jersey-s11-2/?attribute_pa_color=viper-green&attribute_pa_size=m","7627776039541","1768323","1768302","2026-09-11T12:08:04.173Z"
"Assos EQUIPE RS JERSEY S11","Assos","","","","Clothing","Jerseys","Unspecified","Unspecified","S","clothing:s","S","Color: VIPER GREEN, Size: S","viper-green","235","235","https://bikecloset.com/product/assos-equipe-rs-jersey-s11-2/?attribute_pa_color=viper-green&attribute_pa_size=s","7627776039534","1768322","1768302","2026-09-11T12:08:04.173Z"
"Assos EQUIPE RS JERSEY S11","Assos","","","","Clothing","Jerseys","Unspecified","Unspecified","M","clothing:m","M","Color: DEEP PETROL, Size: M","deep-petrol","235","235","https://bikecloset.com/product/assos-equipe-rs-jersey-s11-2/?attribute_pa_color=deep-petrol&attribute_pa_size=m","7627776039602","1768317","1768302","2026-09-11T12:08:04.173Z"
"Assos EQUIPE RS JERSEY S11","Assos","","","","Clothing","Jerseys","Unspecified","Unspecified","S","clothing:s","S","Color: DEEP PETROL, Size: S","deep-petrol","235","235","https://bikecloset.com/product/assos-equipe-rs-jersey-s11-2/?attribute_pa_color=deep-petrol&attribute_pa_size=s","7627776039596","1768316","1768302","2026-09-11T12:08:04.173Z"
"Assos EQUIPE RS JERSEY S11","Assos","","","","Clothing","Jerseys","Unspecified","Unspecified","S","clothing:s","S","Color: ALMOND MILK, Size: S","almond-milk","235","235","https://bikecloset.com/product/assos-equipe-rs-jersey-s11-2/?attribute_pa_color=almond-milk&attribute_pa_size=s","7627776039473","1768310","1768302","2026-09-11T12:08:04.173Z"
"Assos EQUIPE RS JERSEY S11","Assos","","","","Clothing","Jerseys","Unspecified","Unspecified","S","clothing:s","S","Color: WHITE EDITION, Size: S","white-edition","235","235","https://bikecloset.com/product/assos-equipe-rs-jersey-s11-2/?attribute_pa_color=white-edition&attribute_pa_size=s","7627776039411","1768304","1768302","2026-09-11T12:08:04.173Z"
"Assos MILLE GT BIB SHORTS S11 Colors","Assos","","","","Clothing","Bib shorts","Unspecified","Unspecified","XL","clothing:xl","XL","Color: moss green, Size: XL","moss-green","210","210","https://bikecloset.com/product/assos-mille-gt-bib-shorts-s11/?attribute_pa_color=moss-green&attribute_pa_size=xl","7627776036281","1768299","1768280","2026-09-11T12:08:04.173Z"
"Assos MILLE GT BIB SHORTS S11 Colors","Assos","","","","Clothing","Bib shorts","Unspecified","Unspecified","L","clothing:l","L","Color: moss green, Size: L","moss-green","210","210","https://bikecloset.com/product/assos-mille-gt-bib-shorts-s11/?attribute_pa_color=moss-green&attribute_pa_size=l","7627776036298","1768298","1768280","2026-09-11T12:08:04.173Z"
"Assos MILLE GT BIB SHORTS S11 Colors","Assos","","","","Clothing","Bib shorts","Unspecified","Unspecified","M","clothing:m","M","Color: moss green, Size: M","moss-green","210","210","https://bikecloset.com/product/assos-mille-gt-bib-shorts-s11/?attribute_pa_color=moss-green&attribute_pa_size=m","7627776036304","1768297","1768280","2026-09-11T12:08:04.173Z"
"Assos MILLE GT BIB SHORTS S11 Colors","Assos","","","","Clothing","Bib shorts","Unspecified","Unspecified","S","clothing:s","S","Color: moss green, Size: S","moss-green","210","210","https://bikecloset.com/product/assos-mille-gt-bib-shorts-s11/?attribute_pa_color=moss-green&attribute_pa_size=s","7627776036311","1768296","1768280","2026-09-11T12:08:04.173Z"
"Assos MILLE GT BIB SHORTS S11 Colors","Assos","","","","Clothing","Bib shorts","Unspecified","Unspecified","XL","clothing:xl","XL","Color: BURGUNDY RED, Size: XL","burgundy-red","210","210","https://bikecloset.com/product/assos-mille-gt-bib-shorts-s11/?attribute_pa_color=burgundy-red&attribute_pa_size=xl","7627776036212","1768292","1768280","2026-09-11T12:08:04.173Z"
"Assos MILLE GT BIB SHORTS S11 Colors","Assos","","","","Clothing","Bib shorts","Unspecified","Unspecified","L","clothing:l","L","Color: BURGUNDY RED, Size: L","burgundy-red","210","210","https://bikecloset.com/product/assos-mille-gt-bib-shorts-s11/?attribute_pa_color=burgundy-red&attribute_pa_size=l","7627776036229","1768291","1768280","2026-09-11T12:08:04.173Z"
"Assos MILLE GT BIB SHORTS S11 Colors","Assos","","","","Clothing","Bib shorts","Unspecified","Unspecified","M","clothing:m","M","Color: BURGUNDY RED, Size: M","burgundy-red","210","210","https://bikecloset.com/product/assos-mille-gt-bib-shorts-s11/?attribute_pa_color=burgundy-red&attribute_pa_size=m","7627776036236","1768290","1768280","2026-09-11T12:08:04.173Z"
"Assos MILLE GT BIB SHORTS S11 Colors","Assos","","","","Clothing","Bib shorts","Unspecified","Unspecified","S","clothing:s","S","Color: BURGUNDY RED, Size: S","burgundy-red","210","210","https://bikecloset.com/product/assos-mille-gt-bib-shorts-s11/?attribute_pa_color=burgundy-red&attribute_pa_size=s","7627776036243","1768289","1768280","2026-09-11T12:08:04.173Z"
"Assos MILLE GT BIB SHORTS S11 Colors","Assos","","","","Clothing","Bib shorts","Unspecified","Unspecified","XL","clothing:xl","XL","Color: WILD BROWN, Size: XL","wild-brown","210","210","https://bikecloset.com/product/assos-mille-gt-bib-shorts-s11/?attribute_pa_color=wild-brown&attribute_pa_size=xl","7627776042374","1768285","1768280","2026-09-11T12:08:04.173Z"
"Assos MILLE GT BIB SHORTS S11 Colors","Assos","","","","Clothing","Bib shorts","Unspecified","Unspecified","L","clothing:l","L","Color: WILD BROWN, Size: L","wild-brown","210","210","https://bikecloset.com/product/assos-mille-gt-bib-shorts-s11/?attribute_pa_color=wild-brown&attribute_pa_size=l","7627776042381","1768284","1768280","2026-09-11T12:08:04.173Z"
"Assos MILLE GT BIB SHORTS S11 Colors","Assos","","","","Clothing","Bib shorts","Unspecified","Unspecified","M","clothing:m","M","Color: WILD BROWN, Size: M","wild-brown","210","210","https://bikecloset.com/product/assos-mille-gt-bib-shorts-s11/?attribute_pa_color=wild-brown&attribute_pa_size=m","7627776042398","1768283","1768280","2026-09-11T12:08:04.173Z"
"Assos EQUIPE R Bib Shorts S11 Colors","Assos","","","","Clothing","Bib shorts","Unspecified","Unspecified","L","clothing:l","L","Color: Robust Grey, Size: L","robust-grey","230","230","https://bikecloset.com/product/equipe-r-bib-shorts-s11-1/?attribute_pa_color=robust-grey&attribute_pa_size=l","7627776039046","1768274","1745207","2026-09-11T12:08:04.173Z"
"POC Octal MIPS","POC","","","","Footwear & protection","Helmets","","","L","helmets:l","LRG","Color: fluorescent orange avip, Size: LRG","fluorescent-orange-avip","240","240","https://bikecloset.com/product/octal-mips-cpsc/?attribute_pa_color=fluorescent-orange-avip&attribute_pa_size=lrg","7325549921092","1767557","1735724","2026-09-11T12:08:04.173Z"
"POC Octal MIPS","POC","","","","Footwear & protection","Helmets","","","M","helmets:m","MED","Color: fluorescent orange avip, Size: MED","fluorescent-orange-avip","240","240","https://bikecloset.com/product/octal-mips-cpsc/?attribute_pa_color=fluorescent-orange-avip&attribute_pa_size=med","7325549911390","1767555","1735724","2026-09-11T12:08:04.173Z"
"POC Cytal Mips","POC","","","","Footwear & protection","Helmets","","","L","helmets:l","LRG","Color: Uranium Black Matt, Size: LRG","uranium-black-matt","360","360","https://bikecloset.com/product/cytal-cpsc/?attribute_pa_color=uranium-black-matt&attribute_pa_size=lrg","7325549822795","1767411","1735719","2026-09-11T12:08:04.173Z"
"Castelli Competizione Classico 2 Bibshort LTD W/ Progetto X2 AIR Seamless Chamois","Castelli","","","","Clothing","Bib shorts","Unspecified","Unspecified","3XL","clothing:3xl","3XL","Color: dark gray/white, Size: 3XL","dark-gray-white","99.99","170","https://bikecloset.com/product/classico-bibshort/?attribute_pa_color=dark-gray-white&attribute_pa_size=3xl","844615083092","1767372","1767360","2026-09-11T12:08:04.173Z"
"Castelli Competizione Classico 2 Bibshort LTD W/ Progetto X2 AIR Seamless Chamois","Castelli","","","","Clothing","Bib shorts","Unspecified","Unspecified","2XL","clothing:2xl","2XL","Color: dark gray/white, Size: 2XL","dark-gray-white","99.99","170","https://bikecloset.com/product/classico-bibshort/?attribute_pa_color=dark-gray-white&attribute_pa_size=2xl","844615083085","1767371","1767360","2026-09-11T12:08:04.173Z"
"Castelli Competizione Classico 2 Bibshort LTD W/ Progetto X2 AIR Seamless Chamois","Castelli","","","","Clothing","Bib shorts","Unspecified","Unspecified","XL","clothing:xl","XL","Color: dark gray/white, Size: XL","dark-gray-white","99.99","170","https://bikecloset.com/product/classico-bibshort/?attribute_pa_color=dark-gray-white&attribute_pa_size=xl","844615083078","1767370","1767360","2026-09-11T12:08:04.173Z"
"Castelli Competizione Classico 2 Bibshort LTD W/ Progetto X2 AIR Seamless Chamois","Castelli","","","","Clothing","Bib shorts","Unspecified","Unspecified","L","clothing:l","L","Color: dark gray/white, Size: L","dark-gray-white","99.99","170","https://bikecloset.com/product/classico-bibshort/?attribute_pa_color=dark-gray-white&attribute_pa_size=l","844615083061","1767369","1767360","2026-09-11T12:08:04.173Z"
"Castelli Competizione Classico 2 Bibshort LTD W/ Progetto X2 AIR Seamless Chamois","Castelli","","","","Clothing","Bib shorts","Unspecified","Unspecified","M","clothing:m","M","Color: dark gray/white, Size: M","dark-gray-white","99.99","170","https://bikecloset.com/product/classico-bibshort/?attribute_pa_color=dark-gray-white&attribute_pa_size=m","844615083054","1767368","1767360","2026-09-11T12:08:04.173Z"
"Castelli Competizione Classico 2 Bibshort LTD W/ Progetto X2 AIR Seamless Chamois","Castelli","","","","Clothing","Bib shorts","Unspecified","Unspecified","S","clothing:s","S","Color: dark gray/white, Size: S","dark-gray-white","99.99","170","https://bikecloset.com/product/classico-bibshort/?attribute_pa_color=dark-gray-white&attribute_pa_size=s","844615083047","1767367","1767360","2026-09-11T12:08:04.173Z"
"Castelli Competizione Classico 2 Bibshort LTD W/ Progetto X2 AIR Seamless Chamois","Castelli","","","","Clothing","Bib shorts","Unspecified","Unspecified","3XL","clothing:3xl","3XL","Color: Black/White, Size: 3XL","blackwhite","99.99","170","https://bikecloset.com/product/classico-bibshort/?attribute_pa_color=blackwhite&attribute_pa_size=3xl","844615083030","1767366","1767360","2026-09-11T12:08:04.173Z"
"Castelli Competizione Classico 2 Bibshort LTD W/ Progetto X2 AIR Seamless Chamois","Castelli","","","","Clothing","Bib shorts","Unspecified","Unspecified","2XL","clothing:2xl","2XL","Color: Black/White, Size: 2XL","blackwhite","99.99","170","https://bikecloset.com/product/classico-bibshort/?attribute_pa_color=blackwhite&attribute_pa_size=2xl","844615083023","1767365","1767360","2026-09-11T12:08:04.173Z"
"Castelli Competizione Classico 2 Bibshort LTD W/ Progetto X2 AIR Seamless Chamois","Castelli","","","","Clothing","Bib shorts","Unspecified","Unspecified","XL","clothing:xl","XL","Color: Black/White, Size: XL","blackwhite","99.99","170","https://bikecloset.com/product/classico-bibshort/?attribute_pa_color=blackwhite&attribute_pa_size=xl","844615083016","1767364","1767360","2026-09-11T12:08:04.173Z"
"Castelli Competizione Classico 2 Bibshort LTD W/ Progetto X2 AIR Seamless Chamois","Castelli","","","","Clothing","Bib shorts","Unspecified","Unspecified","L","clothing:l","L","Color: Black/White, Size: L","blackwhite","99.99","170","https://bikecloset.com/product/classico-bibshort/?attribute_pa_color=blackwhite&attribute_pa_size=l","844615083009","1767363","1767360","2026-09-11T12:08:04.173Z"
"Castelli Competizione Classico 2 Bibshort LTD W/ Progetto X2 AIR Seamless Chamois","Castelli","","","","Clothing","Bib shorts","Unspecified","Unspecified","M","clothing:m","M","Color: Black/White, Size: M","blackwhite","99.99","170","https://bikecloset.com/product/classico-bibshort/?attribute_pa_color=blackwhite&attribute_pa_size=m","844615082996","1767362","1767360","2026-09-11T12:08:04.173Z"
"Castelli Competizione Classico 2 Bibshort LTD W/ Progetto X2 AIR Seamless Chamois","Castelli","","","","Clothing","Bib shorts","Unspecified","Unspecified","S","clothing:s","S","Color: Black/White, Size: S","blackwhite","99.99","170","https://bikecloset.com/product/classico-bibshort/?attribute_pa_color=blackwhite&attribute_pa_size=s","844615082989","1767361","1767360","2026-09-11T12:08:04.173Z"
"Assos SCA R MEN’S EF BIB SHORTS S11 – 2026","Assos","","","","Clothing","Bib shorts","Men's","Unspecified","XL","clothing:xl","XL","Size: XL","","280","280","https://bikecloset.com/product/sca-r-mens-efe-bib-shorts-s11-2026/?attribute_pa_size=xl","2220000520607","1767124","1767119","2026-09-11T12:08:04.173Z"
"Assos CG RS SUMMER SS ROADSUIT S12 EF 2026","Assos","","","","Clothing","Skinsuits & tri suits","Unspecified","Road","L","clothing:l","L","Size: L","","500","500","https://bikecloset.com/product/cg-rs-summer-ss-roadsuit-s12-ef-2026/?attribute_pa_size=l","7627776043623","1767116","1767112","2026-09-11T12:08:04.173Z"
"Assos SCA RS MEN’S EF JERSEY S11 – WE RIDE IN PEACE","Assos","","","","Clothing","Jerseys","Men's","Unspecified","L","clothing:l","L","Size: L","","265","265","https://bikecloset.com/product/sca-rs-mens-efe-jersey-s11-we-ride-in-peace/?attribute_pa_size=l","2220000522113","1767109","1767105","2026-09-11T12:08:04.173Z"
"Assos SCA RS MEN’S EF JERSEY S11 – WE RIDE IN PEACE","Assos","","","","Clothing","Jerseys","Men's","Unspecified","M","clothing:m","M","Size: M","","265","265","https://bikecloset.com/product/sca-rs-mens-efe-jersey-s11-we-ride-in-peace/?attribute_pa_size=m","2220000522106","1767108","1767105","2026-09-11T12:08:04.173Z"
"Assos MILLE GT JERSEY S11 EVO EF 2026","Assos","","","","Clothing","Jerseys","Unspecified","Unspecified","L","clothing:l","L","Size: L","","190","190","https://bikecloset.com/product/mille-gt-jersey-s11-evo-ef-2026/?attribute_pa_size=l","7627776043418","1767093","1767089","2026-09-11T12:08:04.173Z"
"Assos MILLE GT JERSEY S11 EVO EF 2026","Assos","","","","Clothing","Jerseys","Unspecified","Unspecified","M","clothing:m","M","Size: M","","190","190","https://bikecloset.com/product/mille-gt-jersey-s11-evo-ef-2026/?attribute_pa_size=m","7627776043401","1767092","1767089","2026-09-11T12:08:04.173Z"
"Assos MILLE GT JERSEY S11 EVO EF 2026","Assos","","","","Clothing","Jerseys","Unspecified","Unspecified","S","clothing:s","S","Size: S","","190","190","https://bikecloset.com/product/mille-gt-jersey-s11-evo-ef-2026/?attribute_pa_size=s","7627776043395","1767091","1767089","2026-09-11T12:08:04.173Z"
"Assos Equipe SS ClubGearAero Speed Club","Assos","","","","Clothing","Jerseys","Unspecified","Unspecified","S","clothing:s","Small","Size: Small","","99","220","https://bikecloset.com/product/assos-ss-clubgearaero-speed-club/?attribute_pa_size=small","2220000151344","1765086","1696077","2026-09-11T12:08:04.173Z"
"Assos Equipe SS ClubGearAero Speed Club","Assos","","","","Clothing","Jerseys","Unspecified","Unspecified","XS","clothing:xs","XS","Size: XS","","79.99","220","https://bikecloset.com/product/assos-ss-clubgearaero-speed-club/?attribute_pa_size=xs","2220000151382","1765085","1696077","2026-09-11T12:08:04.173Z"
"Time ADH ALPE D’HUEZ Carbon Disc Frameset","Time","","","","Components","Framesets","","","XS","framesets:xs","XS","Color: V39 Brilliant Gold, Size: XS","v39-brilliant-gold","1499","4000","https://bikecloset.com/product/time-adh-alpe-dhuez-carbon-disc-frameset/?attribute_pa_color=v39-brilliant-gold&attribute_pa_size=xs","","1764010","1748595","2026-09-11T12:08:04.173Z"
"Time ADHX Carbon Disc Frameset Paint Shift Edition","Time","","","","Components","Framesets","","","XS","framesets:xs","XS","Color: V42 Shift Green, Size: XS","v42-shift-green","1999","4000","https://bikecloset.com/product/time-adhx-carbon-disc-frameset-paint-shift-edition/?attribute_pa_color=v42-shift-green&attribute_pa_size=xs","","1763980","1763959","2026-09-11T12:08:04.173Z"
"Time ADHX Carbon Disc Frameset Paint Shift Edition","Time","","","","Components","Framesets","","","S","framesets:s","S","Color: V42 Shift Green, Size: S","v42-shift-green","1999","4000","https://bikecloset.com/product/time-adhx-carbon-disc-frameset-paint-shift-edition/?attribute_pa_color=v42-shift-green&attribute_pa_size=s","","1763978","1763959","2026-09-11T12:08:04.173Z"
"Time ADHX Carbon Disc Frameset Paint Shift Edition","Time","","","","Components","Framesets","","","S","framesets:s","S","Color: V41 Shift Magenta, Size: S","v41-shift-magenta","1699","4000","https://bikecloset.com/product/time-adhx-carbon-disc-frameset-paint-shift-edition/?attribute_pa_color=v41-shift-magenta&attribute_pa_size=s","","1763973","1763959","2026-09-11T12:08:04.173Z"
"Time ADHX Carbon Disc Frameset Paint Shift Edition","Time","","","","Components","Framesets","","","XS","framesets:xs","XS","Color: V40 Shift Cyan, Size: XS","v40-shift-cyan","1899","4000","https://bikecloset.com/product/time-adhx-carbon-disc-frameset-paint-shift-edition/?attribute_pa_color=v40-shift-cyan&attribute_pa_size=xs","","1763970","1763959","2026-09-11T12:08:04.173Z"
"Time ADHX 45 UDH Carbon Disc Frameset","Time","","","","Components","Framesets","","","XS","framesets:xs","XS","Color: V43 Brilliant Silver, Size: XS","v43-brilliant-silver","1999","4000","https://bikecloset.com/product/time-adhx-45-udh-carbon-disc-frameset/?attribute_pa_color=v43-brilliant-silver&attribute_pa_size=xs","","1763938","1763925","2026-09-11T12:08:04.173Z"
"Time ADHX 45 UDH Carbon Disc Frameset","Time","","","","Components","Framesets","","","XL","framesets:xl","XL","Color: V43 Brilliant Silver, Size: XL","v43-brilliant-silver","1999","4000","https://bikecloset.com/product/time-adhx-45-udh-carbon-disc-frameset/?attribute_pa_color=v43-brilliant-silver&attribute_pa_size=xl","","1763937","1763925","2026-09-11T12:08:04.173Z"
"Time ADHX 45 UDH Carbon Disc Frameset","Time","","","","Components","Framesets","","","S","framesets:s","S","Color: V43 Brilliant Silver, Size: S","v43-brilliant-silver","1999","4000","https://bikecloset.com/product/time-adhx-45-udh-carbon-disc-frameset/?attribute_pa_color=v43-brilliant-silver&attribute_pa_size=s","","1763936","1763925","2026-09-11T12:08:04.173Z"
"Time ADHX 45 UDH Carbon Disc Frameset","Time","","","","Components","Framesets","","","L","framesets:l","L","Color: V43 Brilliant Silver, Size: L","v43-brilliant-silver","1999","4000","https://bikecloset.com/product/time-adhx-45-udh-carbon-disc-frameset/?attribute_pa_color=v43-brilliant-silver&attribute_pa_size=l","","1763934","1763925","2026-09-11T12:08:04.173Z"
"Time ADHX 45 UDH Carbon Disc Frameset","Time","","","","Components","Framesets","","","XL","framesets:xl","XL","Color: V44 Chestnut, Size: XL","v44-chestnut","1999","4000","https://bikecloset.com/product/time-adhx-45-udh-carbon-disc-frameset/?attribute_pa_color=v44-chestnut&attribute_pa_size=xl","","1763930","1763925","2026-09-11T12:08:04.173Z"
"Time ADHX 45 UDH Carbon Disc Frameset","Time","","","","Components","Framesets","","","L","framesets:l","L","Color: V44 Chestnut, Size: L","v44-chestnut","1999","4000","https://bikecloset.com/product/time-adhx-45-udh-carbon-disc-frameset/?attribute_pa_color=v44-chestnut&attribute_pa_size=l","","1763929","1763925","2026-09-11T12:08:04.173Z"
"Time ADHX 45 UDH Carbon Disc Frameset","Time","","","","Components","Framesets","","","S","framesets:s","S","Color: V44 Chestnut, Size: S","v44-chestnut","1999","4000","https://bikecloset.com/product/time-adhx-45-udh-carbon-disc-frameset/?attribute_pa_color=v44-chestnut&attribute_pa_size=s","","1763927","1763925","2026-09-11T12:08:04.173Z"
"Time ADHX 45 UDH Carbon Disc Frameset","Time","","","","Components","Framesets","","","XS","framesets:xs","XS","Color: V44 Chestnut, Size: XS","v44-chestnut","1999","4000","https://bikecloset.com/product/time-adhx-45-udh-carbon-disc-frameset/?attribute_pa_color=v44-chestnut&attribute_pa_size=xs","","1763926","1763925","2026-09-11T12:08:04.173Z"
"SRAM, Red DUB 2x E1, Crankset, Speed: 12, Spindle: 28.99mm, BCD: Direct Mount SRAM 8 Bolt","SRAM","","","","Components","Cranksets","","","172.5 – 50/37","cranksets:172.5 – 50/37","172.5 – 50/37","Size: 172.5 – 50/37","","770","770","https://bikecloset.com/product/sram-red-dub-2x-e1-crankset-speed-12-spindle-28-99mm-bcd-direct-mount-sram-8-bolt/?attribute_pa_size=172-5-50-37","710845898600","1762409","1762408","2026-09-11T12:08:04.173Z"
"SRAM, XG-1270 E1, Cassette, Silver, Speed: 12","SRAM","","","","Components","Cassettes","","","10-28","cassettes:10-28","10-28","Size: 10-28","","215","215","https://bikecloset.com/product/sram-xg-1270-e1-cassette-silver-speed-12/?attribute_pa_size=10-28","710845915222","1762406","1762405","2026-09-11T12:08:04.173Z"
"SRAM, XG-1270 E1, Cassette, Silver, Speed: 12","SRAM","","","","Components","Cassettes","","","10-30","cassettes:10-30","10-30","Size: 10-30","","215","215","https://bikecloset.com/product/sram-xg-1270-e1-cassette-silver-speed-12/?attribute_pa_size=10-30","710845915239","1762407","1762405","2026-09-11T12:08:04.173Z"
"Assos MILLE GTO Jersey C2","Assos","","","","Clothing","Jerseys","Unspecified","Unspecified","XL","clothing:xl","XL","Color: Burned Brown, Size: XL","burned-brown","179","300","https://bikecloset.com/product/assos-mille-gto-jersey-c2-4/?attribute_pa_color=burned-brown&attribute_pa_size=xl","7627776020792","1760339","1754742","2026-09-11T12:08:04.173Z"
"Fizik X4 Gravel Terra Powerstrap","Fizik","","","","Footwear & protection","Cycling shoes","","","41","shoes:41","41","Color: Black, Size: 41","black","69.99","169.99","https://bikecloset.com/product/fizik-terra-powerstrap-x4/?attribute_pa_color=black&attribute_pa_size=41","1-8058364078045","1760249","1726402","2026-09-11T12:08:04.173Z"
"ENVE RedRock Green T-Shirt Women","Enve","","","","Clothing","Casual clothing","Women's","Unspecified","2XL","clothing:2xl","XXL","Size: XXL","","4.99","25","https://bikecloset.com/product/enve-redrock-green-t-shirt-women/?attribute_pa_size=xxl","800-0000-369","1760075","1760072","2026-09-11T12:08:04.173Z"
"ENVE RedRock Green T-Shirt Women","Enve","","","","Clothing","Casual clothing","Women's","Unspecified","S","clothing:s","Small","Size: Small","","4.99","25","https://bikecloset.com/product/enve-redrock-green-t-shirt-women/?attribute_pa_size=small","800-0000-365","1760074","1760072","2026-09-11T12:08:04.173Z"
"ENVE RedRock Green T-Shirt Women","Enve","","","","Clothing","Casual clothing","Women's","Unspecified","L","clothing:l","Large","Size: Large","","4.99","25","https://bikecloset.com/product/enve-redrock-green-t-shirt-women/?attribute_pa_size=large","800-0000-367","1760073","1760072","2026-09-11T12:08:04.173Z"
"Assos MILLE GT Jersey S11","Assos","","","","Clothing","Jerseys","Unspecified","Unspecified","XS","clothing:xs","XS","Color: Space Trip Green, Size: XS","space-trip-green","99","155","https://bikecloset.com/product/assos-mille-gt-jersey-s11/?attribute_pa_color=space-trip-green&attribute_pa_size=xs","7627776019772","1760035","1759978","2026-09-11T12:08:04.173Z"
"Assos MILLE GT Jersey S11","Assos","","","","Clothing","Jerseys","Unspecified","Unspecified","ASSOS TIR","clothing:assos tir","TIR","Color: Space Trip Green, Size: TIR","space-trip-green","99","155","https://bikecloset.com/product/assos-mille-gt-jersey-s11/?attribute_pa_color=space-trip-green&attribute_pa_size=tir","7627776019833","1760032","1759978","2026-09-11T12:08:04.173Z"
"Assos MILLE GT Jersey S11","Assos","","","","Clothing","Jerseys","Unspecified","Unspecified","XS","clothing:xs","XS","Color: Dune Sand, Size: XS","dune-sand","99","155","https://bikecloset.com/product/assos-mille-gt-jersey-s11/?attribute_pa_color=dune-sand&attribute_pa_size=xs","7627776026336","1760028","1759978","2026-09-11T12:08:04.173Z"
"Assos MILLE GT Jersey S11","Assos","","","","Clothing","Jerseys","Unspecified","Unspecified","S","clothing:s","S","Color: Dune Sand, Size: S","dune-sand","99","155","https://bikecloset.com/product/assos-mille-gt-jersey-s11/?attribute_pa_color=dune-sand&attribute_pa_size=s","7627776026329","1760024","1759978","2026-09-11T12:08:04.173Z"
"Assos MILLE GT Jersey S11","Assos","","","","Clothing","Jerseys","Unspecified","Unspecified","XS","clothing:xs","XS","Color: Foundation Green, Size: XS","foundation-green","99","155","https://bikecloset.com/product/assos-mille-gt-jersey-s11/?attribute_pa_color=foundation-green&attribute_pa_size=xs","7627776019420","1760021","1759978","2026-09-11T12:08:04.173Z"
"Assos MILLE GT Jersey S11","Assos","","","","Clothing","Jerseys","Unspecified","Unspecified","S","clothing:s","S","Color: Foundation Green, Size: S","foundation-green","99","155","https://bikecloset.com/product/assos-mille-gt-jersey-s11/?attribute_pa_color=foundation-green&attribute_pa_size=s","7627776019437","1760018","1759978","2026-09-11T12:08:04.173Z"
"Assos MILLE GT Jersey S11","Assos","","","","Clothing","Jerseys","Unspecified","Unspecified","XS","clothing:xs","XS","Color: White Series, Size: XS","white-series","99","155","https://bikecloset.com/product/assos-mille-gt-jersey-s11/?attribute_pa_color=white-series&attribute_pa_size=xs","7627776012216","1760016","1759978","2026-09-11T12:08:04.173Z"
"Assos MILLE GT Jersey S11","Assos","","","","Clothing","Jerseys","Unspecified","Unspecified","XS","clothing:xs","XS","Color: BOLGHERI RED, Size: XS","bolgheri-red","99","155","https://bikecloset.com/product/assos-mille-gt-jersey-s11/?attribute_pa_color=bolgheri-red&attribute_pa_size=xs","7627776012803","1760014","1759978","2026-09-11T12:08:04.173Z"
"Assos MILLE GT Jersey S11","Assos","","","","Clothing","Jerseys","Unspecified","Unspecified","S","clothing:s","S","Color: BOLGHERI RED, Size: S","bolgheri-red","99","155","https://bikecloset.com/product/assos-mille-gt-jersey-s11/?attribute_pa_color=bolgheri-red&attribute_pa_size=s","7627776012797","1760010","1759978","2026-09-11T12:08:04.173Z"
"Assos MILLE GT Jersey S11","Assos","","","","Clothing","Jerseys","Unspecified","Unspecified","XS","clothing:xs","XS","Color: Rusty Brown, Size: XS","rusty-brown","99","155","https://bikecloset.com/product/assos-mille-gt-jersey-s11/?attribute_pa_color=rusty-brown&attribute_pa_size=xs","7627776019499","1760007","1759978","2026-09-11T12:08:04.173Z"
"Assos MILLE GT Jersey S11","Assos","","","","Clothing","Jerseys","Unspecified","Unspecified","ASSOS TIR","clothing:assos tir","TIR","Color: Rusty Brown, Size: TIR","rusty-brown","99","155","https://bikecloset.com/product/assos-mille-gt-jersey-s11/?attribute_pa_color=rusty-brown&attribute_pa_size=tir","7627776019550","1760004","1759978","2026-09-11T12:08:04.173Z"
"Assos MILLE GT Jersey S11","Assos","","","","Clothing","Jerseys","Unspecified","Unspecified","S","clothing:s","S","Color: Rusty Brown, Size: S","rusty-brown","99","155","https://bikecloset.com/product/assos-mille-gt-jersey-s11/?attribute_pa_color=rusty-brown&attribute_pa_size=s","7627776019505","1760003","1759978","2026-09-11T12:08:04.173Z"
"Assos MILLE GT Jersey S11","Assos","","","","Clothing","Jerseys","Unspecified","Unspecified","XS","clothing:xs","XS","Color: Bronze Ash, Size: XS","bronze-ash","99","155","https://bikecloset.com/product/assos-mille-gt-jersey-s11/?attribute_pa_color=bronze-ash&attribute_pa_size=xs","7627776007342","1760000","1759978","2026-09-11T12:08:04.173Z"
"Assos MILLE GT Jersey S11","Assos","","","","Clothing","Jerseys","Unspecified","Unspecified","XL","clothing:xl","XL","Color: Bronze Ash, Size: XL","bronze-ash","99","155","https://bikecloset.com/product/assos-mille-gt-jersey-s11/?attribute_pa_color=bronze-ash&attribute_pa_size=xl","7627776007328","1759999","1759978","2026-09-11T12:08:04.173Z"
"Assos MILLE GT Jersey S11","Assos","","","","Clothing","Jerseys","Unspecified","Unspecified","S","clothing:s","S","Color: Bronze Ash, Size: S","bronze-ash","99","155","https://bikecloset.com/product/assos-mille-gt-jersey-s11/?attribute_pa_color=bronze-ash&attribute_pa_size=s","7627776007304","1759997","1759978","2026-09-11T12:08:04.173Z"
"Assos MILLE GT Jersey S11","Assos","","","","Clothing","Jerseys","Unspecified","Unspecified","XS","clothing:xs","XS","Color: Thunder Blue, Size: XS","thunder-blue","99","155","https://bikecloset.com/product/assos-mille-gt-jersey-s11/?attribute_pa_color=thunder-blue&attribute_pa_size=xs","7627776007274","1759994","1759978","2026-09-11T12:08:04.173Z"
"Assos MILLE GT Jersey S11","Assos","","","","Clothing","Jerseys","Unspecified","Unspecified","XS","clothing:xs","XS","Color: STONE BLUE, Size: XS","stone-blue","99","155","https://bikecloset.com/product/assos-mille-gt-jersey-s11/?attribute_pa_color=stone-blue&attribute_pa_size=xs","7627776019352","1759991","1759978","2026-09-11T12:08:04.173Z"
"Assos MILLE GT Jersey S11","Assos","","","","Clothing","Jerseys","Unspecified","Unspecified","S","clothing:s","S","Color: STONE BLUE, Size: S","stone-blue","99","155","https://bikecloset.com/product/assos-mille-gt-jersey-s11/?attribute_pa_color=stone-blue&attribute_pa_size=s","7627776019369","1759987","1759978","2026-09-11T12:08:04.173Z"
"Assos MILLE GT Jersey S11","Assos","","","","Clothing","Jerseys","Unspecified","Unspecified","XS","clothing:xs","XS","Color: BLACK SERIES, Size: XS","black-series","99","155","https://bikecloset.com/product/assos-mille-gt-jersey-s11/?attribute_pa_color=black-series&attribute_pa_size=xs","7627776007205","1759984","1759978","2026-09-11T12:08:04.173Z"
"Assos MILLE GT LS Jersey S11","Assos","","","","Clothing","Jerseys","Unspecified","Unspecified","XS","clothing:xs","XS","Color: White Series, Size: XS","white-series","119","175","https://bikecloset.com/product/assos-mille-gt-ls-jersey-s11/?attribute_pa_color=white-series&attribute_pa_size=xs","7627776012148","1759977","1759958","2026-09-11T12:08:04.173Z"
"Assos MILLE GT LS Jersey S11","Assos","","","","Clothing","Jerseys","Unspecified","Unspecified","ASSOS TIR","clothing:assos tir","TIR","Color: Bronze Ash, Size: TIR","bronze-ash","119","175","https://bikecloset.com/product/assos-mille-gt-ls-jersey-s11/?attribute_pa_color=bronze-ash&attribute_pa_size=tir","7627776008035","1759969","1759958","2026-09-11T12:08:04.173Z"
"Assos MILLE GT LS Jersey S11","Assos","","","","Clothing","Jerseys","Unspecified","Unspecified","S","clothing:s","S","Color: Bronze Ash, Size: S","bronze-ash","119","175","https://bikecloset.com/product/assos-mille-gt-ls-jersey-s11/?attribute_pa_color=bronze-ash&attribute_pa_size=s","7627776008028","1759968","1759958","2026-09-11T12:08:04.173Z"
"Assos MILLE GT LS Jersey S11","Assos","","","","Clothing","Jerseys","Unspecified","Unspecified","XS","clothing:xs","XS","Color: BLACK SERIES, Size: XS","black-series","119","175","https://bikecloset.com/product/assos-mille-gt-ls-jersey-s11/?attribute_pa_color=black-series&attribute_pa_size=xs","7627776007922","1759965","1759958","2026-09-11T12:08:04.173Z"
"Assos MILLE GT LS Jersey S11","Assos","","","","Clothing","Jerseys","Unspecified","Unspecified","S","clothing:s","S","Color: BLACK SERIES, Size: S","black-series","119","175","https://bikecloset.com/product/assos-mille-gt-ls-jersey-s11/?attribute_pa_color=black-series&attribute_pa_size=s","7627776007885","1759961","1759958","2026-09-11T12:08:04.173Z"
"Assos MILLE GTO LS Jersey C2","Assos","","","","Clothing","Jerseys","Unspecified","Unspecified","XS","clothing:xs","XS","Color: Millennio Ocher, Size: XS","millennio-ocher","199","325","https://bikecloset.com/product/assos-mille-gto-ls-jersey-c2-3/?attribute_pa_color=millennio-ocher&attribute_pa_size=xs","7627776007854","1759957","1759945","2026-09-11T12:08:04.173Z"
"Assos MILLE GTO LS Jersey C2","Assos","","","","Clothing","Jerseys","Unspecified","Unspecified","ASSOS XLG","clothing:assos xlg","XLG","Color: Millennio Ocher, Size: XLG","millennio-ocher","199","325","https://bikecloset.com/product/assos-mille-gto-ls-jersey-c2-3/?attribute_pa_color=millennio-ocher&attribute_pa_size=xlg","7627776007847","1759956","1759945","2026-09-11T12:08:04.173Z"
"Assos MILLE GTO LS Jersey C2","Assos","","","","Clothing","Jerseys","Unspecified","Unspecified","XL","clothing:xl","XL","Color: Millennio Ocher, Size: XL","millennio-ocher","199","325","https://bikecloset.com/product/assos-mille-gto-ls-jersey-c2-3/?attribute_pa_color=millennio-ocher&attribute_pa_size=xl","7627776007830","1759955","1759945","2026-09-11T12:08:04.173Z"
"Assos MILLE GTO LS Jersey C2","Assos","","","","Clothing","Jerseys","Unspecified","Unspecified","ASSOS TIR","clothing:assos tir","TIR","Color: Millennio Ocher, Size: TIR","millennio-ocher","199","325","https://bikecloset.com/product/assos-mille-gto-ls-jersey-c2-3/?attribute_pa_color=millennio-ocher&attribute_pa_size=tir","7627776007823","1759954","1759945","2026-09-11T12:08:04.173Z"
"Assos MILLE GTO LS Jersey C2","Assos","","","","Clothing","Jerseys","Unspecified","Unspecified","S","clothing:s","S","Color: Millennio Ocher, Size: S","millennio-ocher","199","325","https://bikecloset.com/product/assos-mille-gto-ls-jersey-c2-3/?attribute_pa_color=millennio-ocher&attribute_pa_size=s","7627776007816","1759953","1759945","2026-09-11T12:08:04.173Z"
"Assos MILLE GTO LS Jersey C2","Assos","","","","Clothing","Jerseys","Unspecified","Unspecified","M","clothing:m","M","Color: Millennio Ocher, Size: M","millennio-ocher","199","325","https://bikecloset.com/product/assos-mille-gto-ls-jersey-c2-3/?attribute_pa_color=millennio-ocher&attribute_pa_size=m","7627776007809","1759952","1759945","2026-09-11T12:08:04.173Z"
"Assos MILLE GTO LS Jersey C2","Assos","","","","Clothing","Jerseys","Unspecified","Unspecified","L","clothing:l","L","Color: Millennio Ocher, Size: L","millennio-ocher","199","325","https://bikecloset.com/product/assos-mille-gto-ls-jersey-c2-3/?attribute_pa_color=millennio-ocher&attribute_pa_size=l","7627776007793","1759951","1759945","2026-09-11T12:08:04.173Z"
"Assos MILLE GTO LS Jersey C2","Assos","","","","Clothing","Jerseys","Unspecified","Unspecified","XL","clothing:xl","XL","Color: Terra Sand, Size: XL","terra-sand","199","325","https://bikecloset.com/product/assos-mille-gto-ls-jersey-c2-3/?attribute_pa_color=terra-sand&attribute_pa_size=xl","7627776020860","1759949","1759945","2026-09-11T12:08:04.173Z"
"Assos MILLE GTO LS Jersey C2","Assos","","","","Clothing","Jerseys","Unspecified","Unspecified","S","clothing:s","S","Color: Terra Sand, Size: S","terra-sand","199","325","https://bikecloset.com/product/assos-mille-gto-ls-jersey-c2-3/?attribute_pa_color=terra-sand&attribute_pa_size=s","7627776020839","1759948","1759945","2026-09-11T12:08:04.173Z"
"Assos MILLE GTO LS Jersey C2","Assos","","","","Clothing","Jerseys","Unspecified","Unspecified","M","clothing:m","M","Color: Terra Sand, Size: M","terra-sand","199","325","https://bikecloset.com/product/assos-mille-gto-ls-jersey-c2-3/?attribute_pa_color=terra-sand&attribute_pa_size=m","7627776020846","1759947","1759945","2026-09-11T12:08:04.173Z"
"Assos UMA GT Summer Half Tights C2","Assos","","","","Clothing","Tights","Women's","Unspecified","ASSOS XLG","clothing:assos xlg","XLG","Color: BLACK SERIES, Size: XLG","black-series","129","205","https://bikecloset.com/product/assos-uma-gt-summer-half-tights-c2/?attribute_pa_color=black-series&attribute_pa_size=xlg","2220000245531","1759941","1759936","2026-09-11T12:08:04.173Z"
"Assos UMA GT Half Shorts C2","Assos","","","","Clothing","Shorts","Women's","Unspecified","XS","clothing:xs","XS-Standard","Color: BLACK SERIES, Size: XS-Standard","black-series","99","155","https://bikecloset.com/product/assos-uma-gt-half-shorts-c2/?attribute_pa_color=black-series&attribute_pa_size=xs-standard","2220000216456","1759928","1759917","2026-09-11T12:08:04.173Z"
"Assos UMA GT Half Shorts C2","Assos","","","","Clothing","Shorts","Women's","Unspecified","ASSOS XLG","clothing:assos xlg","XLG-Standard","Color: BLACK SERIES, Size: XLG-Standard","black-series","99","155","https://bikecloset.com/product/assos-uma-gt-half-shorts-c2/?attribute_pa_color=black-series&attribute_pa_size=xlg-standard","2220000216555","1759927","1759917","2026-09-11T12:08:04.173Z"
"Assos UMA GT Half Shorts C2","Assos","","","","Clothing","Shorts","Women's","Unspecified","XL","clothing:xl","XL-Standard","Color: BLACK SERIES, Size: XL-Standard","black-series","99","155","https://bikecloset.com/product/assos-uma-gt-half-shorts-c2/?attribute_pa_color=black-series&attribute_pa_size=xl-standard","2220000216531","1759926","1759917","2026-09-11T12:08:04.173Z"
"Assos UMA GT Half Shorts C2","Assos","","","","Clothing","Shorts","Women's","Unspecified","L","clothing:l","L-Standard","Color: BLACK SERIES, Size: L-Standard","black-series","99","155","https://bikecloset.com/product/assos-uma-gt-half-shorts-c2/?attribute_pa_color=black-series&attribute_pa_size=l-standard","2220000216517","1759923","1759917","2026-09-11T12:08:04.173Z"
"Assos UMA GT Half Shorts C2","Assos","","","","Clothing","Shorts","Women's","Unspecified","XS","clothing:xs","XS-Long","Color: BLACK SERIES, Size: XS-Long","black-series","119","170","https://bikecloset.com/product/assos-uma-gt-half-shorts-c2/?attribute_pa_color=black-series&attribute_pa_size=xs-long","2220000216333","1759922","1759917","2026-09-11T12:08:04.173Z"
"Assos UMA GT Half Shorts C2","Assos","","","","Clothing","Shorts","Women's","Unspecified","XL","clothing:xl","XL-Long","Color: BLACK SERIES, Size: XL-Long","black-series","119","170","https://bikecloset.com/product/assos-uma-gt-half-shorts-c2/?attribute_pa_color=black-series&attribute_pa_size=xl-long","2220000216418","1759921","1759917","2026-09-11T12:08:04.173Z"
"Assos UMA GT Half Shorts C2","Assos","","","","Clothing","Shorts","Women's","Unspecified","S","clothing:s","S-Long","Color: BLACK SERIES, Size: S-Long","black-series","119","170","https://bikecloset.com/product/assos-uma-gt-half-shorts-c2/?attribute_pa_color=black-series&attribute_pa_size=s-long","2220000216357","1759920","1759917","2026-09-11T12:08:04.173Z"
"Assos UMA GT Half Shorts C2","Assos","","","","Clothing","Shorts","Women's","Unspecified","M","clothing:m","M-Long","Color: BLACK SERIES, Size: M-Long","black-series","119","170","https://bikecloset.com/product/assos-uma-gt-half-shorts-c2/?attribute_pa_color=black-series&attribute_pa_size=m-long","2220000216371","1759919","1759917","2026-09-11T12:08:04.173Z"
"Assos UMA GT Half Shorts C2","Assos","","","","Clothing","Shorts","Women's","Unspecified","L","clothing:l","L-Long","Color: BLACK SERIES, Size: L-Long","black-series","119","170","https://bikecloset.com/product/assos-uma-gt-half-shorts-c2/?attribute_pa_color=black-series&attribute_pa_size=l-long","2220000216395","1759918","1759917","2026-09-11T12:08:04.173Z"
"Assos TRIATOR NS SPEEDSUIT","Assos","","","","Clothing","Skinsuits & tri suits","Unspecified","Unspecified","XS","clothing:xs","XS","Size: XS","","139","460","https://bikecloset.com/product/assos-triator-ns-speedsuit/?attribute_pa_size=xs","2220000196710","1757993","1757992","2026-09-11T12:08:04.173Z"
"Assos TRIATOR NS SPEEDSUIT","Assos","","","","Clothing","Skinsuits & tri suits","Unspecified","Unspecified","ASSOS XLG","clothing:assos xlg","XLG","Size: XLG","","139","460","https://bikecloset.com/product/assos-triator-ns-speedsuit/?attribute_pa_size=xlg","2220000196765","1757998","1757992","2026-09-11T12:08:04.173Z"
"Assos TRIATOR NS SPEEDSUIT","Assos","","","","Clothing","Skinsuits & tri suits","Unspecified","Unspecified","XL","clothing:xl","XL","Size: XL","","139","460","https://bikecloset.com/product/assos-triator-ns-speedsuit/?attribute_pa_size=xl","2220000196758","1757997","1757992","2026-09-11T12:08:04.173Z"
"Assos TRIATOR NS SPEEDSUIT","Assos","","","","Clothing","Skinsuits & tri suits","Unspecified","Unspecified","L","clothing:l","L","Size: L","","139","460","https://bikecloset.com/product/assos-triator-ns-speedsuit/?attribute_pa_size=l","2220000196741","1757996","1757992","2026-09-11T12:08:04.173Z"
"Assos TRIATOR NS SPEEDSUIT","Assos","","","","Clothing","Skinsuits & tri suits","Unspecified","Unspecified","M","clothing:m","M","Size: M","","139","460","https://bikecloset.com/product/assos-triator-ns-speedsuit/?attribute_pa_size=m","2220000196734","1757995","1757992","2026-09-11T12:08:04.173Z"
"Assos TRIATOR NS SPEEDSUIT","Assos","","","","Clothing","Skinsuits & tri suits","Unspecified","Unspecified","S","clothing:s","S","Size: S","","139","460","https://bikecloset.com/product/assos-triator-ns-speedsuit/?attribute_pa_size=s","2220000196727","1757994","1757992","2026-09-11T12:08:04.173Z"
"Assos TRIATOR SS SPEEDSUIT","Assos","","","","Clothing","Skinsuits & tri suits","Unspecified","Unspecified","ASSOS XLG","clothing:assos xlg","XLG","Size: XLG","","199","535","https://bikecloset.com/product/assos-triator-ss-speedsuit/?attribute_pa_size=xlg","2220000196956","1757991","1757985","2026-09-11T12:08:04.173Z"
"Assos TRIATOR SS SPEEDSUIT","Assos","","","","Clothing","Skinsuits & tri suits","Unspecified","Unspecified","S","clothing:s","S","Size: S","","199","535","https://bikecloset.com/product/assos-triator-ss-speedsuit/?attribute_pa_size=s","2220000196918","1757987","1757985","2026-09-11T12:08:04.173Z"
"Assos TRIATOR SS SPEEDSUIT","Assos","","","","Clothing","Skinsuits & tri suits","Unspecified","Unspecified","XS","clothing:xs","XS","Size: XS","","199","535","https://bikecloset.com/product/assos-triator-ss-speedsuit/?attribute_pa_size=xs","2220000196901","1757986","1757985","2026-09-11T12:08:04.173Z"
"Assos MILLE GTO LS JERSEY C2","Assos","","","","Clothing","Jerseys","Unspecified","Unspecified","XS","clothing:xs","XS","Color: BLACK SERIES, Size: XS","black-series","159","325","https://bikecloset.com/product/assos-mille-gto-ls-jersey-c2-2/?attribute_pa_color=black-series&attribute_pa_size=xs","7627776007786","1757818","1757817","2026-09-11T12:08:04.173Z"
"Assos R WINTER LEG WARMERS P1","Assos","","","","Clothing","Warmers","Unspecified","Unspecified","ASSOS II","clothing:assos ii","II","Color: BLACK SERIES, Size: II","black-series","69.99","140","https://bikecloset.com/product/assos-r-winter-leg-warmers-p1/?attribute_pa_color=black-series&attribute_pa_size=ii","2220000474252","1757816","1757809","2026-09-11T12:08:04.173Z"
"Assos R WINTER KNEE WARMERS P1","Assos","","","","Clothing","Warmers","Unspecified","Unspecified","ASSOS II","clothing:assos ii","II","Color: BLACK SERIES, Size: II","black-series","44.99","85","https://bikecloset.com/product/assos-r-winter-knee-warmers-p1/?attribute_pa_color=black-series&attribute_pa_size=ii","2220000474221","1757808","1757801","2026-09-11T12:08:04.173Z"
"Assos EQUIPE RS JOHDAH ULTRAZ WINTER JACKET S11","Assos","","","","Clothing","Jackets & rain shells","Unspecified","Unspecified","M","clothing:m","M","Color: BLACK SERIES, Size: M","black-series","429","810","https://bikecloset.com/product/assos-equipe-rs-johdah-ultraz-winter-jacket-s11/?attribute_pa_color=black-series&attribute_pa_size=m","7627776031811","1757697","1757690","2026-09-11T12:08:04.173Z"
"Assos EQUIPE RS JOHDAH ULTRAZ WINTER JACKET S11","Assos","","","","Clothing","Jackets & rain shells","Unspecified","Unspecified","S","clothing:s","S","Color: BLACK SERIES, Size: S","black-series","429","810","https://bikecloset.com/product/assos-equipe-rs-johdah-ultraz-winter-jacket-s11/?attribute_pa_color=black-series&attribute_pa_size=s","7627776031828","1757696","1757690","2026-09-11T12:08:04.173Z"
"Assos EQUIPE RS JOHDAH ULTRAZ WINTER JACKET S11","Assos","","","","Clothing","Jackets & rain shells","Unspecified","Unspecified","XS","clothing:xs","XS","Color: BLACK SERIES, Size: XS","black-series","429","810","https://bikecloset.com/product/assos-equipe-rs-johdah-ultraz-winter-jacket-s11/?attribute_pa_color=black-series&attribute_pa_size=xs","7627776031842","1757691","1757690","2026-09-11T12:08:04.173Z"
"Enve Composite Tank Trail Jersey Womens","Enve","","","","Clothing","Jerseys","Women's","Mountain / trail","L","clothing:l","L","Color: Sage Lemonade, Size: L","sage-lemonade","5","80","https://bikecloset.com/product/enve-composite-tank-womens/?attribute_pa_color=sage-lemonade&attribute_pa_size=l","800-0000-861","1756102","1756101","2026-09-11T12:08:04.173Z"
"Enve Composite Tank Trail Jersey Womens","Enve","","","","Clothing","Jerseys","Women's","Mountain / trail","XL","clothing:xl","XL","Color: Carbon, Size: XL","carbon","5","80","https://bikecloset.com/product/enve-composite-tank-womens/?attribute_pa_color=carbon&attribute_pa_size=xl","800-0000-857","1756108","1756101","2026-09-11T12:08:04.173Z"
"Enve Composite Tank Trail Jersey Womens","Enve","","","","Clothing","Jerseys","Women's","Mountain / trail","S","clothing:s","S","Color: Carbon, Size: S","carbon","5","80","https://bikecloset.com/product/enve-composite-tank-womens/?attribute_pa_color=carbon&attribute_pa_size=s","800-0000-854","1756107","1756101","2026-09-11T12:08:04.173Z"
"Enve Composite Tank Trail Jersey Womens","Enve","","","","Clothing","Jerseys","Women's","Mountain / trail","M","clothing:m","M","Color: Carbon, Size: M","carbon","5","80","https://bikecloset.com/product/enve-composite-tank-womens/?attribute_pa_color=carbon&attribute_pa_size=m","800-0000-855","1756106","1756101","2026-09-11T12:08:04.173Z"
"Enve Composite Tank Trail Jersey Womens","Enve","","","","Clothing","Jerseys","Women's","Mountain / trail","L","clothing:l","L","Color: Carbon, Size: L","carbon","5","80","https://bikecloset.com/product/enve-composite-tank-womens/?attribute_pa_color=carbon&attribute_pa_size=l","800-0000-856","1756105","1756101","2026-09-11T12:08:04.173Z"
"Enve Composite Tank Trail Jersey Womens","Enve","","","","Clothing","Jerseys","Women's","Mountain / trail","XS","clothing:xs","XS","Color: Sage Lemonade, Size: XS","sage-lemonade","5","80","https://bikecloset.com/product/enve-composite-tank-womens/?attribute_pa_color=sage-lemonade&attribute_pa_size=xs","800-0000-858","1756104","1756101","2026-09-11T12:08:04.173Z"
"Enve Composite Tank Trail Jersey Womens","Enve","","","","Clothing","Jerseys","Women's","Mountain / trail","XL","clothing:xl","XL","Color: Sage Lemonade, Size: XL","sage-lemonade","5","80","https://bikecloset.com/product/enve-composite-tank-womens/?attribute_pa_color=sage-lemonade&attribute_pa_size=xl","800-0000-862","1756103","1756101","2026-09-11T12:08:04.173Z"
"Enve Composite SS Trail Jersey Womens","Enve","","","","Clothing","Jerseys","Women's","Mountain / trail","XS","clothing:xs","XS","Color: Sage Lemonade, Size: XS","sage-lemonade","5","100","https://bikecloset.com/product/enve-composite-ss-jersey-womens/?attribute_pa_color=sage-lemonade&attribute_pa_size=xs","800-0000-833","1756100","1756087","2026-09-11T12:08:04.173Z"
"Enve Composite SS Trail Jersey Womens","Enve","","","","Clothing","Jerseys","Women's","Mountain / trail","XL","clothing:xl","XL","Color: Sage Lemonade, Size: XL","sage-lemonade","5","100","https://bikecloset.com/product/enve-composite-ss-jersey-womens/?attribute_pa_color=sage-lemonade&attribute_pa_size=xl","800-0000-837","1756099","1756087","2026-09-11T12:08:04.173Z"
"Enve Composite SS Trail Jersey Womens","Enve","","","","Clothing","Jerseys","Women's","Mountain / trail","L","clothing:l","L","Color: Sage Lemonade, Size: L","sage-lemonade","5","100","https://bikecloset.com/product/enve-composite-ss-jersey-womens/?attribute_pa_color=sage-lemonade&attribute_pa_size=l","800-0000-836","1756098","1756087","2026-09-11T12:08:04.173Z"
"Time ADHX Carbon Disc Frameset V18 Gloss Amber","Time","","","","Components","Framesets","","","L","framesets:l","L","Color: V18 Gloss Amber, Size: L","v18-gloss-amber","1499","4000","https://bikecloset.com/product/time-adhx-carbon-disc-frameset-v18-gloss-amber/?attribute_pa_color=v18-gloss-amber&attribute_pa_size=l","","1755960","1755956","2026-09-11T12:08:04.173Z"
"Time ADHX Carbon Disc Frameset V18 Gloss Amber","Time","","","","Components","Framesets","","","S","framesets:s","S","Color: V18 Gloss Amber, Size: S","v18-gloss-amber","1499","4000","https://bikecloset.com/product/time-adhx-carbon-disc-frameset-v18-gloss-amber/?attribute_pa_color=v18-gloss-amber&attribute_pa_size=s","","1755958","1755956","2026-09-11T12:08:04.173Z"
"Time ADHX Carbon Disc Frameset V18 Gloss Amber","Time","","","","Components","Framesets","","","XS","framesets:xs","XS","Color: V18 Gloss Amber, Size: XS","v18-gloss-amber","1499","4000","https://bikecloset.com/product/time-adhx-carbon-disc-frameset-v18-gloss-amber/?attribute_pa_color=v18-gloss-amber&attribute_pa_size=xs","","1755957","1755956","2026-09-11T12:08:04.173Z"
"Time ADHX Carbon Disc Frameset V17 Gloss Forest","Time","","","","Components","Framesets","","","L","framesets:l","L","Color: V17 Gloss Forest, Size: L","v17-gloss-forest","1499","4000","https://bikecloset.com/product/time-adhx-carbon-disc-frameset-v17-forest/?attribute_pa_color=v17-gloss-forest&attribute_pa_size=l","","1755951","1755947","2026-09-11T12:08:04.173Z"
"Time ADHX Carbon Disc Frameset V17 Gloss Forest","Time","","","","Components","Framesets","","","S","framesets:s","S","Color: V17 Gloss Forest, Size: S","v17-gloss-forest","1499","4000","https://bikecloset.com/product/time-adhx-carbon-disc-frameset-v17-forest/?attribute_pa_color=v17-gloss-forest&attribute_pa_size=s","","1755949","1755947","2026-09-11T12:08:04.173Z"
"Time ADHX Carbon Disc Frameset V17 Gloss Forest","Time","","","","Components","Framesets","","","XS","framesets:xs","XS","Color: V17 Gloss Forest, Size: XS","v17-gloss-forest","1499","4000","https://bikecloset.com/product/time-adhx-carbon-disc-frameset-v17-forest/?attribute_pa_color=v17-gloss-forest&attribute_pa_size=xs","","1755948","1755947","2026-09-11T12:08:04.173Z"
"Time ADH ALPE D’HUEZ Carbon Disc Frameset","Time","","","","Components","Framesets","","","XS","framesets:xs","XS","Color: V35 Brilliant Red, Size: XS","v35-brilliant-red","1499","4000","https://bikecloset.com/product/time-adh-alpe-dhuez-carbon-disc-frameset/?attribute_pa_color=v35-brilliant-red&attribute_pa_size=xs","","1755943","1748595","2026-09-11T12:08:04.173Z"
"Time ADH ALPE D’HUEZ Carbon Disc Frameset","Time","","","","Components","Framesets","","","L","framesets:l","L","Color: V35 Brilliant Red, Size: L","v35-brilliant-red","1499","4000","https://bikecloset.com/product/time-adh-alpe-dhuez-carbon-disc-frameset/?attribute_pa_color=v35-brilliant-red&attribute_pa_size=l","","1755940","1748595","2026-09-11T12:08:04.173Z"
"Time ADH ALPE D’HUEZ Carbon Disc Frameset","Time","","","","Components","Framesets","","","XL","framesets:xl","XL","Color: V35 Brilliant Red, Size: XL","v35-brilliant-red","1499","4000","https://bikecloset.com/product/time-adh-alpe-dhuez-carbon-disc-frameset/?attribute_pa_color=v35-brilliant-red&attribute_pa_size=xl","","1755939","1748595","2026-09-11T12:08:04.173Z"
"Assos UMA GT Spring Fall Jersey C2","Assos","","","","Clothing","Jerseys","Women's","Unspecified","XL","clothing:xl","XL","Color: BOLGHERI RED, Size: XL","bolgheri-red","49.99","210","https://bikecloset.com/product/assos-uma-gt-spring-fall-jersey-c2/?attribute_pa_color=bolgheri-red&attribute_pa_size=xl","7627776000794","1754773","1754769","2026-09-11T12:08:04.173Z"
"Assos MILLE GTO Jersey C2","Assos","","","","Clothing","Jerseys","Unspecified","Unspecified","S","clothing:s","S","Color: Burned Brown, Size: S","burned-brown","179","300","https://bikecloset.com/product/assos-mille-gto-jersey-c2-4/?attribute_pa_color=burned-brown&attribute_pa_size=s","7627776020761","1754743","1754742","2026-09-11T12:08:04.173Z"
"Assos MILLE GTO Jersey C2","Assos","","","","Clothing","Jerseys","Unspecified","Unspecified","XS","clothing:xs","XS","Color: Millennio Ocher, Size: XS","millennio-ocher","179","300","https://bikecloset.com/product/assos-mille-gto-jersey-c2-4/?attribute_pa_color=millennio-ocher&attribute_pa_size=xs","7627776006178","1754760","1754742","2026-09-11T12:08:04.173Z"
"Assos MILLE GTO Jersey C2","Assos","","","","Clothing","Jerseys","Unspecified","Unspecified","ASSOS XLG","clothing:assos xlg","XLG","Color: Millennio Ocher, Size: XLG","millennio-ocher","179","300","https://bikecloset.com/product/assos-mille-gto-jersey-c2-4/?attribute_pa_color=millennio-ocher&attribute_pa_size=xlg","7627776006161","1754759","1754742","2026-09-11T12:08:04.173Z"
"Assos MILLE GTO Jersey C2","Assos","","","","Clothing","Jerseys","Unspecified","Unspecified","XL","clothing:xl","XL","Color: Millennio Ocher, Size: XL","millennio-ocher","179","300","https://bikecloset.com/product/assos-mille-gto-jersey-c2-4/?attribute_pa_color=millennio-ocher&attribute_pa_size=xl","7627776006154","1754758","1754742","2026-09-11T12:08:04.173Z"
"Assos MILLE GTO Jersey C2","Assos","","","","Clothing","Jerseys","Unspecified","Unspecified","ASSOS TIR","clothing:assos tir","TIR","Color: Millennio Ocher, Size: TIR","millennio-ocher","179","300","https://bikecloset.com/product/assos-mille-gto-jersey-c2-4/?attribute_pa_color=millennio-ocher&attribute_pa_size=tir","7627776006147","1754757","1754742","2026-09-11T12:08:04.173Z"
"Assos MILLE GTO Jersey C2","Assos","","","","Clothing","Jerseys","Unspecified","Unspecified","S","clothing:s","S","Color: Millennio Ocher, Size: S","millennio-ocher","179","300","https://bikecloset.com/product/assos-mille-gto-jersey-c2-4/?attribute_pa_color=millennio-ocher&attribute_pa_size=s","7627776006130","1754756","1754742","2026-09-11T12:08:04.173Z"
"Assos MILLE GTO Jersey C2","Assos","","","","Clothing","Jerseys","Unspecified","Unspecified","M","clothing:m","M","Color: Millennio Ocher, Size: M","millennio-ocher","179","300","https://bikecloset.com/product/assos-mille-gto-jersey-c2-4/?attribute_pa_color=millennio-ocher&attribute_pa_size=m","7627776006123","1754755","1754742","2026-09-11T12:08:04.173Z"
"Assos MILLE GTO Jersey C2","Assos","","","","Clothing","Jerseys","Unspecified","Unspecified","L","clothing:l","L","Color: Millennio Ocher, Size: L","millennio-ocher","179","300","https://bikecloset.com/product/assos-mille-gto-jersey-c2-4/?attribute_pa_color=millennio-ocher&attribute_pa_size=l","7627776006116","1754754","1754742","2026-09-11T12:08:04.173Z"
"Assos MILLE GTO Jersey C2","Assos","","","","Clothing","Jerseys","Unspecified","Unspecified","XS","clothing:xs","XS","Color: Terra Sand, Size: XS","terra-sand","179","300","https://bikecloset.com/product/assos-mille-gto-jersey-c2-4/?attribute_pa_color=terra-sand&attribute_pa_size=xs","7627776020686","1754753","1754742","2026-09-11T12:08:04.173Z"
"Assos MILLE GTO Jersey C2","Assos","","","","Clothing","Jerseys","Unspecified","Unspecified","XL","clothing:xl","XL","Color: Terra Sand, Size: XL","terra-sand","179","300","https://bikecloset.com/product/assos-mille-gto-jersey-c2-4/?attribute_pa_color=terra-sand&attribute_pa_size=xl","7627776020723","1754751","1754742","2026-09-11T12:08:04.173Z"
"Assos MILLE GTO Jersey C2","Assos","","","","Clothing","Jerseys","Unspecified","Unspecified","ASSOS TIR","clothing:assos tir","TIR","Color: Terra Sand, Size: TIR","terra-sand","179","300","https://bikecloset.com/product/assos-mille-gto-jersey-c2-4/?attribute_pa_color=terra-sand&attribute_pa_size=tir","7627776020747","1754750","1754742","2026-09-11T12:08:04.173Z"
"Assos MILLE GTO Jersey C2","Assos","","","","Clothing","Jerseys","Unspecified","Unspecified","S","clothing:s","S","Color: Terra Sand, Size: S","terra-sand","179","300","https://bikecloset.com/product/assos-mille-gto-jersey-c2-4/?attribute_pa_color=terra-sand&attribute_pa_size=s","7627776020693","1754749","1754742","2026-09-11T12:08:04.173Z"
"Assos MILLE GTO Jersey C2","Assos","","","","Clothing","Jerseys","Unspecified","Unspecified","M","clothing:m","M","Color: Terra Sand, Size: M","terra-sand","179","300","https://bikecloset.com/product/assos-mille-gto-jersey-c2-4/?attribute_pa_color=terra-sand&attribute_pa_size=m","7627776020709","1754748","1754742","2026-09-11T12:08:04.173Z"
"Assos MILLE GTO Jersey C2","Assos","","","","Clothing","Jerseys","Unspecified","Unspecified","XS","clothing:xs","XS","Color: Burned Brown, Size: XS","burned-brown","179","300","https://bikecloset.com/product/assos-mille-gto-jersey-c2-4/?attribute_pa_color=burned-brown&attribute_pa_size=xs","7627776020754","1754747","1754742","2026-09-11T12:08:04.173Z"
"Assos MILLE GTO Jersey C2","Assos","","","","Clothing","Jerseys","Unspecified","Unspecified","ASSOS XLG","clothing:assos xlg","XLG","Color: Burned Brown, Size: XLG","burned-brown","179","300","https://bikecloset.com/product/assos-mille-gto-jersey-c2-4/?attribute_pa_color=burned-brown&attribute_pa_size=xlg","7627776020808","1754746","1754742","2026-09-11T12:08:04.173Z"
"Assos MILLE GTO Jersey C2","Assos","","","","Clothing","Jerseys","Unspecified","Unspecified","ASSOS TIR","clothing:assos tir","TIR","Color: Burned Brown, Size: TIR","burned-brown","179","300","https://bikecloset.com/product/assos-mille-gto-jersey-c2-4/?attribute_pa_color=burned-brown&attribute_pa_size=tir","7627776020815","1754744","1754742","2026-09-11T12:08:04.173Z"
"KOO SPECTRO","KOO","","","","Footwear & protection","Eyewear","","","","","","Color: Olive Green Matt Orange","olive-green-matt-orange","59.99","190","https://bikecloset.com/product/koo-spectro/?attribute_pa_color=olive-green-matt-orange","8057099291187","1754062","1680459","2026-09-11T12:08:04.173Z"
"Assos summerSock BMC Black","Assos","","","","Clothing","Socks","Unspecified","Unspecified","ASSOS 0","socks:assos 0","0","Color: Black, Size: 0","black","9.99","20","https://bikecloset.com/product/assos-summersock-bmc-black/?attribute_pa_color=black&attribute_pa_size=0","2220000076876","1753776","1753775","2026-09-11T12:08:04.173Z"
"Assos summerSock BMC Black","Assos","","","","Clothing","Socks","Unspecified","Unspecified","ASSOS I","socks:assos i","I","Color: Black, Size: I","black","9.99","20","https://bikecloset.com/product/assos-summersock-bmc-black/?attribute_pa_color=black&attribute_pa_size=i","2220000076883","1753777","1753775","2026-09-11T12:08:04.173Z"
"Assos TRAIL Women’s Spring Fall Jacket Black Series","Assos","","","","Clothing","Jackets & rain shells","Women's","Mountain / trail","XS","clothing:xs","XS","Color: Blackseries, Size: XS","blackseries","39.99","210","https://bikecloset.com/product/assos-trail-womens-spring-fall-jacket-black-series/?attribute_pa_color=blackseries&attribute_pa_size=xs","2220000127752","1753774","1753768","2026-09-11T12:08:04.173Z"
"Assos TRAIL Women’s Spring Fall Jacket Black Series","Assos","","","","Clothing","Jackets & rain shells","Women's","Mountain / trail","ASSOS XLG","clothing:assos xlg","XLG","Color: Blackseries, Size: XLG","blackseries","39.99","210","https://bikecloset.com/product/assos-trail-womens-spring-fall-jacket-black-series/?attribute_pa_color=blackseries&attribute_pa_size=xlg","2220000127745","1753773","1753768","2026-09-11T12:08:04.173Z"
"Assos TRAIL Women’s Spring Fall Jacket Black Series","Assos","","","","Clothing","Jackets & rain shells","Women's","Mountain / trail","XL","clothing:xl","XL","Color: Blackseries, Size: XL","blackseries","39.99","210","https://bikecloset.com/product/assos-trail-womens-spring-fall-jacket-black-series/?attribute_pa_color=blackseries&attribute_pa_size=xl","2220000127738","1753772","1753768","2026-09-11T12:08:04.173Z"
"Assos TRAIL Cargo Half Shorts torpedoGrey","Assos","","","","Clothing","Shorts","Unspecified","Mountain / trail","L","clothing:l","L","Color: Torpedo Grey, Size: L","torpedo-grey","49.99","139","https://bikecloset.com/product/assos-trail-cargo-half-shorts-torpedogrey/?attribute_pa_color=torpedo-grey&attribute_pa_size=l","2220000153980","1753763","1753762","2026-09-11T12:08:04.173Z"
"Assos UMA GTV Jersey C2 Rock Purple","Assos","","","","Clothing","Jerseys","Women's","Unspecified","L","clothing:l","L","Color: Rock Purple, Size: L","rock-purple","89.99","190","https://bikecloset.com/product/assos-uma-gtv-jersey-c2-rock-purple/?attribute_pa_color=rock-purple&attribute_pa_size=l","2220000216999","1753754","1753753","2026-09-11T12:08:04.173Z"
"Assos UMA GT Short Sleeve Jersey galaxyPink","Assos","","","","Clothing","Jerseys","Women's","Unspecified","L","clothing:l","L","Color: Galaxy Pink, Size: L","galaxy-pink","49.99","129","https://bikecloset.com/product/assos-uma-gt-short-sleeve-jersey-galaxypink/?attribute_pa_color=galaxy-pink&attribute_pa_size=l","2220000124898","1753747","1753746","2026-09-11T12:08:04.173Z"
"Assos TRAIL Cargo Half Shorts torpedoGrey","Assos","","","","Clothing","Shorts","Unspecified","Mountain / trail","XS","clothing:xs","XS","Color: Torpedo Grey, Size: XS","torpedo-grey","49.99","139","https://bikecloset.com/product/assos-trail-cargo-half-shorts-torpedogrey/?attribute_pa_color=torpedo-grey&attribute_pa_size=xs","2220000153959","1753767","1753762","2026-09-11T12:08:04.173Z"
"Assos TRAIL Cargo Half Shorts torpedoGrey","Assos","","","","Clothing","Shorts","Unspecified","Mountain / trail","ASSOS XLG","clothing:assos xlg","XLG","Color: Torpedo Grey, Size: XLG","torpedo-grey","49.99","139","https://bikecloset.com/product/assos-trail-cargo-half-shorts-torpedogrey/?attribute_pa_color=torpedo-grey&attribute_pa_size=xlg","2220000154000","1753766","1753762","2026-09-11T12:08:04.173Z"
"Assos TRAIL Cargo Half Shorts torpedoGrey","Assos","","","","Clothing","Shorts","Unspecified","Mountain / trail","XL","clothing:xl","XL","Color: Torpedo Grey, Size: XL","torpedo-grey","49.99","139","https://bikecloset.com/product/assos-trail-cargo-half-shorts-torpedogrey/?attribute_pa_color=torpedo-grey&attribute_pa_size=xl","2220000153997","1753765","1753762","2026-09-11T12:08:04.173Z"
"Assos TRAIL Cargo Half Shorts torpedoGrey","Assos","","","","Clothing","Shorts","Unspecified","Mountain / trail","ASSOS TIR","clothing:assos tir","TIR","Color: Torpedo Grey, Size: TIR","torpedo-grey","49.99","139","https://bikecloset.com/product/assos-trail-cargo-half-shorts-torpedogrey/?attribute_pa_color=torpedo-grey&attribute_pa_size=tir","2220000154017","1753764","1753762","2026-09-11T12:08:04.173Z"
"Assos UMA GTV Jersey C2 Rock Purple","Assos","","","","Clothing","Jerseys","Women's","Unspecified","XS","clothing:xs","XS","Color: Rock Purple, Size: XS","rock-purple","89.99","190","https://bikecloset.com/product/assos-uma-gtv-jersey-c2-rock-purple/?attribute_pa_color=rock-purple&attribute_pa_size=xs","2220000216937","1753759","1753753","2026-09-11T12:08:04.173Z"
"Assos UMA GTV Jersey C2 Rock Purple","Assos","","","","Clothing","Jerseys","Women's","Unspecified","ASSOS XLG","clothing:assos xlg","XLG","Color: Rock Purple, Size: XLG","rock-purple","89.99","190","https://bikecloset.com/product/assos-uma-gtv-jersey-c2-rock-purple/?attribute_pa_color=rock-purple&attribute_pa_size=xlg","2220000217033","1753758","1753753","2026-09-11T12:08:04.173Z"
"Assos UMA GTV Jersey C2 Rock Purple","Assos","","","","Clothing","Jerseys","Women's","Unspecified","XL","clothing:xl","XL","Color: Rock Purple, Size: XL","rock-purple","89.99","190","https://bikecloset.com/product/assos-uma-gtv-jersey-c2-rock-purple/?attribute_pa_color=rock-purple&attribute_pa_size=xl","2220000217019","1753757","1753753","2026-09-11T12:08:04.173Z"
"Assos UMA GTV Jersey C2 Rock Purple","Assos","","","","Clothing","Jerseys","Women's","Unspecified","S","clothing:s","S","Color: Rock Purple, Size: S","rock-purple","89.99","190","https://bikecloset.com/product/assos-uma-gtv-jersey-c2-rock-purple/?attribute_pa_color=rock-purple&attribute_pa_size=s","2220000216951","1753756","1753753","2026-09-11T12:08:04.173Z"
"Assos UMA GTV Jersey C2 Rock Purple","Assos","","","","Clothing","Jerseys","Women's","Unspecified","M","clothing:m","M","Color: Rock Purple, Size: M","rock-purple","89.99","190","https://bikecloset.com/product/assos-uma-gtv-jersey-c2-rock-purple/?attribute_pa_color=rock-purple&attribute_pa_size=m","2220000216975","1753755","1753753","2026-09-11T12:08:04.173Z"
"Assos UMA GT Short Sleeve Jersey galaxyPink","Assos","","","","Clothing","Jerseys","Women's","Unspecified","ASSOS XLG","clothing:assos xlg","XLG","Color: Galaxy Pink, Size: XLG","galaxy-pink","49.99","129","https://bikecloset.com/product/assos-uma-gt-short-sleeve-jersey-galaxypink/?attribute_pa_color=galaxy-pink&attribute_pa_size=xlg","2220000124935","1753751","1753746","2026-09-11T12:08:04.173Z"
"Assos UMA GT Short Sleeve Jersey galaxyPink","Assos","","","","Clothing","Jerseys","Women's","Unspecified","XL","clothing:xl","XL","Color: Galaxy Pink, Size: XL","galaxy-pink","49.99","129","https://bikecloset.com/product/assos-uma-gt-short-sleeve-jersey-galaxypink/?attribute_pa_color=galaxy-pink&attribute_pa_size=xl","2220000124928","1753750","1753746","2026-09-11T12:08:04.173Z"
"Assos UMA GT Short Sleeve Jersey galaxyPink","Assos","","","","Clothing","Jerseys","Women's","Unspecified","S","clothing:s","S","Color: Galaxy Pink, Size: S","galaxy-pink","49.99","129","https://bikecloset.com/product/assos-uma-gt-short-sleeve-jersey-galaxypink/?attribute_pa_color=galaxy-pink&attribute_pa_size=s","2220000124911","1753749","1753746","2026-09-11T12:08:04.173Z"
"Assos UMA GT Short Sleeve Jersey galaxyPink","Assos","","","","Clothing","Jerseys","Women's","Unspecified","M","clothing:m","M","Color: Galaxy Pink, Size: M","galaxy-pink","49.99","129","https://bikecloset.com/product/assos-uma-gt-short-sleeve-jersey-galaxypink/?attribute_pa_color=galaxy-pink&attribute_pa_size=m","2220000124904","1753748","1753746","2026-09-11T12:08:04.173Z"
"Assos SUISSE FED Jersey S9 TARGA National Red","Assos","","","","Clothing","Jerseys","Unspecified","Unspecified","XS","clothing:xs","XS","Color: National Red, Size: XS","national-red","99.99","220","https://bikecloset.com/product/assos-suisse-fed-jersey-s9-targa-national-red/?attribute_pa_color=national-red&attribute_pa_size=xs","2220000227698","1753745","1753740","2026-09-11T12:08:04.173Z"
"Assos SUISSE FED Jersey S9 TARGA National Red","Assos","","","","Clothing","Jerseys","Unspecified","Unspecified","L","clothing:l","L","Color: National Red, Size: L","national-red","99.99","220","https://bikecloset.com/product/assos-suisse-fed-jersey-s9-targa-national-red/?attribute_pa_color=national-red&attribute_pa_size=l","2220000227728","1753741","1753740","2026-09-11T12:08:04.173Z"
"Assos SUISSE FED Jersey S9 TARGA National Red","Assos","","","","Clothing","Jerseys","Unspecified","Unspecified","S","clothing:s","S","Color: National Red, Size: S","national-red","99.99","220","https://bikecloset.com/product/assos-suisse-fed-jersey-s9-targa-national-red/?attribute_pa_color=national-red&attribute_pa_size=s","2220000227704","1753743","1753740","2026-09-11T12:08:04.173Z"
"Assos SUISSE FED Jersey S9 TARGA National Red","Assos","","","","Clothing","Jerseys","Unspecified","Unspecified","M","clothing:m","M","Color: National Red, Size: M","national-red","99.99","220","https://bikecloset.com/product/assos-suisse-fed-jersey-s9-targa-national-red/?attribute_pa_color=national-red&attribute_pa_size=m","2220000227711","1753742","1753740","2026-09-11T12:08:04.173Z"
"Time ADH ALPE D’HUEZ Carbon Disc Frameset","Time","","","","Components","Framesets","","","XL","framesets:xl","XL","Color: V36 Brilliant Blue, Size: XL","v36-brilliant-blue","1499","4000","https://bikecloset.com/product/time-adh-alpe-dhuez-carbon-disc-frameset/?attribute_pa_color=v36-brilliant-blue&attribute_pa_size=xl","","1753664","1748595","2026-09-11T12:08:04.173Z"
"Time ADH ALPE D’HUEZ Carbon Disc Frameset","Time","","","","Components","Framesets","","","L","framesets:l","L","Color: V36 Brilliant Blue, Size: L","v36-brilliant-blue","1499","4000","https://bikecloset.com/product/time-adh-alpe-dhuez-carbon-disc-frameset/?attribute_pa_color=v36-brilliant-blue&attribute_pa_size=l","","1753663","1748595","2026-09-11T12:08:04.173Z"
"Time ADH ALPE D’HUEZ Carbon Disc Frameset","Time","","","","Components","Framesets","","","S","framesets:s","S","Color: V36 Brilliant Blue, Size: S","v36-brilliant-blue","1499","4000","https://bikecloset.com/product/time-adh-alpe-dhuez-carbon-disc-frameset/?attribute_pa_color=v36-brilliant-blue&attribute_pa_size=s","","1753661","1748595","2026-09-11T12:08:04.173Z"
"Time ADH ALPE D’HUEZ Carbon Disc Frameset","Time","","","","Components","Framesets","","","XS","framesets:xs","XS","Color: V36 Brilliant Blue, Size: XS","v36-brilliant-blue","1499","4000","https://bikecloset.com/product/time-adh-alpe-dhuez-carbon-disc-frameset/?attribute_pa_color=v36-brilliant-blue&attribute_pa_size=xs","","1753660","1748595","2026-09-11T12:08:04.173Z"
"Time ADH ALPE D’HUEZ Carbon Disc Frameset","Time","","","","Components","Framesets","","","XL","framesets:xl","XL","Color: V38 Brilliant Pink, Size: XL","v38-brilliant-pink","1499","4000","https://bikecloset.com/product/time-adh-alpe-dhuez-carbon-disc-frameset/?attribute_pa_color=v38-brilliant-pink&attribute_pa_size=xl","","1753656","1748595","2026-09-11T12:08:04.173Z"
"Time ADH ALPE D’HUEZ Carbon Disc Frameset","Time","","","","Components","Framesets","","","L","framesets:l","L","Color: V38 Brilliant Pink, Size: L","v38-brilliant-pink","1499","4000","https://bikecloset.com/product/time-adh-alpe-dhuez-carbon-disc-frameset/?attribute_pa_color=v38-brilliant-pink&attribute_pa_size=l","","1753655","1748595","2026-09-11T12:08:04.173Z"
"Time ADH ALPE D’HUEZ Carbon Disc Frameset","Time","","","","Components","Framesets","","","XS","framesets:xs","XS","Color: V38 Brilliant Pink, Size: XS","v38-brilliant-pink","1499","4000","https://bikecloset.com/product/time-adh-alpe-dhuez-carbon-disc-frameset/?attribute_pa_color=v38-brilliant-pink&attribute_pa_size=xs","","1753653","1748595","2026-09-11T12:08:04.173Z"
"Fizik X4 Gravel Terra Powerstrap","Fizik","","","","Footwear & protection","Cycling shoes","","","38","shoes:38","38","Color: Black, Size: 38","black","39.99","169.99","https://bikecloset.com/product/fizik-terra-powerstrap-x4/?attribute_pa_color=black&attribute_pa_size=38","8058364078212","1753002","1726402","2026-09-11T12:08:04.173Z"
"Fizik X4 Gravel Terra Powerstrap","Fizik","","","","Footwear & protection","Cycling shoes","","","37.5","shoes:37.5","37.5","Color: Anthracite Grape, Size: 37.5","anthracite-grape","39.99","169.99","https://bikecloset.com/product/fizik-terra-powerstrap-x4/?attribute_pa_color=anthracite-grape&attribute_pa_size=37-5","8058364078434","1753000","1726402","2026-09-11T12:08:04.173Z"
"Fizik X4 Gravel Terra Powerstrap","Fizik","","","","Footwear & protection","Cycling shoes","","","38.5","shoes:38.5","38.5","Color: Anthracite Grape, Size: 38.5","anthracite-grape","39.99","169.99","https://bikecloset.com/product/fizik-terra-powerstrap-x4/?attribute_pa_color=anthracite-grape&attribute_pa_size=38-5","8058364078458","1752999","1726402","2026-09-11T12:08:04.173Z"
"Fizik X4 Gravel Terra Powerstrap","Fizik","","","","Footwear & protection","Cycling shoes","","","39","shoes:39","39","Color: Anthracite Grape, Size: 39","anthracite-grape","39.99","169.99","https://bikecloset.com/product/fizik-terra-powerstrap-x4/?attribute_pa_color=anthracite-grape&attribute_pa_size=39","8058364078465","1752998","1726402","2026-09-11T12:08:04.173Z"
"Fizik X4 Gravel Terra Powerstrap","Fizik","","","","Footwear & protection","Cycling shoes","","","37","shoes:37","37","Color: Mud Caramel, Size: 37","mud-caramel","39.99","169.99","https://bikecloset.com/product/fizik-terra-powerstrap-x4/?attribute_pa_color=mud-caramel&attribute_pa_size=37","8058364078885","1752994","1726402","2026-09-11T12:08:04.173Z"
"Assos MILLE GT 3/3 Jacket EVO","Assos","","","","Clothing","Jackets & rain shells","Unspecified","Unspecified","M","clothing:m","M","Color: BLACK SERIES, Size: M","black-series","149.99","315","https://bikecloset.com/product/assos-mille-gt-3-3-jacket-evo/?attribute_pa_color=black-series&attribute_pa_size=m","2220000181365","1752136","1690115","2026-09-11T12:08:04.173Z"
"Assos MILLE GT 3/3 Jacket EVO","Assos","","","","Clothing","Jackets & rain shells","Unspecified","Unspecified","S","clothing:s","S","Color: BLACK SERIES, Size: S","black-series","149.99","315","https://bikecloset.com/product/assos-mille-gt-3-3-jacket-evo/?attribute_pa_color=black-series&attribute_pa_size=s","2220000181358","1752135","1690115","2026-09-11T12:08:04.173Z"
"Time ADHX Carbon Disc Frameset Gloss Carbon","Time","","","","Components","Framesets","","","L","framesets:l","L","Color: V11 Gloss Carbon, Size: L","v11-gloss-carbon","1499","4000","https://bikecloset.com/product/time-adhx-carbon-disc-frameset-gloss-carbon/?attribute_pa_color=v11-gloss-carbon&attribute_pa_size=l","","1751755","1751751","2026-09-11T12:08:04.173Z"
"Time ADHX Carbon Disc Frameset Gloss Carbon","Time","","","","Components","Framesets","","","S","framesets:s","S","Color: V11 Gloss Carbon, Size: S","v11-gloss-carbon","1499","4000","https://bikecloset.com/product/time-adhx-carbon-disc-frameset-gloss-carbon/?attribute_pa_color=v11-gloss-carbon&attribute_pa_size=s","","1751753","1751751","2026-09-11T12:08:04.173Z"
"Time ADHX Carbon Disc Frameset Gloss Carbon","Time","","","","Components","Framesets","","","XS","framesets:xs","XS","Color: V11 Gloss Carbon, Size: XS","v11-gloss-carbon","1499","4000","https://bikecloset.com/product/time-adhx-carbon-disc-frameset-gloss-carbon/?attribute_pa_color=v11-gloss-carbon&attribute_pa_size=xs","","1751752","1751751","2026-09-11T12:08:04.173Z"
"Assos UMA GT Bib Shorts C2 blackSeries Womens","Assos","","","","Clothing","Bib shorts","Women's","Unspecified","XS","clothing:xs","XS","Size: XS","","99","180","https://bikecloset.com/product/assos-assos-uma-gt-bib-shorts-c2-blackseries/?attribute_pa_size=xs","2220000216210","1750920","1750915","2026-09-11T12:08:04.173Z"
"Assos UMA GT Bib Shorts C2 blackSeries Womens","Assos","","","","Clothing","Bib shorts","Women's","Unspecified","XL","clothing:xl","XL","Size: XL","","99","180","https://bikecloset.com/product/assos-assos-uma-gt-bib-shorts-c2-blackseries/?attribute_pa_size=xl","2220000216296","1750919","1750915","2026-09-11T12:08:04.173Z"
"Endura MT500 Freezing Point Jacket II","Endura","","","","Clothing","Jackets & rain shells","Unspecified","Unspecified","XS","clothing:xs","XS","Color: Harvest, Size: XS","harvest","99.99","240","https://bikecloset.com/product/endura-mt500-freezing-point-jacket-ii/?attribute_pa_color=harvest&attribute_pa_size=xs","5056286969147","1750314","1750313","2026-09-11T12:08:04.173Z"
"Endura MT500 Freezing Point Jacket II","Endura","","","","Clothing","Jackets & rain shells","Unspecified","Unspecified","2XL","clothing:2xl","2XL","Color: Harvest, Size: 2XL","harvest","99.99","240","https://bikecloset.com/product/endura-mt500-freezing-point-jacket-ii/?attribute_pa_color=harvest&attribute_pa_size=2xl","5056286969192","1750324","1750313","2026-09-11T12:08:04.173Z"
"Endura Women’s Pro SL Bibshorts","Endura","","","","Clothing","Bib shorts","Women's","Unspecified","XL","clothing:xl","XL","Color: Black, Size: XL","black","99.99","250","https://bikecloset.com/product/endura-womens-pro-sl-bibshorts/?attribute_pa_color=black&attribute_pa_size=xl","5056286906043","1750311","1750302","2026-09-11T12:08:04.173Z"
"Endura Women’s Pro SL Bibshorts","Endura","","","","Clothing","Bib shorts","Women's","Unspecified","L","clothing:l","L","Color: Black, Size: L","black","99.99","250","https://bikecloset.com/product/endura-womens-pro-sl-bibshorts/?attribute_pa_color=black&attribute_pa_size=l","5056286906036","1750309","1750302","2026-09-11T12:08:04.173Z"
"Endura Women’s Pro SL Bibshorts","Endura","","","","Clothing","Bib shorts","Women's","Unspecified","M","clothing:m","M","Color: Black, Size: M","black","99.99","250","https://bikecloset.com/product/endura-womens-pro-sl-bibshorts/?attribute_pa_color=black&attribute_pa_size=m","5056286906029","1750307","1750302","2026-09-11T12:08:04.173Z"
"Endura Women’s Pro SL Bibshorts","Endura","","","","Clothing","Bib shorts","Women's","Unspecified","S","clothing:s","S","Color: Black, Size: S","black","99.99","250","https://bikecloset.com/product/endura-womens-pro-sl-bibshorts/?attribute_pa_color=black&attribute_pa_size=s","5056286906012","1750305","1750302","2026-09-11T12:08:04.173Z"
"Endura Women’s Pro SL Bibshorts","Endura","","","","Clothing","Bib shorts","Women's","Unspecified","XS","clothing:xs","XS","Color: Black, Size: XS","black","99.99","250","https://bikecloset.com/product/endura-womens-pro-sl-bibshorts/?attribute_pa_color=black&attribute_pa_size=xs","5056286906005","1750303","1750302","2026-09-11T12:08:04.173Z"
"Endura 6-Panel Short II","Endura","","","","Clothing","Shorts","Unspecified","Unspecified","S","clothing:s","S","Color: Black, Size: S","black","29.99","60","https://bikecloset.com/product/endura-6-panel-short-ii/?attribute_pa_color=black&attribute_pa_size=s","5055205398259","1750290","1750289","2026-09-11T12:08:04.173Z"
"Endura 6-Panel Short II","Endura","","","","Clothing","Shorts","Unspecified","Unspecified","3XL","clothing:3xl","3XL","Color: Black, Size: 3XL","black","29.99","60","https://bikecloset.com/product/endura-6-panel-short-ii/?attribute_pa_color=black&attribute_pa_size=3xl","5055939901305","1750300","1750289","2026-09-11T12:08:04.173Z"
"Endura 6-Panel Short II","Endura","","","","Clothing","Shorts","Unspecified","Unspecified","2XL","clothing:2xl","2XL","Color: Black, Size: 2XL","black","29.99","60","https://bikecloset.com/product/endura-6-panel-short-ii/?attribute_pa_color=black&attribute_pa_size=2xl","5055205398297","1750298","1750289","2026-09-11T12:08:04.173Z"
"Endura 6-Panel Short II","Endura","","","","Clothing","Shorts","Unspecified","Unspecified","XL","clothing:xl","XL","Color: Black, Size: XL","black","29.99","60","https://bikecloset.com/product/endura-6-panel-short-ii/?attribute_pa_color=black&attribute_pa_size=xl","5055205398280","1750296","1750289","2026-09-11T12:08:04.173Z"
"Endura 6-Panel Short II","Endura","","","","Clothing","Shorts","Unspecified","Unspecified","L","clothing:l","L","Color: Black, Size: L","black","29.99","60","https://bikecloset.com/product/endura-6-panel-short-ii/?attribute_pa_color=black&attribute_pa_size=l","5055205398273","1750294","1750289","2026-09-11T12:08:04.173Z"
"Endura 6-Panel Short II","Endura","","","","Clothing","Shorts","Unspecified","Unspecified","M","clothing:m","M","Color: Black, Size: M","black","29.99","60","https://bikecloset.com/product/endura-6-panel-short-ii/?attribute_pa_color=black&attribute_pa_size=m","5055205398266","1750292","1750289","2026-09-11T12:08:04.173Z"
"Endura Floral Block FS260 Print S/S Jersey","Endura","","","","Clothing","Jerseys","Unspecified","Unspecified","3XL","clothing:3xl","3XL","Color: Black, Size: 3XL","black","49.99","120","https://bikecloset.com/product/endura-floral-block-fs260-print-s-s-jersey/?attribute_pa_color=black&attribute_pa_size=3xl","5056578403809","1750287","1750276","2026-09-11T12:08:04.173Z"
"Endura Floral Block FS260 Print S/S Jersey","Endura","","","","Clothing","Jerseys","Unspecified","Unspecified","2XL","clothing:2xl","2XL","Color: Black, Size: 2XL","black","49.99","120","https://bikecloset.com/product/endura-floral-block-fs260-print-s-s-jersey/?attribute_pa_color=black&attribute_pa_size=2xl","5056578403793","1750285","1750276","2026-09-11T12:08:04.173Z"
"Endura Floral Block FS260 Print S/S Jersey","Endura","","","","Clothing","Jerseys","Unspecified","Unspecified","XL","clothing:xl","XL","Color: Black, Size: XL","black","49.99","120","https://bikecloset.com/product/endura-floral-block-fs260-print-s-s-jersey/?attribute_pa_color=black&attribute_pa_size=xl","5056578403847","1750283","1750276","2026-09-11T12:08:04.173Z"
"Endura Floral Block FS260 Print S/S Jersey","Endura","","","","Clothing","Jerseys","Unspecified","Unspecified","S","clothing:s","S","Color: Black, Size: S","black","49.99","120","https://bikecloset.com/product/endura-floral-block-fs260-print-s-s-jersey/?attribute_pa_color=black&attribute_pa_size=s","5056578403830","1750277","1750276","2026-09-11T12:08:04.173Z"
"Endura Bitmap Block FS260 Print S/S Jersey","Endura","","","","Clothing","Jerseys","Unspecified","Unspecified","S","clothing:s","S","Color: Barra Blue, Size: S","barra-blue","49.99","120","https://bikecloset.com/product/endura-bitmap-block-fs260-print-s-s-jersey/?attribute_pa_color=barra-blue&attribute_pa_size=s","5056578403779","1750263","1750262","2026-09-11T12:08:04.173Z"
"Endura Floral Block FS260 Print S/S Jersey","Endura","","","","Clothing","Jerseys","Unspecified","Unspecified","L","clothing:l","L","Color: Black, Size: L","black","49.99","120","https://bikecloset.com/product/endura-floral-block-fs260-print-s-s-jersey/?attribute_pa_color=black&attribute_pa_size=l","5056578403816","1750281","1750276","2026-09-11T12:08:04.173Z"
"Endura Floral Block FS260 Print S/S Jersey","Endura","","","","Clothing","Jerseys","Unspecified","Unspecified","M","clothing:m","M","Color: Black, Size: M","black","49.99","120","https://bikecloset.com/product/endura-floral-block-fs260-print-s-s-jersey/?attribute_pa_color=black&attribute_pa_size=m","5056578403823","1750279","1750276","2026-09-11T12:08:04.173Z"
"Endura Bitmap Block FS260 Print S/S Jersey","Endura","","","","Clothing","Jerseys","Unspecified","Unspecified","3XL","clothing:3xl","3XL","Color: Barra Blue, Size: 3XL","barra-blue","49.99","120","https://bikecloset.com/product/endura-bitmap-block-fs260-print-s-s-jersey/?attribute_pa_color=barra-blue&attribute_pa_size=3xl","5056578403748","1750274","1750262","2026-09-11T12:08:04.173Z"
"Endura Bitmap Block FS260 Print S/S Jersey","Endura","","","","Clothing","Jerseys","Unspecified","Unspecified","2XL","clothing:2xl","2XL","Color: Barra Blue, Size: 2XL","barra-blue","49.99","120","https://bikecloset.com/product/endura-bitmap-block-fs260-print-s-s-jersey/?attribute_pa_color=barra-blue&attribute_pa_size=2xl","5056578403731","1750272","1750262","2026-09-11T12:08:04.173Z"
"Endura Bitmap Block FS260 Print S/S Jersey","Endura","","","","Clothing","Jerseys","Unspecified","Unspecified","XL","clothing:xl","XL","Color: Barra Blue, Size: XL","barra-blue","49.99","120","https://bikecloset.com/product/endura-bitmap-block-fs260-print-s-s-jersey/?attribute_pa_color=barra-blue&attribute_pa_size=xl","5056578403786","1750270","1750262","2026-09-11T12:08:04.173Z"
"Endura Bitmap Block FS260 Print S/S Jersey","Endura","","","","Clothing","Jerseys","Unspecified","Unspecified","L","clothing:l","L","Color: Barra Blue, Size: L","barra-blue","49.99","120","https://bikecloset.com/product/endura-bitmap-block-fs260-print-s-s-jersey/?attribute_pa_color=barra-blue&attribute_pa_size=l","5056578403755","1750268","1750262","2026-09-11T12:08:04.173Z"
"Endura Bitmap Block FS260 Print S/S Jersey","Endura","","","","Clothing","Jerseys","Unspecified","Unspecified","M","clothing:m","M","Color: Barra Blue, Size: M","barra-blue","49.99","120","https://bikecloset.com/product/endura-bitmap-block-fs260-print-s-s-jersey/?attribute_pa_color=barra-blue&attribute_pa_size=m","5056578403762","1750265","1750262","2026-09-11T12:08:04.173Z"
"Endura FS260 S/S Jersey","Endura","","","","Clothing","Jerseys","Unspecified","Unspecified","2XL","clothing:2xl","2XL Standard Fit","Color: Hi-Viz Blue, Size: 2XL Standard Fit","hi-viz-blue","49.99","120","https://bikecloset.com/product/endura-fs260-s-s-jersey-2/?attribute_pa_color=hi-viz-blue&attribute_pa_size=2xl-standard-fit","5056286949644","1750243","1750220","2026-09-11T12:08:04.173Z"
"Endura FS260 S/S Jersey","Endura","","","","Clothing","Jerseys","Unspecified","Unspecified","XL","clothing:xl","XL Standard Fit","Color: Hi-Viz Blue, Size: XL Standard Fit","hi-viz-blue","49.99","120","https://bikecloset.com/product/endura-fs260-s-s-jersey-2/?attribute_pa_color=hi-viz-blue&attribute_pa_size=xl-standard-fit","5056286949637","1750239","1750220","2026-09-11T12:08:04.173Z"
"Endura FS260 S/S Jersey","Endura","","","","Clothing","Jerseys","Unspecified","Unspecified","XS","clothing:xs","XS Relaxed Fit","Color: Hi-Viz Blue, Size: XS Relaxed Fit","hi-viz-blue","49.99","120","https://bikecloset.com/product/endura-fs260-s-s-jersey-2/?attribute_pa_color=hi-viz-blue&attribute_pa_size=xs-relaxed-fit","5056286949651","1750221","1750220","2026-09-11T12:08:04.173Z"
"Endura FS260 S/S Jersey","Endura","","","","Clothing","Jerseys","Unspecified","Unspecified","L","clothing:l","L Standard Fit","Color: Hi-Viz Blue, Size: L Standard Fit","hi-viz-blue","49.99","120","https://bikecloset.com/product/endura-fs260-s-s-jersey-2/?attribute_pa_color=hi-viz-blue&attribute_pa_size=l-standard-fit","5056286949620","1750235","1750220","2026-09-11T12:08:04.173Z"
"Endura FS260 S/S Jersey","Endura","","","","Clothing","Jerseys","Unspecified","Unspecified","L","clothing:l","L Relaxed Fit","Color: Hi-Viz Blue, Size: L Relaxed Fit","hi-viz-blue","49.99","120","https://bikecloset.com/product/endura-fs260-s-s-jersey-2/?attribute_pa_color=hi-viz-blue&attribute_pa_size=l-relaxed-fit","5056286949682","1750233","1750220","2026-09-11T12:08:04.173Z"
"Endura FS260 S/S Jersey","Endura","","","","Clothing","Jerseys","Unspecified","Unspecified","M","clothing:m","M Standard Fit","Color: Hi-Viz Blue, Size: M Standard Fit","hi-viz-blue","49.99","120","https://bikecloset.com/product/endura-fs260-s-s-jersey-2/?attribute_pa_color=hi-viz-blue&attribute_pa_size=m-standard-fit","5056286949613","1750231","1750220","2026-09-11T12:08:04.173Z"
"Endura FS260 S/S Jersey","Endura","","","","Clothing","Jerseys","Unspecified","Unspecified","M","clothing:m","M Relaxed Fit","Color: Hi-Viz Blue, Size: M Relaxed Fit","hi-viz-blue","49.99","120","https://bikecloset.com/product/endura-fs260-s-s-jersey-2/?attribute_pa_color=hi-viz-blue&attribute_pa_size=m-relaxed-fit","5056286949675","1750229","1750220","2026-09-11T12:08:04.173Z"
"Endura FS260 S/S Jersey","Endura","","","","Clothing","Jerseys","Unspecified","Unspecified","S","clothing:s","S Standard Fit","Color: Hi-Viz Blue, Size: S Standard Fit","hi-viz-blue","49.99","120","https://bikecloset.com/product/endura-fs260-s-s-jersey-2/?attribute_pa_color=hi-viz-blue&attribute_pa_size=s-standard-fit","5056286949606","1750227","1750220","2026-09-11T12:08:04.173Z"
"Endura FS260 S/S Jersey","Endura","","","","Clothing","Jerseys","Unspecified","Unspecified","S","clothing:s","S Relaxed Fit","Color: Hi-Viz Blue, Size: S Relaxed Fit","hi-viz-blue","49.99","120","https://bikecloset.com/product/endura-fs260-s-s-jersey-2/?attribute_pa_color=hi-viz-blue&attribute_pa_size=s-relaxed-fit","5056286949668","1750225","1750220","2026-09-11T12:08:04.173Z"
"Endura Pro SL Race Jersey","Endura","","","","Clothing","Jerseys","Unspecified","Unspecified","2XL","clothing:2xl","2XL","Color: Haar Grey, Size: 2XL","haar-grey","39.99","140","https://bikecloset.com/product/endura-pro-sl-race-jersey-2/?attribute_pa_color=haar-grey&attribute_pa_size=2xl","5056578403632","1750212","1750181","2026-09-11T12:08:04.173Z"
"Endura Pro SL Race Jersey","Endura","","","","Clothing","Jerseys","Unspecified","Unspecified","M","clothing:m","M","Color: Haar Grey, Size: M","haar-grey","39.99","140","https://bikecloset.com/product/endura-pro-sl-race-jersey-2/?attribute_pa_color=haar-grey&attribute_pa_size=m","5056578403656","1750206","1750181","2026-09-11T12:08:04.173Z"
"Endura Pro SL Race Jersey","Endura","","","","Clothing","Jerseys","Unspecified","Unspecified","2XL","clothing:2xl","2XL","Color: Baltic, Size: 2XL","baltic","39.99","140","https://bikecloset.com/product/endura-pro-sl-race-jersey-2/?attribute_pa_color=baltic&attribute_pa_size=2xl","5056578403588","1750202","1750181","2026-09-11T12:08:04.173Z"
"Endura Pro SL Race Jersey","Endura","","","","Clothing","Jerseys","Unspecified","Unspecified","XL","clothing:xl","XL","Color: Baltic, Size: XL","baltic","39.99","140","https://bikecloset.com/product/endura-pro-sl-race-jersey-2/?attribute_pa_color=baltic&attribute_pa_size=xl","5056578403625","1750200","1750181","2026-09-11T12:08:04.173Z"
"Endura Pro SL Race Jersey","Endura","","","","Clothing","Jerseys","Unspecified","Unspecified","XS","clothing:xs","XS","Color: Ink Blue, Size: XS","ink-blue","39.99","140","https://bikecloset.com/product/endura-pro-sl-race-jersey-2/?attribute_pa_color=ink-blue&attribute_pa_size=xs","5056286963480","1750182","1750181","2026-09-11T12:08:04.173Z"
"Endura Deluge Glove","Endura","","","","Clothing","Gloves","Unspecified","Unspecified","2XL","clothing:2xl","2XL","Color: Hi-Viz Yellow, Size: 2XL","hi-viz-yellow","34.99","70","https://bikecloset.com/product/endura-deluge-glove-2/?attribute_pa_color=hi-viz-yellow&attribute_pa_size=2xl","5055939988214","1750179","1750156","2026-09-11T12:08:04.173Z"
"Endura Deluge Glove","Endura","","","","Clothing","Gloves","Unspecified","Unspecified","XL","clothing:xl","XL","Color: Hi-Viz Yellow, Size: XL","hi-viz-yellow","34.99","70","https://bikecloset.com/product/endura-deluge-glove-2/?attribute_pa_color=hi-viz-yellow&attribute_pa_size=xl","5055939988207","1750177","1750156","2026-09-11T12:08:04.173Z"
"Endura Deluge Glove","Endura","","","","Clothing","Gloves","Unspecified","Unspecified","L","clothing:l","L","Color: Hi-Viz Yellow, Size: L","hi-viz-yellow","34.99","70","https://bikecloset.com/product/endura-deluge-glove-2/?attribute_pa_color=hi-viz-yellow&attribute_pa_size=l","5055939988191","1750175","1750156","2026-09-11T12:08:04.173Z"
"Endura Deluge Glove","Endura","","","","Clothing","Gloves","Unspecified","Unspecified","M","clothing:m","M","Color: Hi-Viz Yellow, Size: M","hi-viz-yellow","34.99","70","https://bikecloset.com/product/endura-deluge-glove-2/?attribute_pa_color=hi-viz-yellow&attribute_pa_size=m","5055939988184","1750173","1750156","2026-09-11T12:08:04.173Z"
"Endura Deluge Glove","Endura","","","","Clothing","Gloves","Unspecified","Unspecified","S","clothing:s","S","Color: Hi-Viz Yellow, Size: S","hi-viz-yellow","34.99","70","https://bikecloset.com/product/endura-deluge-glove-2/?attribute_pa_color=hi-viz-yellow&attribute_pa_size=s","5055939988177","1750171","1750156","2026-09-11T12:08:04.173Z"
"Endura Deluge Glove","Endura","","","","Clothing","Gloves","Unspecified","Unspecified","XS","clothing:xs","XS","Color: Hi-Viz Yellow, Size: XS","hi-viz-yellow","34.99","70","https://bikecloset.com/product/endura-deluge-glove-2/?attribute_pa_color=hi-viz-yellow&attribute_pa_size=xs","5055939988160","1750169","1750156","2026-09-11T12:08:04.173Z"
"Endura Deluge Glove","Endura","","","","Clothing","Gloves","Unspecified","Unspecified","2XL","clothing:2xl","2XL","Color: Black, Size: 2XL","black","34.99","70","https://bikecloset.com/product/endura-deluge-glove-2/?attribute_pa_color=black&attribute_pa_size=2xl","5055939988092","1750167","1750156","2026-09-11T12:08:04.173Z"
"Endura Deluge Glove","Endura","","","","Clothing","Gloves","Unspecified","Unspecified","XL","clothing:xl","XL","Color: Black, Size: XL","black","34.99","70","https://bikecloset.com/product/endura-deluge-glove-2/?attribute_pa_color=black&attribute_pa_size=xl","5055939988085","1750165","1750156","2026-09-11T12:08:04.173Z"
"Endura Deluge Glove","Endura","","","","Clothing","Gloves","Unspecified","Unspecified","L","clothing:l","L","Color: Black, Size: L","black","34.99","70","https://bikecloset.com/product/endura-deluge-glove-2/?attribute_pa_color=black&attribute_pa_size=l","5055939988078","1750163","1750156","2026-09-11T12:08:04.173Z"
"Endura Deluge Glove","Endura","","","","Clothing","Gloves","Unspecified","Unspecified","M","clothing:m","M","Color: Black, Size: M","black","34.99","70","https://bikecloset.com/product/endura-deluge-glove-2/?attribute_pa_color=black&attribute_pa_size=m","5055939988061","1750161","1750156","2026-09-11T12:08:04.173Z"
"Endura Deluge Glove","Endura","","","","Clothing","Gloves","Unspecified","Unspecified","S","clothing:s","S","Color: Black, Size: S","black","34.99","70","https://bikecloset.com/product/endura-deluge-glove-2/?attribute_pa_color=black&attribute_pa_size=s","5055939988054","1750159","1750156","2026-09-11T12:08:04.173Z"
"Endura Deluge Glove","Endura","","","","Clothing","Gloves","Unspecified","Unspecified","XS","clothing:xs","XS","Color: Black, Size: XS","black","34.99","70","https://bikecloset.com/product/endura-deluge-glove-2/?attribute_pa_color=black&attribute_pa_size=xs","5055939988047","1750157","1750156","2026-09-11T12:08:04.173Z"
"Endura Peak Sock","Endura","","","","Clothing","Socks","Unspecified","Unspecified","S/M","socks:s | socks:m","S-M","Color: Tweed Green, Size: S-M","tweed-green","9.99","25","https://bikecloset.com/product/endura-peak-sock/?attribute_pa_color=tweed-green&attribute_pa_size=s-m","5056578402796","1750113","1750112","2026-09-11T12:08:04.173Z"
"Endura Grid Floral LTD Print Sock","Endura","","","","Clothing","Socks","Unspecified","Unspecified","L/XL","socks:l | socks:xl","L-XL","Color: Mains Grey, Size: L-XL","mains-grey","9.99","30","https://bikecloset.com/product/endura-grid-floral-ltd-print-sock/?attribute_pa_color=mains-grey&attribute_pa_size=l-xl","5056578409078","1750154","1750147","2026-09-11T12:08:04.173Z"
"Endura Grid Floral LTD Print Sock","Endura","","","","Clothing","Socks","Unspecified","Unspecified","S/M","socks:s | socks:m","S-M","Color: Mains Grey, Size: S-M","mains-grey","9.99","30","https://bikecloset.com/product/endura-grid-floral-ltd-print-sock/?attribute_pa_color=mains-grey&attribute_pa_size=s-m","5056578409085","1750152","1750147","2026-09-11T12:08:04.173Z"
"Endura Pro SL Sock II","Endura","","","","Clothing","Socks","Unspecified","Unspecified","S/M","socks:s | socks:m","S-M","Color: Hi-Viz Blue, Size: S-M","hi-viz-blue","9.99","25","https://bikecloset.com/product/endura-pro-sl-sock-ii/?attribute_pa_color=hi-viz-blue&attribute_pa_size=s-m","5055939951829","1750135","1750130","2026-09-11T12:08:04.173Z"
"Endura Block Sock","Endura","","","","Clothing","Socks","Unspecified","Unspecified","S/M","socks:s | socks:m","S-M","Color: Tweed Green, Size: S-M","tweed-green","9.99","25","https://bikecloset.com/product/endura-block-sock/?attribute_pa_color=tweed-green&attribute_pa_size=s-m","5056578402857","1750126","1750117","2026-09-11T12:08:04.173Z"
"Endura Peak Sock","Endura","","","","Clothing","Socks","Unspecified","Unspecified","L/XL","socks:l | socks:xl","L-XL","Color: Tweed Green, Size: L-XL","tweed-green","9.99","25","https://bikecloset.com/product/endura-peak-sock/?attribute_pa_color=tweed-green&attribute_pa_size=l-xl","5056578402789","1750115","1750112","2026-09-11T12:08:04.173Z"
"POC Cytal Lite","POC","","","","Footwear & protection","Helmets","","","M","helmets:m","MED","Color: Uranium Black Matt, Size: MED","uranium-black-matt","420","420","https://bikecloset.com/product/cytal-lite-cpsc/?attribute_pa_color=uranium-black-matt&attribute_pa_size=med","7325549837348","1749525","1735716","2026-09-11T12:08:04.173Z"
"POC Cytal Lite","POC","","","","Footwear & protection","Helmets","","","L","helmets:l","LRG","Color: Uranium Black Matt, Size: LRG","uranium-black-matt","420","420","https://bikecloset.com/product/cytal-lite-cpsc/?attribute_pa_color=uranium-black-matt&attribute_pa_size=lrg","7325549837331","1749524","1735716","2026-09-11T12:08:04.173Z"
"Time ADHX Carbon Disc Frameset Siva Grey","Time","","","","Components","Framesets","","","XL","framesets:xl","XL","Color: V27 Siva Gray, Size: XL","v27-siva-gray","1499","4000","https://bikecloset.com/product/time-adhx-carbon-disc-frameset-2/?attribute_pa_color=v27-siva-gray&attribute_pa_size=xl","","1749518","1749513","2026-09-11T12:08:04.173Z"
"Time ADHX Carbon Disc Frameset Siva Grey","Time","","","","Components","Framesets","","","L","framesets:l","L","Color: V27 Siva Gray, Size: L","v27-siva-gray","1499","4000","https://bikecloset.com/product/time-adhx-carbon-disc-frameset-2/?attribute_pa_color=v27-siva-gray&attribute_pa_size=l","","1749517","1749513","2026-09-11T12:08:04.173Z"
"Time ADHX Carbon Disc Frameset Siva Grey","Time","","","","Components","Framesets","","","S","framesets:s","S","Color: V27 Siva Gray, Size: S","v27-siva-gray","1499","4000","https://bikecloset.com/product/time-adhx-carbon-disc-frameset-2/?attribute_pa_color=v27-siva-gray&attribute_pa_size=s","","1749515","1749513","2026-09-11T12:08:04.173Z"
"Time ADHX Carbon Disc Frameset Siva Grey","Time","","","","Components","Framesets","","","XS","framesets:xs","XS","Color: V27 Siva Gray, Size: XS","v27-siva-gray","1499","4000","https://bikecloset.com/product/time-adhx-carbon-disc-frameset-2/?attribute_pa_color=v27-siva-gray&attribute_pa_size=xs","","1749514","1749513","2026-09-11T12:08:04.173Z"
"Time ADH ALPE D’HUEZ Carbon Disc Frameset","Time","","","","Components","Framesets","","","XL","framesets:xl","XL","Color: V26 Gloss Red, Size: XL","v26-gloss-red","1499","4000","https://bikecloset.com/product/time-adh-alpe-dhuez-carbon-disc-frameset/?attribute_pa_color=v26-gloss-red&attribute_pa_size=xl","","1749511","1748595","2026-09-11T12:08:04.173Z"
"Time ADH ALPE D’HUEZ Carbon Disc Frameset","Time","","","","Components","Framesets","","","M","framesets:m","M","Color: V26 Gloss Red, Size: M","v26-gloss-red","1499","4000","https://bikecloset.com/product/time-adh-alpe-dhuez-carbon-disc-frameset/?attribute_pa_color=v26-gloss-red&attribute_pa_size=m","","1749510","1748595","2026-09-11T12:08:04.173Z"
"Time ADH ALPE D’HUEZ Carbon Disc Frameset","Time","","","","Components","Framesets","","","S","framesets:s","S","Color: V26 Gloss Red, Size: S","v26-gloss-red","1499","4000","https://bikecloset.com/product/time-adh-alpe-dhuez-carbon-disc-frameset/?attribute_pa_color=v26-gloss-red&attribute_pa_size=s","","1749509","1748595","2026-09-11T12:08:04.173Z"
"Time ADH ALPE D’HUEZ Carbon Disc Frameset","Time","","","","Components","Framesets","","","XS","framesets:xs","XS","Color: V26 Gloss Red, Size: XS","v26-gloss-red","1499","4000","https://bikecloset.com/product/time-adh-alpe-dhuez-carbon-disc-frameset/?attribute_pa_color=v26-gloss-red&attribute_pa_size=xs","","1749508","1748595","2026-09-11T12:08:04.173Z"
"Time ADHX Carbon Disc Frameset Silver","Time","","","","Components","Framesets","","","XL","framesets:xl","XL","Color: V43 Brilliant Silver, Size: XL","v43-brilliant-silver","1499","4000","https://bikecloset.com/product/time-adhx-carbon-disc-frameset/?attribute_pa_color=v43-brilliant-silver&attribute_pa_size=xl","","1749196","1749191","2026-09-11T12:08:04.173Z"
"Time ADHX Carbon Disc Frameset Silver","Time","","","","Components","Framesets","","","L","framesets:l","L","Color: V43 Brilliant Silver, Size: L","v43-brilliant-silver","1499","4000","https://bikecloset.com/product/time-adhx-carbon-disc-frameset/?attribute_pa_color=v43-brilliant-silver&attribute_pa_size=l","","1749195","1749191","2026-09-11T12:08:04.173Z"
"Time ADHX Carbon Disc Frameset Silver","Time","","","","Components","Framesets","","","S","framesets:s","S","Color: V43 Brilliant Silver, Size: S","v43-brilliant-silver","1499","4000","https://bikecloset.com/product/time-adhx-carbon-disc-frameset/?attribute_pa_color=v43-brilliant-silver&attribute_pa_size=s","","1749193","1749191","2026-09-11T12:08:04.173Z"
"Time ADHX Carbon Disc Frameset Silver","Time","","","","Components","Framesets","","","XS","framesets:xs","XS","Color: V43 Brilliant Silver, Size: XS","v43-brilliant-silver","1499","4000","https://bikecloset.com/product/time-adhx-carbon-disc-frameset/?attribute_pa_color=v43-brilliant-silver&attribute_pa_size=xs","","1749192","1749191","2026-09-11T12:08:04.173Z"
"Time ADH ALPE D’HUEZ Carbon Disc Frameset","Time","","","","Components","Framesets","","","XS","framesets:xs","XS","Color: v15 Gloss White, Size: XS","v15-gloss-white","1499","4000","https://bikecloset.com/product/time-adh-alpe-dhuez-carbon-disc-frameset/?attribute_pa_color=v15-gloss-white&attribute_pa_size=xs","","1748946","1748595","2026-09-11T12:08:04.173Z"
"Time ADH ALPE D’HUEZ Carbon Disc Frameset","Time","","","","Components","Framesets","","","S","framesets:s","S","Color: v15 Gloss White, Size: S","v15-gloss-white","1499","4000","https://bikecloset.com/product/time-adh-alpe-dhuez-carbon-disc-frameset/?attribute_pa_color=v15-gloss-white&attribute_pa_size=s","","1748945","1748595","2026-09-11T12:08:04.173Z"
"Time ADH ALPE D’HUEZ Carbon Disc Frameset","Time","","","","Components","Framesets","","","M","framesets:m","M","Color: v15 Gloss White, Size: M","v15-gloss-white","1499","4000","https://bikecloset.com/product/time-adh-alpe-dhuez-carbon-disc-frameset/?attribute_pa_color=v15-gloss-white&attribute_pa_size=m","","1748944","1748595","2026-09-11T12:08:04.173Z"
"Time ADH ALPE D’HUEZ Carbon Disc Frameset","Time","","","","Components","Framesets","","","L","framesets:l","L","Color: v15 Gloss White, Size: L","v15-gloss-white","1499","4000","https://bikecloset.com/product/time-adh-alpe-dhuez-carbon-disc-frameset/?attribute_pa_color=v15-gloss-white&attribute_pa_size=l","","1748943","1748595","2026-09-11T12:08:04.173Z"
"Time ADH ALPE D’HUEZ Carbon Disc Frameset","Time","","","","Components","Framesets","","","XL","framesets:xl","XL","Color: v15 Gloss White, Size: XL","v15-gloss-white","1499","4000","https://bikecloset.com/product/time-adh-alpe-dhuez-carbon-disc-frameset/?attribute_pa_color=v15-gloss-white&attribute_pa_size=xl","","1748942","1748595","2026-09-11T12:08:04.173Z"
"Time ADH ALPE D’HUEZ Carbon Disc Frameset","Time","","","","Components","Framesets","","","XL","framesets:xl","XL","Color: V21 Gloss Black/White Graphic, Size: XL","v21-gloss-black-white-graphic","1499","4000","https://bikecloset.com/product/time-adh-alpe-dhuez-carbon-disc-frameset/?attribute_pa_color=v21-gloss-black-white-graphic&attribute_pa_size=xl","","1748605","1748595","2026-09-11T12:08:04.173Z"
"Time ADH ALPE D’HUEZ Carbon Disc Frameset","Time","","","","Components","Framesets","","","L","framesets:l","L","Color: V21 Gloss Black/White Graphic, Size: L","v21-gloss-black-white-graphic","1499","4000","https://bikecloset.com/product/time-adh-alpe-dhuez-carbon-disc-frameset/?attribute_pa_color=v21-gloss-black-white-graphic&attribute_pa_size=l","","1748604","1748595","2026-09-11T12:08:04.173Z"
"Time ADH ALPE D’HUEZ Carbon Disc Frameset","Time","","","","Components","Framesets","","","S","framesets:s","S","Color: V21 Gloss Black/White Graphic, Size: S","v21-gloss-black-white-graphic","1499","4000","https://bikecloset.com/product/time-adh-alpe-dhuez-carbon-disc-frameset/?attribute_pa_color=v21-gloss-black-white-graphic&attribute_pa_size=s","","1748602","1748595","2026-09-11T12:08:04.173Z"
"Time ADH ALPE D’HUEZ Carbon Disc Frameset","Time","","","","Components","Framesets","","","XS","framesets:xs","XS","Color: V21 Gloss Black/White Graphic, Size: XS","v21-gloss-black-white-graphic","1499","4000","https://bikecloset.com/product/time-adh-alpe-dhuez-carbon-disc-frameset/?attribute_pa_color=v21-gloss-black-white-graphic&attribute_pa_size=xs","","1748601","1748595","2026-09-11T12:08:04.173Z"
"Time ADH ALPE D’HUEZ Carbon Disc Frameset","Time","","","","Components","Framesets","","","XL","framesets:xl","XL","Color: V47 Brilliant Silver, Size: XL","v47-brilliant-silver","1499","4000","https://bikecloset.com/product/time-adh-alpe-dhuez-carbon-disc-frameset/?attribute_pa_color=v47-brilliant-silver&attribute_pa_size=xl","","1748600","1748595","2026-09-11T12:08:04.173Z"
"Time ADH ALPE D’HUEZ Carbon Disc Frameset","Time","","","","Components","Framesets","","","XS","framesets:xs","XS","Color: V47 Brilliant Silver, Size: XS","v47-brilliant-silver","1499","4000","https://bikecloset.com/product/time-adh-alpe-dhuez-carbon-disc-frameset/?attribute_pa_color=v47-brilliant-silver&attribute_pa_size=xs","","1748596","1748595","2026-09-11T12:08:04.173Z"
"Assos MILLE GTS Bib Shorts S11 Black Series","Assos","","","","Clothing","Bib shorts","Unspecified","Unspecified","XL","clothing:xl","XL","Size: XL","","280","280","https://bikecloset.com/product/assos-mille-gts-bib-shorts-s11-black-series/?attribute_pa_size=xl","7627776019888","1748106","1748102","2026-09-11T12:08:04.173Z"
"Assos MILLE GTS Bib Shorts S11 Black Series","Assos","","","","Clothing","Bib shorts","Unspecified","Unspecified","S","clothing:s","S","Size: S","","280","280","https://bikecloset.com/product/assos-mille-gts-bib-shorts-s11-black-series/?attribute_pa_size=s","7627776019857","1748105","1748102","2026-09-11T12:08:04.173Z"
"Assos EQUIPE R Bib Shorts S11 Colors","Assos","","","","Clothing","Bib shorts","Unspecified","Unspecified","XS","clothing:xs","XS","Color: Edge Green, Size: XS","edge-green","230","230","https://bikecloset.com/product/equipe-r-bib-shorts-s11-1/?attribute_pa_color=edge-green&attribute_pa_size=xs","7627776021997","1748095","1745207","2026-09-11T12:08:04.173Z"
"Pirelli P ZERO Race TLR SL 700c","Pirelli","","","","Wheels & tires","Tires","","","700 × 28 mm","tires:700 × 28 mm","28","Size: 28","","59.99","98.9","https://bikecloset.com/product/pirelli-p-zero-race-tlr-sl-700c/?attribute_pa_size=28","8019227392784","1747191","1747190","2026-09-11T12:08:04.173Z"
"Pirelli P ZERO Race TLR SL 700c","Pirelli","","","","Wheels & tires","Tires","","","700 × 32 mm","tires:700 × 32 mm","32","Size: 32","","59.99","98.9","https://bikecloset.com/product/pirelli-p-zero-race-tlr-sl-700c/?attribute_pa_size=32","8019227452860","1747193","1747190","2026-09-11T12:08:04.173Z"
"Abus Viantor Mips","Abus","","","","Footwear & protection","Helmets","","","S","helmets:s","S","Color: Shrimp Orange, Size: S","shrimp-orange","32.99","140","https://bikecloset.com/product/abus-viantor-mips/?attribute_pa_color=shrimp-orange&attribute_pa_size=s","4003318634499","1746741","1659651","2026-09-11T12:08:04.173Z"
"Abus Viantor Helmet","Abus","","","","Footwear & protection","Helmets","","","S","helmets:s","S","Color: Velvet Black, Size: S","velvet-black","29.99","100","https://bikecloset.com/product/abus-viantor-helmet/?attribute_pa_color=velvet-black&attribute_pa_size=s","4003318849732","1746718","1746717","2026-09-11T12:08:04.173Z"
"Abus Viantor Helmet","Abus","","","","Footwear & protection","Helmets","","","L","helmets:l","L","Color: Steel Blue, Size: L","steel-blue","34.99","100","https://bikecloset.com/product/abus-viantor-helmet/?attribute_pa_color=steel-blue&attribute_pa_size=l","4003318849817","1746729","1746717","2026-09-11T12:08:04.173Z"
"Abus Viantor Helmet","Abus","","","","Footwear & protection","Helmets","","","M","helmets:m","M","Color: Polar White, Size: M","polar-white","34.99","100","https://bikecloset.com/product/abus-viantor-helmet/?attribute_pa_color=polar-white&attribute_pa_size=m","4003318849831","1746725","1746717","2026-09-11T12:08:04.173Z"
"Abus Viantor Helmet","Abus","","","","Footwear & protection","Helmets","","","M","helmets:m","M","Color: Gleam Silver, Size: M","gleam-silver","34.99","100","https://bikecloset.com/product/abus-viantor-helmet/?attribute_pa_color=gleam-silver&attribute_pa_size=m","4003318849770","1746722","1746717","2026-09-11T12:08:04.173Z"
"Abus Viantor Helmet","Abus","","","","Footwear & protection","Helmets","","","M","helmets:m","M","Color: Velvet Black, Size: M","velvet-black","34.99","100","https://bikecloset.com/product/abus-viantor-helmet/?attribute_pa_color=velvet-black&attribute_pa_size=m","4003318849749","1746719","1746717","2026-09-11T12:08:04.173Z"
"POC Essential Print Sock Long","POC","","","","Clothing","Socks","Unspecified","Unspecified","S","socks:s","SML","Color: Gradient Sapphire Purple, Size: SML","gradient-sapphire-purple","14.99","30","https://bikecloset.com/product/1essential-print-sock-long/?attribute_pa_color=gradient-sapphire-purple&attribute_pa_size=sml","7325549938472","1746669","1746665","2026-09-11T12:08:04.173Z"
"POC Essential Print Sock Long","POC","","","","Clothing","Socks","Unspecified","Unspecified","S","socks:s","SML","Color: Gradient Garnet Red, Size: SML","gradient-garnet-red","14.99","30","https://bikecloset.com/product/1essential-print-sock-long/?attribute_pa_color=gradient-garnet-red&attribute_pa_size=sml","7325549938298","1746667","1746665","2026-09-11T12:08:04.173Z"
"POC Essential Enduro Shorts","POC","","","","Clothing","Shorts","Unspecified","Mountain / trail","S","clothing:s","SML","Color: Jasper Brown, Size: SML","jasper-brown","39.99","120","https://bikecloset.com/product/1essential-enduro-shorts/?attribute_pa_color=jasper-brown&attribute_pa_size=sml","7325549898110","1746664","1746657","2026-09-11T12:08:04.173Z"
"POC Essential Enduro Shorts","POC","","","","Clothing","Shorts","Unspecified","Mountain / trail","XS","clothing:xs","XSM","Color: epidote green, Size: XSM","epidote-green","39.99","120","https://bikecloset.com/product/1essential-enduro-shorts/?attribute_pa_color=epidote-green&attribute_pa_size=xsm","7325549937659","1746662","1746657","2026-09-11T12:08:04.173Z"
"POC Essential Enduro Shorts","POC","","","","Clothing","Shorts","Unspecified","Mountain / trail","L","clothing:l","LRG","Color: epidote green, Size: LRG","epidote-green","39.99","120","https://bikecloset.com/product/1essential-enduro-shorts/?attribute_pa_color=epidote-green&attribute_pa_size=lrg","7325549937604","1746658","1746657","2026-09-11T12:08:04.173Z"
"POC Resistance Enduro Glove","POC","","","","Clothing","Gloves","Unspecified","Mountain / trail","L","clothing:l","LRG","Color: Axinite Brown, Size: LRG","axinite-brown","17.99","60","https://bikecloset.com/product/1resistance-enduro-glove/?attribute_pa_color=axinite-brown&attribute_pa_size=lrg","7325549932456","1746647","1746646","2026-09-11T12:08:04.173Z"
"POC Ventral Lite","POC","","","","Footwear & protection","Helmets","","","L","helmets:l","LRG","Color: Granite Grey Matt, Size: LRG","granite-grey-matt","149.99","300","https://bikecloset.com/product/1ventral-lite-cpsc/?attribute_pa_color=granite-grey-matt&attribute_pa_size=lrg","7325549956261","1746639","1746638","2026-09-11T12:08:04.173Z"
"POC Essential Enduro Shorts","POC","","","","Clothing","Shorts","Unspecified","Mountain / trail","XL","clothing:xl","XLG","Color: epidote green, Size: XLG","epidote-green","39.99","120","https://bikecloset.com/product/1essential-enduro-shorts/?attribute_pa_color=epidote-green&attribute_pa_size=xlg","7325549937642","1746661","1746657","2026-09-11T12:08:04.173Z"
"POC Essential Enduro Shorts","POC","","","","Clothing","Shorts","Unspecified","Mountain / trail","S","clothing:s","SML","Color: epidote green, Size: SML","epidote-green","39.99","120","https://bikecloset.com/product/1essential-enduro-shorts/?attribute_pa_color=epidote-green&attribute_pa_size=sml","7325549937628","1746660","1746657","2026-09-11T12:08:04.173Z"
"POC Essential Enduro Shorts","POC","","","","Clothing","Shorts","Unspecified","Mountain / trail","M","clothing:m","MED","Color: epidote green, Size: MED","epidote-green","39.99","120","https://bikecloset.com/product/1essential-enduro-shorts/?attribute_pa_color=epidote-green&attribute_pa_size=med","7325549937611","1746659","1746657","2026-09-11T12:08:04.173Z"
"POC Resistance Enduro Glove","POC","","","","Clothing","Gloves","Unspecified","Mountain / trail","XL","clothing:xl","XLG","Color: Axinite Brown, Size: XLG","axinite-brown","17.99","60","https://bikecloset.com/product/1resistance-enduro-glove/?attribute_pa_color=axinite-brown&attribute_pa_size=xlg","7325549932531","1746650","1746646","2026-09-11T12:08:04.173Z"
"POC Resistance Enduro Glove","POC","","","","Clothing","Gloves","Unspecified","Mountain / trail","S","clothing:s","SML","Color: Axinite Brown, Size: SML","axinite-brown","17.99","60","https://bikecloset.com/product/1resistance-enduro-glove/?attribute_pa_color=axinite-brown&attribute_pa_size=sml","7325549932524","1746649","1746646","2026-09-11T12:08:04.173Z"
"POC Resistance Enduro Glove","POC","","","","Clothing","Gloves","Unspecified","Mountain / trail","M","clothing:m","MED","Color: Axinite Brown, Size: MED","axinite-brown","17.99","60","https://bikecloset.com/product/1resistance-enduro-glove/?attribute_pa_color=axinite-brown&attribute_pa_size=med","7325549932517","1746648","1746646","2026-09-11T12:08:04.173Z"
"POC Ventral Lite","POC","","","","Footwear & protection","Helmets","","","S","helmets:s","SML","Color: Granite Grey Matt, Size: SML","granite-grey-matt","149.99","300","https://bikecloset.com/product/1ventral-lite-cpsc/?attribute_pa_color=granite-grey-matt&attribute_pa_size=sml","7325549956285","1746641","1746638","2026-09-11T12:08:04.173Z"
"POC Ventral Air MIPS NFC","POC","","","","Footwear & protection","Helmets","","","S","helmets:s","SML","Size: SML","","159.99","330","https://bikecloset.com/product/ventral-air-mips-nfc-cpsc/?attribute_pa_size=sml","7325549930582","1745679","1745676","2026-09-11T12:08:04.173Z"
"POC Ventral Air MIPS NFC","POC","","","","Footwear & protection","Helmets","","","M","helmets:m","MED","Size: MED","","159.99","330","https://bikecloset.com/product/ventral-air-mips-nfc-cpsc/?attribute_pa_size=med","7325549930575","1745678","1745676","2026-09-11T12:08:04.173Z"
"Assos EQUIPE R Bib Shorts S11 Colors","Assos","","","","Clothing","Bib shorts","Unspecified","Unspecified","S","clothing:s","S","Color: Edge Green, Size: S","edge-green","230","230","https://bikecloset.com/product/equipe-r-bib-shorts-s11-1/?attribute_pa_color=edge-green&attribute_pa_size=s","7627776021973","1745213","1745207","2026-09-11T12:08:04.173Z"
"Assos EQUIPE R Bib Shorts S11 Colors","Assos","","","","Clothing","Bib shorts","Unspecified","Unspecified","XL","clothing:xl","XL","Color: Secret Blue, Size: XL","secret-blue","230","230","https://bikecloset.com/product/equipe-r-bib-shorts-s11-1/?attribute_pa_color=secret-blue&attribute_pa_size=xl","7627776021911","1745210","1745207","2026-09-11T12:08:04.173Z"
"Assos EQUIPE R Bib Shorts S11 Colors","Assos","","","","Clothing","Bib shorts","Unspecified","Unspecified","S","clothing:s","S","Color: Secret Blue, Size: S","secret-blue","230","230","https://bikecloset.com/product/equipe-r-bib-shorts-s11-1/?attribute_pa_color=secret-blue&attribute_pa_size=s","7627776021904","1745209","1745207","2026-09-11T12:08:04.173Z"
"Louis Garneau women’s neo power art motion 7 shorts","Louis Garneau","","","","Clothing","Shorts","Women's","Unspecified","XL","clothing:xl","XL","Color: Blue Hawaii Flowers, Size: XL","blue-hawaii-flowers","29.99","144.99","https://bikecloset.com/product/1womens-neo-power-art-motion-7-shorts/?attribute_pa_color=blue-hawaii-flowers&attribute_pa_size=xl","690222344473","1745179","1745170","2026-09-11T12:08:04.173Z"
"Louis Garneau women’s neo power art motion 7 shorts","Louis Garneau","","","","Clothing","Shorts","Women's","Unspecified","XL","clothing:xl","XL","Color: Black Flowers, Size: XL","black-flowers","29.99","144.99","https://bikecloset.com/product/1womens-neo-power-art-motion-7-shorts/?attribute_pa_color=black-flowers&attribute_pa_size=xl","690222344428","1745174","1745170","2026-09-11T12:08:04.173Z"
"Louis Garneau women’s neo power art motion 7 shorts","Louis Garneau","","","","Clothing","Shorts","Women's","Unspecified","L","clothing:l","L","Color: Black Flowers, Size: L","black-flowers","29.99","144.99","https://bikecloset.com/product/1womens-neo-power-art-motion-7-shorts/?attribute_pa_color=black-flowers&attribute_pa_size=l","690222344411","1745173","1745170","2026-09-11T12:08:04.173Z"
"Louis Garneau women’s neo power art motion 7 shorts","Louis Garneau","","","","Clothing","Shorts","Women's","Unspecified","M","clothing:m","M","Color: Black Flowers, Size: M","black-flowers","29.99","144.99","https://bikecloset.com/product/1womens-neo-power-art-motion-7-shorts/?attribute_pa_color=black-flowers&attribute_pa_size=m","690222344404","1745172","1745170","2026-09-11T12:08:04.173Z"
"Assos MILLE GT Bib Shorts C2","Assos","","","","Clothing","Bib shorts","Unspecified","Unspecified","XS","clothing:xs","XS","Color: Blackseries, Size: XS","blackseries","129","180","https://bikecloset.com/product/assos-mille-gt-bib-shorts-c2/?attribute_pa_color=blackseries&attribute_pa_size=xs","2220000215862","1744765","1519345","2026-09-11T12:08:04.173Z"
"Fizik X4 Gravel Terra Powerstrap","Fizik","","","","Footwear & protection","Cycling shoes","","","40","shoes:40","40","Color: Mud Caramel, Size: 40","mud-caramel","69.99","169.99","https://bikecloset.com/product/fizik-terra-powerstrap-x4/?attribute_pa_color=mud-caramel&attribute_pa_size=40","8058364078717","1744504","1726402","2026-09-11T12:08:04.173Z"
"Sidi Zero Gore Tex 39 (Final Sale)","Sidi","","","Final sale","Footwear & protection","Cycling shoes","","","39","shoes:39","39","Size: 39","","99","375","https://bikecloset.com/product/sidi-zero-gore-tex/?attribute_pa_size=39","8017732546128","1743431","1743430","2026-09-11T12:08:04.173Z"
"Pirelli Cinturato Velo TLR 700c Folding Tubeless Ready Reflective","Pirelli","","","","Wheels & tires","Tires","","","700 × 28 mm","tires:700 × 28 mm","28mm","Size: 28mm","","49.99","86.9","https://bikecloset.com/product/pirelli-cinturato-velo-tlr-700-folding-tubeless-ready-smartnet-silica-armourtech-reflective/?attribute_size=28mm","8019227404340","1743132","1743130","2026-09-11T12:08:04.173Z"
"Kask Protone Icon","Kask","","","","Footwear & protection","Helmets","","","S","helmets:s","S","Size: S, Color: Red","Red","139","300","https://bikecloset.com/product/kask-protone-icon/?attribute_size=S&attribute_color=Red","8057099242479","1743127","1544862","2026-09-11T12:08:04.173Z"
"Assos MILLE GT Ultraz Winter Bib Tights blackSeries","Assos","","","","Clothing","Tights","Unspecified","Unspecified","ASSOS TIR","clothing:assos tir","TIR","Size: TIR","","99","299","https://bikecloset.com/product/assos-mille-gt-ultraz-winter-bib-tights-blackseries/?attribute_pa_size=tir","2220000171205","1742975","1498125","2026-09-11T12:08:04.173Z"
"Assos EQUIPE RS SCHTRADIVARI Bib Shorts S11","Assos","","","","Clothing","Bib shorts","Unspecified","Unspecified","ASSOS XLG","clothing:assos xlg","XLG","Length: Regular, Size: XLG","","315","315","https://bikecloset.com/product/assos-equipe-rs-schtradivari-bib-shorts-s11/?attribute_pa_length=regular&attribute_pa_size=xlg","7627776010144","1742663","1658352","2026-09-11T12:08:04.173Z"
"KOO DEMOS","KOO","","","","Footwear & protection","Eyewear","","","","","","Color: Black Matt Red","black-matt-red","119","180","https://bikecloset.com/product/koo-demos/?attribute_pa_color=black-matt-red","8057099285957","1738474","1680437","2026-09-11T12:08:04.173Z"
"Assos EQUIPE R HABU Winter Jacket S11","Assos","","","","Clothing","Jackets & rain shells","Unspecified","Unspecified","S","clothing:s","S","Color: Optic Yellow, Size: S","optic-yellow","249","420","https://bikecloset.com/product/assos1-equipe-r-habu-winter-jacket-s11/?attribute_pa_color=optic-yellow&attribute_pa_size=s","7627776013657","1738455","1738446","2026-09-11T12:08:04.173Z"
"Assos MILLE GTO Winter BibTights C2","Assos","","","","Clothing","Tights","Unspecified","Unspecified","L","clothing:l","L","Color: BLACK SERIES, Size: L","black-series","249.99","570","https://bikecloset.com/product/assos1-mille-gto-winter-bib-tights-c2/?attribute_pa_color=black-series&attribute_pa_size=l","2220000203944","1738433","1738432","2026-09-11T12:08:04.173Z"
"Assos EQUIPE R HABU Winter Jacket S11","Assos","","","","Clothing","Jackets & rain shells","Unspecified","Unspecified","M","clothing:m","M","Color: Optic Yellow, Size: M","optic-yellow","249","420","https://bikecloset.com/product/assos1-equipe-r-habu-winter-jacket-s11/?attribute_pa_color=optic-yellow&attribute_pa_size=m","7627776013640","1738454","1738446","2026-09-11T12:08:04.173Z"
"Assos EQUIPE R HABU Winter Jacket S11","Assos","","","","Clothing","Jackets & rain shells","Unspecified","Unspecified","XL","clothing:xl","XL","Color: STONE BLUE, Size: XL","stone-blue","249","420","https://bikecloset.com/product/assos1-equipe-r-habu-winter-jacket-s11/?attribute_pa_color=stone-blue&attribute_pa_size=xl","7627776013558","1738451","1738446","2026-09-11T12:08:04.173Z"
"Assos EQUIPE R HABU Winter Jacket S11","Assos","","","","Clothing","Jackets & rain shells","Unspecified","Unspecified","M","clothing:m","M","Color: STONE BLUE, Size: M","stone-blue","249","420","https://bikecloset.com/product/assos1-equipe-r-habu-winter-jacket-s11/?attribute_pa_color=stone-blue&attribute_pa_size=m","7627776013572","1738448","1738446","2026-09-11T12:08:04.173Z"
"Assos MILLE GTO Winter BibTights C2","Assos","","","","Clothing","Tights","Unspecified","Unspecified","XS","clothing:xs","XS","Color: BLACK SERIES, Size: XS","black-series","249.99","570","https://bikecloset.com/product/assos1-mille-gto-winter-bib-tights-c2/?attribute_pa_color=black-series&attribute_pa_size=xs","2220000203913","1738439","1738432","2026-09-11T12:08:04.173Z"
"Assos MILLE GTO Winter BibTights C2","Assos","","","","Clothing","Tights","Unspecified","Unspecified","ASSOS XLG","clothing:assos xlg","XLG","Color: BLACK SERIES, Size: XLG","black-series","249.99","570","https://bikecloset.com/product/assos1-mille-gto-winter-bib-tights-c2/?attribute_pa_color=black-series&attribute_pa_size=xlg","2220000203968","1738438","1738432","2026-09-11T12:08:04.173Z"
"Assos MILLE GTO Winter BibTights C2","Assos","","","","Clothing","Tights","Unspecified","Unspecified","XL","clothing:xl","XL","Color: BLACK SERIES, Size: XL","black-series","249.99","570","https://bikecloset.com/product/assos1-mille-gto-winter-bib-tights-c2/?attribute_pa_color=black-series&attribute_pa_size=xl","2220000203951","1738437","1738432","2026-09-11T12:08:04.173Z"
"Assos MILLE GTO Winter BibTights C2","Assos","","","","Clothing","Tights","Unspecified","Unspecified","M","clothing:m","M","Color: BLACK SERIES, Size: M","black-series","249.99","570","https://bikecloset.com/product/assos1-mille-gto-winter-bib-tights-c2/?attribute_pa_color=black-series&attribute_pa_size=m","2220000203937","1738434","1738432","2026-09-11T12:08:04.173Z"
"Endura PRO SL BIBSHORT II Regular Length Black","Endura","","","","Clothing","Bib shorts","Unspecified","Unspecified","2XL","clothing:2xl","2XL","Color: Black, Size: 2XL","black","129.99","230","https://bikecloset.com/product/pro-sl-bibshort-rl-ii-bk/?attribute_pa_color=black&attribute_pa_size=2xl","5056286948388","1737034","1737028","2026-09-11T12:08:04.173Z"
"Endura PRO SL BIBSHORT II Regular Length Black","Endura","","","","Clothing","Bib shorts","Unspecified","Unspecified","XL","clothing:xl","XL","Color: Black, Size: XL","black","129.99","230","https://bikecloset.com/product/pro-sl-bibshort-rl-ii-bk/?attribute_pa_color=black&attribute_pa_size=xl","5056286948371","1737033","1737028","2026-09-11T12:08:04.173Z"
"Endura PRO SL BIBSHORT II Regular Length Black","Endura","","","","Clothing","Bib shorts","Unspecified","Unspecified","L","clothing:l","L","Color: Black, Size: L","black","129.99","230","https://bikecloset.com/product/pro-sl-bibshort-rl-ii-bk/?attribute_pa_color=black&attribute_pa_size=l","5056286948364","1737032","1737028","2026-09-11T12:08:04.173Z"
"Endura PRO SL BIBSHORT II Regular Length Black","Endura","","","","Clothing","Bib shorts","Unspecified","Unspecified","M","clothing:m","M","Color: Black, Size: M","black","129.99","230","https://bikecloset.com/product/pro-sl-bibshort-rl-ii-bk/?attribute_pa_color=black&attribute_pa_size=m","5056286948357","1737031","1737028","2026-09-11T12:08:04.173Z"
"Endura PRO SL BIBSHORT II Regular Length Black","Endura","","","","Clothing","Bib shorts","Unspecified","Unspecified","S","clothing:s","S","Color: Black, Size: S","black","129.99","230","https://bikecloset.com/product/pro-sl-bibshort-rl-ii-bk/?attribute_pa_color=black&attribute_pa_size=s","5056286948340","1737030","1737028","2026-09-11T12:08:04.173Z"
"Endura PRO SL BIBSHORT II Regular Length Black","Endura","","","","Clothing","Bib shorts","Unspecified","Unspecified","XS","clothing:xs","XS","Color: Black, Size: XS","black","129.99","230","https://bikecloset.com/product/pro-sl-bibshort-rl-ii-bk/?attribute_pa_color=black&attribute_pa_size=xs","5056286948333","1737029","1737028","2026-09-11T12:08:04.173Z"
"Louis Garneau Women’s Neo Power Art Motion Shorts","Louis Garneau","","","","Clothing","Shorts","Women's","Unspecified","2XL","clothing:2xl","2XL","Color: Black Multicolor Vision, Size: 2XL","black-multicolor-vision","29.99","159.99","https://bikecloset.com/product/louis-garneau-womens-neo-power-art-motion-shorts1/?attribute_pa_color=black-multicolor-vision&attribute_pa_size=2xl","690222344336-1850076-8IE","1736980","1736970","2026-09-11T12:08:04.173Z"
"Louis Garneau women’s fit sensor texture bib","Louis Garneau","","","","Clothing","Bib shorts","Women's","Unspecified","3XL","clothing:3xl","3XL","Color: Dark Night, Size: 3XL","dark-night","29.99","139.99","https://bikecloset.com/product/louis-garneau-womens-fit-sensor-texture-bib1/?attribute_pa_color=dark-night&attribute_pa_size=3xl","690222200359-1058574-308","1736924","1736912","2026-09-11T12:08:04.173Z"
"Louis Garneau women’s fit sensor texture bib","Louis Garneau","","","","Clothing","Bib shorts","Women's","Unspecified","2XL","clothing:2xl","2XL","Color: Dark Night, Size: 2XL","dark-night","29.99","139.99","https://bikecloset.com/product/louis-garneau-womens-fit-sensor-texture-bib1/?attribute_pa_color=dark-night&attribute_pa_size=2xl","690222200342-1058574-308","1736923","1736912","2026-09-11T12:08:04.173Z"
"Louis Garneau women’s fit sensor texture bib","Louis Garneau","","","","Clothing","Bib shorts","Women's","Unspecified","3XL","clothing:3xl","3XL","Color: Black, Size: 3XL","black","29.99","139.99","https://bikecloset.com/product/louis-garneau-womens-fit-sensor-texture-bib1/?attribute_pa_color=black&attribute_pa_size=3xl","690222200298-1058574-020","1736918","1736912","2026-09-11T12:08:04.173Z"
"Louis Garneau women’s fit sensor texture bib","Louis Garneau","","","","Clothing","Bib shorts","Women's","Unspecified","2XL","clothing:2xl","2XL","Color: Black, Size: 2XL","black","29.99","139.99","https://bikecloset.com/product/louis-garneau-womens-fit-sensor-texture-bib1/?attribute_pa_color=black&attribute_pa_size=2xl","690222200281-1058574-020","1736917","1736912","2026-09-11T12:08:04.173Z"
"Assos Mille GT SS Jersey C2 EVO Supporter","Assos","","","","Clothing","Jerseys","Unspecified","Unspecified","XS","clothing:xs","XS","Color: Blazers Supporter, Size: XS","blazers-supporter","99.99","160","https://bikecloset.com/product/cg-gt-ss-jersey-c2-evo-supporter/?attribute_pa_color=blazers-supporter&attribute_pa_size=xs","7627776018188","1736185","1736170","2026-09-11T12:08:04.173Z"
"Assos Mille GT SS Jersey C2 EVO Supporter","Assos","","","","Clothing","Jerseys","Unspecified","Unspecified","XS","clothing:xs","XS","Color: Legion Supporter, Size: XS","legion-supporter","49.99","160","https://bikecloset.com/product/cg-gt-ss-jersey-c2-evo-supporter/?attribute_pa_color=legion-supporter&attribute_pa_size=xs","7627776018119","1736178","1736170","2026-09-11T12:08:04.173Z"
"Assos Equipe RS SS Jersey EVO Replica","Assos","","","","Clothing","Jerseys","Unspecified","Unspecified","XS","clothing:xs","XS","Color: Legion Cityscape, Size: XS","legion-cityscape","69.99","220","https://bikecloset.com/product/cg-rs-ss-jersey-evo-replica/?attribute_pa_color=legion-cityscape&attribute_pa_size=xs","7627776017938","1736157","1736151","2026-09-11T12:08:04.173Z"
"Assos EQUIPE RS Winter Bib Tights S9","Assos","","","","Clothing","Tights","Unspecified","Unspecified","M","clothing:m","M","Color: BLACK SERIES, Size: M","black-series","249.99","470","https://bikecloset.com/product/equipe-rs-winter-bib-tights-s9/?attribute_pa_color=black-series&attribute_pa_size=m","2220000174916","1736117","1736115","2026-09-11T12:08:04.173Z"
"Assos EQUIPE RS Bib Shorts S11 Legion","Assos","","","","Clothing","Bib shorts","Unspecified","Unspecified","XL","clothing:xl","XL","Color: BLACK SERIES, Size: XL","black-series","179","290","https://bikecloset.com/product/equipe-rs-bib-shorts-s11-legion/?attribute_pa_color=black-series&attribute_pa_size=xl","7627776018485","1736098","1736094","2026-09-11T12:08:04.173Z"
"Assos EQUIPE RS Bib Shorts S11 Legion","Assos","","","","Clothing","Bib shorts","Unspecified","Unspecified","S","clothing:s","S","Color: BLACK SERIES, Size: S","black-series","179","290","https://bikecloset.com/product/equipe-rs-bib-shorts-s11-legion/?attribute_pa_color=black-series&attribute_pa_size=s","7627776018454","1736097","1736094","2026-09-11T12:08:04.173Z"
"POC AVIP Glove Short","POC","","","","Clothing","Gloves","Unspecified","Unspecified","S","clothing:s","SML","Color: Zink Orange, Size: SML","zink-orange","40","80","https://bikecloset.com/product/avip-glove-short-2/?attribute_pa_color=zink-orange&attribute_pa_size=sml","7325540647977","1735755","1735754","2026-09-11T12:08:04.173Z"
"POC AVIP Glove Long","POC","","","","Clothing","Gloves","Unspecified","Unspecified","S","clothing:s","SML","Color: Zink Orange, Size: SML","zink-orange","45","90","https://bikecloset.com/product/avip-glove-long/?attribute_pa_color=zink-orange&attribute_pa_size=sml","7325540647946","1735749","1735748","2026-09-11T12:08:04.173Z"
"POC Cadence Bib Shorts","POC","","","","Clothing","Bib shorts","Unspecified","Unspecified","S","clothing:s","SML","Color: Uranium Black, Size: SML","uranium-black","170","170","https://bikecloset.com/product/ms-cadence-bib-shorts/?attribute_pa_color=uranium-black&attribute_pa_size=sml","7325549824317","1735743","1735742","2026-09-11T12:08:04.173Z"
"POC AVIP Glove Long","POC","","","","Clothing","Gloves","Unspecified","Unspecified","M","clothing:m","MED","Color: Zink Orange, Size: MED","zink-orange","45","90","https://bikecloset.com/product/avip-glove-long/?attribute_pa_color=zink-orange&attribute_pa_size=med","7325540647939","1735751","1735748","2026-09-11T12:08:04.173Z"
"POC Cadence Bib Shorts","POC","","","","Clothing","Bib shorts","Unspecified","Unspecified","2XL","clothing:2xl","XXL","Color: Uranium Black, Size: XXL","uranium-black","170","170","https://bikecloset.com/product/ms-cadence-bib-shorts/?attribute_pa_color=uranium-black&attribute_pa_size=xxl","7325549824409","1735747","1735742","2026-09-11T12:08:04.173Z"
"POC Cytal Mips","POC","","","","Footwear & protection","Helmets","","","M","helmets:m","MED","Color: Hydrogen White Matt, Size: MED","hydrogen-white-matt","360","360","https://bikecloset.com/product/cytal-cpsc/?attribute_pa_color=hydrogen-white-matt&attribute_pa_size=med","7325549822771","1735720","1735719","2026-09-11T12:08:04.173Z"
"POC Cytal Lite","POC","","","","Footwear & protection","Helmets","","","M","helmets:m","MED","Color: Hydrogen White Matt, Size: MED","hydrogen-white-matt","420","420","https://bikecloset.com/product/cytal-lite-cpsc/?attribute_pa_color=hydrogen-white-matt&attribute_pa_size=med","7325549805064","1735717","1735716","2026-09-11T12:08:04.173Z"
"POC Ventral MIPS Lead Blue Matt","POC","","","","Footwear & protection","Helmets","","","L","helmets:l","LRG","Color: Lead Blue Matt, Size: LRG","lead-blue-matt","149","300","https://bikecloset.com/product/poc-ventral-mips-lead-blue-matt/?attribute_pa_color=lead-blue-matt&attribute_pa_size=lrg","7325549928268","1735711","1735710","2026-09-11T12:08:04.173Z"
"POC Cytal Mips","POC","","","","Footwear & protection","Helmets","","","M","helmets:m","MED","Color: hydrogen white/uranium black matt, Size: MED","hydrogen-white-uranium-black-matt","360","360","https://bikecloset.com/product/cytal-cpsc/?attribute_pa_color=hydrogen-white-uranium-black-matt&attribute_pa_size=med","7325549823860","1735722","1735719","2026-09-11T12:08:04.173Z"
"POC Cytal Lite","POC","","","","Footwear & protection","Helmets","","","L","helmets:l","LRG","Color: Hydrogen White Matt, Size: LRG","hydrogen-white-matt","420","420","https://bikecloset.com/product/cytal-lite-cpsc/?attribute_pa_color=hydrogen-white-matt&attribute_pa_size=lrg","7325549805057","1735718","1735716","2026-09-11T12:08:04.173Z"
"POC Ventral MIPS Lead Blue Matt","POC","","","","Footwear & protection","Helmets","","","M","helmets:m","MED","Color: Lead Blue Matt, Size: MED","lead-blue-matt","149","300","https://bikecloset.com/product/poc-ventral-mips-lead-blue-matt/?attribute_pa_color=lead-blue-matt&attribute_pa_size=med","7325549928275","1735712","1735710","2026-09-11T12:08:04.173Z"
"POC Octal X MIPS Hydrogen White","POC","","","","Footwear & protection","Helmets","","","M","helmets:m","MED","Color: Hydrogen White, Size: MED","hydrogen-white","139","250","https://bikecloset.com/product/poc-octal-x-mips-hydrogen-white/?attribute_pa_color=hydrogen-white&attribute_pa_size=med","7325549924697","1735709","1735707","2026-09-11T12:08:04.173Z"
"100% BRISKER Glove Black 2XL","100%","","","","Clothing","Gloves","Unspecified","Unspecified","2XL","clothing:2xl","Black – 2XL","Color/Size: Black – 2XL","","14.99","34.5","https://bikecloset.com/product/100-brisker-glove-2/?attribute_pa_color-size=black-2xl","1-R9184113-841269184113","1731244","1731241","2026-09-11T12:08:04.173Z"
"Fizik Vento Infinito Knit Carbon 2 Wide","Fizik","","","","Footwear & protection","Cycling shoes","","","45","shoes:45","45","Color: Black, Size: 45","black","219","399.99","https://bikecloset.com/product/fizik-vento-infinito-knit-carbon-2-wide/?attribute_pa_color=black&attribute_pa_size=45","8058364117515","1726466","1726461","2026-09-11T12:08:04.173Z"
"Fizik Vento Infinito Knit Carbon 2 Wide","Fizik","","","","Footwear & protection","Cycling shoes","","","44","shoes:44","44","Color: Black, Size: 44","black","219","399.99","https://bikecloset.com/product/fizik-vento-infinito-knit-carbon-2-wide/?attribute_pa_color=black&attribute_pa_size=44","8058364117492","1726465","1726461","2026-09-11T12:08:04.173Z"
"Fizik Vento Infinito Knit Carbon 2","Fizik","","","","Footwear & protection","Cycling shoes","","","48","shoes:48","48","Color: Black, Size: 48","black","219","399.99","https://bikecloset.com/product/fizik-vento-infinito-knit-carbon-2-3/?attribute_pa_color=black&attribute_pa_size=48","8058364080932","1726460","1726448","2026-09-11T12:08:04.173Z"
"Fizik Vento Infinito Knit Carbon 2","Fizik","","","","Footwear & protection","Cycling shoes","","","46","shoes:46","46","Color: Black, Size: 46","black","219","399.99","https://bikecloset.com/product/fizik-vento-infinito-knit-carbon-2-3/?attribute_pa_color=black&attribute_pa_size=46","8058364080901","1726458","1726448","2026-09-11T12:08:04.173Z"
"Fizik Vento Infinito Knit Carbon 2","Fizik","","","","Footwear & protection","Cycling shoes","","","45","shoes:45","45","Color: Black, Size: 45","black","219","399.99","https://bikecloset.com/product/fizik-vento-infinito-knit-carbon-2-3/?attribute_pa_color=black&attribute_pa_size=45","8058364080888","1726456","1726448","2026-09-11T12:08:04.173Z"
"Fizik Vento Infinito Knit Carbon 2","Fizik","","","","Footwear & protection","Cycling shoes","","","44","shoes:44","44","Color: Black, Size: 44","black","219","399.99","https://bikecloset.com/product/fizik-vento-infinito-knit-carbon-2-3/?attribute_pa_color=black&attribute_pa_size=44","8058364080864","1726454","1726448","2026-09-11T12:08:04.173Z"
"Fizik Vento Infinito Knit Carbon 2","Fizik","","","","Footwear & protection","Cycling shoes","","","43","shoes:43","43","Color: Black, Size: 43","black","219","399.99","https://bikecloset.com/product/fizik-vento-infinito-knit-carbon-2-3/?attribute_pa_color=black&attribute_pa_size=43","8058364080840","1726452","1726448","2026-09-11T12:08:04.173Z"
"Fizik Vento Infinito Knit Carbon 2","Fizik","","","","Footwear & protection","Cycling shoes","","","42.5","shoes:42.5","42.5","Color: Black, Size: 42.5","black","219","399.99","https://bikecloset.com/product/fizik-vento-infinito-knit-carbon-2-3/?attribute_pa_color=black&attribute_pa_size=42-5","8058364080833","1726451","1726448","2026-09-11T12:08:04.173Z"
"Fizik Vento Infinito Knit Carbon 2","Fizik","","","","Footwear & protection","Cycling shoes","","","42","shoes:42","42","Color: Black, Size: 42","black","219","399.99","https://bikecloset.com/product/fizik-vento-infinito-knit-carbon-2-3/?attribute_pa_color=black&attribute_pa_size=42","8058364080826","1726450","1726448","2026-09-11T12:08:04.173Z"
"Fizik X4 Gravel Terra Powerstrap","Fizik","","","","Footwear & protection","Cycling shoes","","","42","shoes:42","42","Color: Mud Caramel, Size: 42","mud-caramel","69.99","169.99","https://bikecloset.com/product/fizik-terra-powerstrap-x4/?attribute_pa_color=mud-caramel&attribute_pa_size=42","8058364078755","1726438","1726402","2026-09-11T12:08:04.173Z"
"Fizik X4 Gravel Terra Powerstrap","Fizik","","","","Footwear & protection","Cycling shoes","","","46","shoes:46","46","Color: Black, Size: 46","black","69.99","169.99","https://bikecloset.com/product/fizik-terra-powerstrap-x4/?attribute_pa_color=black&attribute_pa_size=46","8058364078144","1726433","1726402","2026-09-11T12:08:04.173Z"
"Fizik X4 Gravel Terra Powerstrap","Fizik","","","","Footwear & protection","Cycling shoes","","","45","shoes:45","45","Color: Black, Size: 45","black","69.99","169.99","https://bikecloset.com/product/fizik-terra-powerstrap-x4/?attribute_pa_color=black&attribute_pa_size=45","8058364078120","1726431","1726402","2026-09-11T12:08:04.173Z"
"Fizik X4 Gravel Terra Powerstrap","Fizik","","","","Footwear & protection","Cycling shoes","","","44.5","shoes:44.5","44.5","Color: Black, Size: 44.5","black","69.99","169.99","https://bikecloset.com/product/fizik-terra-powerstrap-x4/?attribute_pa_color=black&attribute_pa_size=44-5","8058364078113","1726430","1726402","2026-09-11T12:08:04.173Z"
"Fizik X4 Gravel Terra Powerstrap","Fizik","","","","Footwear & protection","Cycling shoes","","","43.5","shoes:43.5","43.5","Color: Black, Size: 43.5","black","69.99","169.99","https://bikecloset.com/product/fizik-terra-powerstrap-x4/?attribute_pa_color=black&attribute_pa_size=43-5","8058364078090","1726428","1726402","2026-09-11T12:08:04.173Z"
"Fizik X4 Gravel Terra Powerstrap","Fizik","","","","Footwear & protection","Cycling shoes","","","43","shoes:43","43","Color: Black, Size: 43","black","69.99","169.99","https://bikecloset.com/product/fizik-terra-powerstrap-x4/?attribute_pa_color=black&attribute_pa_size=43","8058364078083","1726427","1726402","2026-09-11T12:08:04.173Z"
"Fizik X4 Gravel Terra Powerstrap","Fizik","","","","Footwear & protection","Cycling shoes","","","42","shoes:42","42","Color: Black, Size: 42","black","69.99","169.99","https://bikecloset.com/product/fizik-terra-powerstrap-x4/?attribute_pa_color=black&attribute_pa_size=42","8058364078069","1726425","1726402","2026-09-11T12:08:04.173Z"
"Fizik X4 Gravel Terra Powerstrap","Fizik","","","","Footwear & protection","Cycling shoes","","","47","shoes:47","47","Color: Anthracite Grape, Size: 47","anthracite-grape","69.99","169.99","https://bikecloset.com/product/fizik-terra-powerstrap-x4/?attribute_pa_color=anthracite-grape&attribute_pa_size=47","8058364078397","1726422","1726402","2026-09-11T12:08:04.173Z"
"Fizik X4 Gravel Terra Powerstrap","Fizik","","","","Footwear & protection","Cycling shoes","","","45","shoes:45","45","Color: Anthracite Grape, Size: 45","anthracite-grape","69.99","169.99","https://bikecloset.com/product/fizik-terra-powerstrap-x4/?attribute_pa_color=anthracite-grape&attribute_pa_size=45","8058364078359","1726418","1726402","2026-09-11T12:08:04.173Z"
"Fizik X4 Gravel Terra Powerstrap","Fizik","","","","Footwear & protection","Cycling shoes","","","42","shoes:42","42","Color: Anthracite Grape, Size: 42","anthracite-grape","69.99","169.99","https://bikecloset.com/product/fizik-terra-powerstrap-x4/?attribute_pa_color=anthracite-grape&attribute_pa_size=42","8058364078298","1726413","1726402","2026-09-11T12:08:04.173Z"
"Fizik X4 Gravel Terra Powerstrap","Fizik","","","","Footwear & protection","Cycling shoes","","","41.5","shoes:41.5","41.5","Color: Anthracite Grape, Size: 41.5","anthracite-grape","69.99","169.99","https://bikecloset.com/product/fizik-terra-powerstrap-x4/?attribute_pa_color=anthracite-grape&attribute_pa_size=41-5","8058364078281","1726412","1726402","2026-09-11T12:08:04.173Z"
"Fizik Vento Infinito Carbon 2","Fizik","","","","Footwear & protection","Cycling shoes","","","48","shoes:48","48","Color: Black, Size: 48","black","219","399.99","https://bikecloset.com/product/fizik-vento-infinito-carbon-2-3/?attribute_pa_color=black&attribute_pa_size=48","8058364082080","1726399","1726388","2026-09-11T12:08:04.173Z"
"Fizik Vento Infinito Carbon 2","Fizik","","","","Footwear & protection","Cycling shoes","","","45.5","shoes:45.5","45.5","Color: Black, Size: 45.5","black","219","399.99","https://bikecloset.com/product/fizik-vento-infinito-carbon-2-3/?attribute_pa_color=black&attribute_pa_size=45-5","8058364082042","1726396","1726388","2026-09-11T12:08:04.173Z"
"Fizik Vento Infinito Carbon 2","Fizik","","","","Footwear & protection","Cycling shoes","","","44.5","shoes:44.5","44.5","Color: Black, Size: 44.5","black","219","399.99","https://bikecloset.com/product/fizik-vento-infinito-carbon-2-3/?attribute_pa_color=black&attribute_pa_size=44-5","8058364082028","1726394","1726388","2026-09-11T12:08:04.173Z"
"Fizik Vento Infinito Carbon 2","Fizik","","","","Footwear & protection","Cycling shoes","","","44","shoes:44","44","Color: Black, Size: 44","black","219","399.99","https://bikecloset.com/product/fizik-vento-infinito-carbon-2-3/?attribute_pa_color=black&attribute_pa_size=44","8058364082011","1726393","1726388","2026-09-11T12:08:04.173Z"
"Fizik Vento Infinito Carbon 2","Fizik","","","","Footwear & protection","Cycling shoes","","","41","shoes:41","41","Color: Black, Size: 41","black","219","399.99","https://bikecloset.com/product/fizik-vento-infinito-carbon-2-3/?attribute_pa_color=black&attribute_pa_size=41","8058364081953","1726390","1726388","2026-09-11T12:08:04.173Z"
"Assos EQUIPE RS LE HOUDINI Roadsuit S11 Fanatic Silver","Assos","","","","Clothing","Skinsuits & tri suits","Unspecified","Road","L","clothing:l","L","Size: L","","470","470","https://bikecloset.com/product/assos-equipe-rs-le-houdini-roadsuit-s11-fanatic-silver/?attribute_pa_size=l","7627776022079","1725750","1725749","2026-09-11T12:08:04.173Z"
"Assos EQUIPE RS LE HOUDINI Roadsuit S11 Fanatic Silver","Assos","","","","Clothing","Skinsuits & tri suits","Unspecified","Road","S","clothing:s","S","Size: S","","470","470","https://bikecloset.com/product/assos-equipe-rs-le-houdini-roadsuit-s11-fanatic-silver/?attribute_pa_size=s","7627776022093","1725752","1725749","2026-09-11T12:08:04.173Z"
"Assos EQUIPE RS LE HOUDINI Roadsuit S11 Fanatic Silver","Assos","","","","Clothing","Skinsuits & tri suits","Unspecified","Road","M","clothing:m","M","Size: M","","470","470","https://bikecloset.com/product/assos-equipe-rs-le-houdini-roadsuit-s11-fanatic-silver/?attribute_pa_size=m","7627776022086","1725751","1725749","2026-09-11T12:08:04.173Z"
"Assos EQUIPE RSR Bib Shorts S11 Black Series","Assos","","","","Clothing","Bib shorts","Unspecified","Unspecified","XL","clothing:xl","XL","Size: XL","","400","400","https://bikecloset.com/product/assos-equipe-rsr-bib-shorts-s11-black-series/?attribute_pa_size=xl","7627776022048","1725748","1725744","2026-09-11T12:08:04.173Z"
"Assos EQUIPE RSR Bib Shorts S11 Black Series","Assos","","","","Clothing","Bib shorts","Unspecified","Unspecified","S","clothing:s","S","Size: S","","400","400","https://bikecloset.com/product/assos-equipe-rsr-bib-shorts-s11-black-series/?attribute_pa_size=s","7627776022031","1725747","1725744","2026-09-11T12:08:04.173Z"
"Assos EQUIPE RSR Bib Shorts S11 Black Series","Assos","","","","Clothing","Bib shorts","Unspecified","Unspecified","M","clothing:m","M","Size: M","","400","400","https://bikecloset.com/product/assos-equipe-rsr-bib-shorts-s11-black-series/?attribute_pa_size=m","7627776022024","1725746","1725744","2026-09-11T12:08:04.173Z"
"Assos EQUIPE RSR Bib Shorts S11 Black Series","Assos","","","","Clothing","Bib shorts","Unspecified","Unspecified","L","clothing:l","L","Size: L","","400","400","https://bikecloset.com/product/assos-equipe-rsr-bib-shorts-s11-black-series/?attribute_pa_size=l","7627776022017","1725745","1725744","2026-09-11T12:08:04.173Z"
"Sidi TURBO BLACK","Sidi","","","","Footwear & protection","Cycling shoes","","","42","shoes:42","42","Size: 42","","99.99","249.99","https://bikecloset.com/product/1sidi-turbo-black/?attribute_pa_size=42","8017732556622","1724552","1724550","2026-09-11T12:08:04.173Z"
"Sidi SD15 BLACK","Sidi","","","","Footwear & protection","Cycling shoes","","","48","shoes:48","48","Size: 48","","99.99","249.99","https://bikecloset.com/product/1sidi-sd15-black/?attribute_pa_size=48","8017732473820","1724519","1724511","2026-09-11T12:08:04.173Z"
"Sidi SD15 BLACK","Sidi","","","","Footwear & protection","Cycling shoes","","","43","shoes:43","43","Size: 43","","99.99","249.99","https://bikecloset.com/product/1sidi-sd15-black/?attribute_pa_size=43","8017732473776","1724514","1724511","2026-09-11T12:08:04.173Z"
"Sidi SD15 BLACK","Sidi","","","","Footwear & protection","Cycling shoes","","","42","shoes:42","42","Size: 42","","99.99","249.99","https://bikecloset.com/product/1sidi-sd15-black/?attribute_pa_size=42","8017732464989","1724513","1724511","2026-09-11T12:08:04.173Z"
"Sidi GRAVEL MTB BLACK","Sidi","","","","Footwear & protection","Cycling shoes","","","48","shoes:48","48","Size: 48","","149.99","299.99","https://bikecloset.com/product/1sidi-gravel-mtb-black/?attribute_pa_size=48","8017732553126","1724487","1724469","2026-09-11T12:08:04.173Z"
"Sidi GRAVEL MTB BLACK","Sidi","","","","Footwear & protection","Cycling shoes","","","46.5","shoes:46.5","46.5","Size: 46.5","","149.99","299.99","https://bikecloset.com/product/1sidi-gravel-mtb-black/?attribute_pa_size=46-5","8017732553102","1724485","1724469","2026-09-11T12:08:04.173Z"
"Sidi GRAVEL MTB BLACK","Sidi","","","","Footwear & protection","Cycling shoes","","","45.5","shoes:45.5","45.5","Size: 45.5","","149.99","299.99","https://bikecloset.com/product/1sidi-gravel-mtb-black/?attribute_pa_size=45-5","8017732553089","1724483","1724469","2026-09-11T12:08:04.173Z"
"Sidi GRAVEL MTB BLACK","Sidi","","","","Footwear & protection","Cycling shoes","","","45","shoes:45","45","Size: 45","","149.99","299.99","https://bikecloset.com/product/1sidi-gravel-mtb-black/?attribute_pa_size=45","8017732553072","1724482","1724469","2026-09-11T12:08:04.173Z"
"Sidi GRAVEL MTB BLACK","Sidi","","","","Footwear & protection","Cycling shoes","","","44.5","shoes:44.5","44.5","Size: 44.5","","149.99","299.99","https://bikecloset.com/product/1sidi-gravel-mtb-black/?attribute_pa_size=44-5","8017732553065","1724481","1724469","2026-09-11T12:08:04.173Z"
"Sidi GRAVEL MTB BLACK","Sidi","","","","Footwear & protection","Cycling shoes","","","44","shoes:44","44","Size: 44","","149.99","299.99","https://bikecloset.com/product/1sidi-gravel-mtb-black/?attribute_pa_size=44","8017732553058","1724480","1724469","2026-09-11T12:08:04.173Z"
"Sidi GRAVEL MTB BLACK","Sidi","","","","Footwear & protection","Cycling shoes","","","43.5","shoes:43.5","43.5","Size: 43.5","","149.99","299.99","https://bikecloset.com/product/1sidi-gravel-mtb-black/?attribute_pa_size=43-5","8017732553041","1724479","1724469","2026-09-11T12:08:04.173Z"
"Sidi GRAVEL MTB BLACK","Sidi","","","","Footwear & protection","Cycling shoes","","","43","shoes:43","43","Size: 43","","149.99","299.99","https://bikecloset.com/product/1sidi-gravel-mtb-black/?attribute_pa_size=43","8017732553034","1724478","1724469","2026-09-11T12:08:04.173Z"
"Sidi GRAVEL MTB BLACK","Sidi","","","","Footwear & protection","Cycling shoes","","","38","shoes:38","38","Size: 38","","99.99","299.99","https://bikecloset.com/product/1sidi-gravel-mtb-black/?attribute_pa_size=38","8017732552938","1724470","1724469","2026-09-11T12:08:04.173Z"
"Sidi GRAVEL MTB BLACK","Sidi","","","","Footwear & protection","Cycling shoes","","","40","shoes:40","40","Size: 40","","299.99","299.99","https://bikecloset.com/product/1sidi-gravel-mtb-black/?attribute_pa_size=40","8017732552976","1724473","1724469","2026-09-11T12:08:04.173Z"
"Sidi GRAVEL MTB BLACK","Sidi","","","","Footwear & protection","Cycling shoes","","","39","shoes:39","39","Size: 39","","99.99","299.99","https://bikecloset.com/product/1sidi-gravel-mtb-black/?attribute_pa_size=39","8017732552952","1724471","1724469","2026-09-11T12:08:04.173Z"
"Sidi DUST RUST Gravel","Sidi","","","","Footwear & protection","Cycling shoes","","","41","shoes:41","41","Size: 41","","179.99","349.99","https://bikecloset.com/product/1sidi-dust-rust/?attribute_pa_size=41","8017732562357","1724442","1724441","2026-09-11T12:08:04.173Z"
"Sidi DUST RUST Gravel","Sidi","","","","Footwear & protection","Cycling shoes","","","48","shoes:48","48","Size: 48","","179.99","349.99","https://bikecloset.com/product/1sidi-dust-rust/?attribute_pa_size=48","8017732562487","1724454","1724441","2026-09-11T12:08:04.173Z"
"Sidi DUST RUST Gravel","Sidi","","","","Footwear & protection","Cycling shoes","","","46","shoes:46","46","Size: 46","","179.99","349.99","https://bikecloset.com/product/1sidi-dust-rust/?attribute_pa_size=46","8017732562456","1724451","1724441","2026-09-11T12:08:04.173Z"
"Sidi DUST RUST Gravel","Sidi","","","","Footwear & protection","Cycling shoes","","","45.5","shoes:45.5","45.5","Size: 45.5","","179.99","349.99","https://bikecloset.com/product/1sidi-dust-rust/?attribute_pa_size=45-5","8017732562449","1724450","1724441","2026-09-11T12:08:04.173Z"
"Sidi DUST RUST Gravel","Sidi","","","","Footwear & protection","Cycling shoes","","","45","shoes:45","45","Size: 45","","179.99","349.99","https://bikecloset.com/product/1sidi-dust-rust/?attribute_pa_size=45","8017732562432","1724449","1724441","2026-09-11T12:08:04.173Z"
"Sidi DUST RUST Gravel","Sidi","","","","Footwear & protection","Cycling shoes","","","43.5","shoes:43.5","43.5","Size: 43.5","","179.99","349.99","https://bikecloset.com/product/1sidi-dust-rust/?attribute_pa_size=43-5","8017732562401","1724446","1724441","2026-09-11T12:08:04.173Z"
"Sidi DUST BLACK Gravel","Sidi","","","","Footwear & protection","Cycling shoes","","","46","shoes:46","46","Size: 46","","179.99","349.99","https://bikecloset.com/product/1sidi-dust-black-black/?attribute_pa_size=46","8017732562258","1724437","1724421","2026-09-11T12:08:04.173Z"
"Sidi DUST BLACK Gravel","Sidi","","","","Footwear & protection","Cycling shoes","","","45.5","shoes:45.5","45.5","Size: 45.5","","179.99","349.99","https://bikecloset.com/product/1sidi-dust-black-black/?attribute_pa_size=45-5","8017732562241","1724436","1724421","2026-09-11T12:08:04.173Z"
"Sidi DUST BLACK Gravel","Sidi","","","","Footwear & protection","Cycling shoes","","","45","shoes:45","45","Size: 45","","179.99","349.99","https://bikecloset.com/product/1sidi-dust-black-black/?attribute_pa_size=45","8017732562234","1724435","1724421","2026-09-11T12:08:04.173Z"
"Sidi DUST BLACK Gravel","Sidi","","","","Footwear & protection","Cycling shoes","","","38","shoes:38","38","Size: 38","","99.99","349.99","https://bikecloset.com/product/1sidi-dust-black-black/?attribute_pa_size=38","8017732562098","1724422","1724421","2026-09-11T12:08:04.173Z"
"Sidi DUST BLACK Gravel","Sidi","","","","Footwear & protection","Cycling shoes","","","44","shoes:44","44","Size: 44","","179.99","349.99","https://bikecloset.com/product/1sidi-dust-black-black/?attribute_pa_size=44","8017732562210","1724433","1724421","2026-09-11T12:08:04.173Z"
"Sidi DUST BLACK Gravel","Sidi","","","","Footwear & protection","Cycling shoes","","","43","shoes:43","43","Size: 43","","179.99","349.99","https://bikecloset.com/product/1sidi-dust-black-black/?attribute_pa_size=43","8017732562197","1724431","1724421","2026-09-11T12:08:04.173Z"
"Sidi DUST BLACK Gravel","Sidi","","","","Footwear & protection","Cycling shoes","","","41","shoes:41","41","Size: 41","","179.99","349.99","https://bikecloset.com/product/1sidi-dust-black-black/?attribute_pa_size=41","8017732562159","1724427","1724421","2026-09-11T12:08:04.173Z"
"Sidi DUST BLACK Gravel","Sidi","","","","Footwear & protection","Cycling shoes","","","40.5","shoes:40.5","40.5","Size: 40.5","","179.99","349.99","https://bikecloset.com/product/1sidi-dust-black-black/?attribute_pa_size=40-5","8017732562142","1724426","1724421","2026-09-11T12:08:04.173Z"
"Sidi T-5 AIR BLACK","Sidi","","","","Footwear & protection","Cycling shoes","","","41.5","shoes:41.5","41.5","Size: 41.5","","99.99","249.99","https://bikecloset.com/product/1sidi-t-5-air-black/?attribute_pa_size=41-5","8017732533746","1724396","1724395","2026-09-11T12:08:04.173Z"
"Sidi DRAGON 5 MEGA MATTE BLACK","Sidi","","","","Footwear & protection","Cycling shoes","","","43","shoes:43","43","Size: 43","","199.99","399.99","https://bikecloset.com/product/1sidi-dragon-5-mega-matte-black/?attribute_pa_size=43","8017732516510","1724411","1724408","2026-09-11T12:08:04.173Z"
"Sidi T-5 AIR BLACK","Sidi","","","","Footwear & protection","Cycling shoes","","","45","shoes:45","45","Size: 45","","99.99","249.99","https://bikecloset.com/product/1sidi-t-5-air-black/?attribute_pa_size=45","8017732533814","1724403","1724395","2026-09-11T12:08:04.173Z"
"Sidi T-5 AIR BLACK","Sidi","","","","Footwear & protection","Cycling shoes","","","43.5","shoes:43.5","43.5","Size: 43.5","","99.99","249.99","https://bikecloset.com/product/1sidi-t-5-air-black/?attribute_pa_size=43-5","8017732533784","1724400","1724395","2026-09-11T12:08:04.173Z"
"Sidi T-5 AIR BLACK","Sidi","","","","Footwear & protection","Cycling shoes","","","42.5","shoes:42.5","42.5","Size: 42.5","","99.99","249.99","https://bikecloset.com/product/1sidi-t-5-air-black/?attribute_pa_size=42-5","8017732533760","1724398","1724395","2026-09-11T12:08:04.173Z"
"Sidi T-5 AIR BLACK","Sidi","","","","Footwear & protection","Cycling shoes","","","42","shoes:42","42","Size: 42","","99.99","249.99","https://bikecloset.com/product/1sidi-t-5-air-black/?attribute_pa_size=42","8017732533753","1724397","1724395","2026-09-11T12:08:04.173Z"
"Sidi WIRE 2 CARBON MATTE GREY/BLACK","Sidi","","","","Footwear & protection","Cycling shoes","","","46.5","shoes:46.5","46.5","Size: 46.5","","199.99","499.99","https://bikecloset.com/product/1sidi-wire-2-carbon-matte-grey-black/?attribute_pa_size=46-5","8017732513472","1724363","1724353","2026-09-11T12:08:04.173Z"
"Sidi FAST BLACK/BLACK","Sidi","","","","Footwear & protection","Cycling shoes","","","45.5","shoes:45.5","45.5","Size: 45.5","","99.99","269.99","https://bikecloset.com/product/1sidi-fast-black-black/?attribute_pa_size=45-5","SRS-FAST-BKBK-455","1724328","1724316","2026-09-11T12:08:04.173Z"
"Sidi FAST BLACK/BLACK","Sidi","","","","Footwear & protection","Cycling shoes","","","44","shoes:44","44","Size: 44","","99.99","269.99","https://bikecloset.com/product/1sidi-fast-black-black/?attribute_pa_size=44","8017732546043","1724325","1724316","2026-09-11T12:08:04.173Z"
"Sidi FAST BLACK/BLACK","Sidi","","","","Footwear & protection","Cycling shoes","","","43","shoes:43","43","Size: 43","","99.99","269.99","https://bikecloset.com/product/1sidi-fast-black-black/?attribute_pa_size=43","8017732546029","1724323","1724316","2026-09-11T12:08:04.173Z"
"Sidi FAST BLACK/BLACK","Sidi","","","","Footwear & protection","Cycling shoes","","","38","shoes:38","38","Size: 38","","99.99","269.99","https://bikecloset.com/product/1sidi-fast-black-black/?attribute_pa_size=38","8017732545923","1724317","1724316","2026-09-11T12:08:04.173Z"
"Sidi ERGO 5 MEGA MATTE BLACK","Sidi","","","","Footwear & protection","Cycling shoes","","","47","shoes:47","47","Size: 47","","199.99","399.99","https://bikecloset.com/product/1sidi-ergo-5-mega-matte-black/?attribute_pa_size=47","8017732514899","1724310","1724299","2026-09-11T12:08:04.173Z"
"Sidi ERGO 5 MEGA MATTE BLACK","Sidi","","","","Footwear & protection","Cycling shoes","","","46.5","shoes:46.5","46.5","Size: 46.5","","199.99","399.99","https://bikecloset.com/product/1sidi-ergo-5-mega-matte-black/?attribute_pa_size=46-5","8017732514882","1724309","1724299","2026-09-11T12:08:04.173Z"
"Sidi ERGO 5 MEGA MATTE BLACK","Sidi","","","","Footwear & protection","Cycling shoes","","","45.5","shoes:45.5","45.5","Size: 45.5","","199.99","399.99","https://bikecloset.com/product/1sidi-ergo-5-mega-matte-black/?attribute_pa_size=45-5","8017732514868","1724307","1724299","2026-09-11T12:08:04.173Z"
"Sidi ERGO 5 MEGA MATTE BLACK","Sidi","","","","Footwear & protection","Cycling shoes","","","44.5","shoes:44.5","44.5","Size: 44.5","","199.99","399.99","https://bikecloset.com/product/1sidi-ergo-5-mega-matte-black/?attribute_pa_size=44-5","8017732514844","1724305","1724299","2026-09-11T12:08:04.173Z"
"Sidi ERGO 5 MEGA MATTE BLACK","Sidi","","","","Footwear & protection","Cycling shoes","","","44","shoes:44","44","Size: 44","","199.99","399.99","https://bikecloset.com/product/1sidi-ergo-5-mega-matte-black/?attribute_pa_size=44","8017732514837","1724304","1724299","2026-09-11T12:08:04.173Z"
"Sidi ERGO 5 MEGA MATTE BLACK","Sidi","","","","Footwear & protection","Cycling shoes","","","43.5","shoes:43.5","43.5","Size: 43.5","","199.99","399.99","https://bikecloset.com/product/1sidi-ergo-5-mega-matte-black/?attribute_pa_size=43-5","8017732514820","1724303","1724299","2026-09-11T12:08:04.173Z"
"Sidi ERGO 5 MEGA MATTE BLACK","Sidi","","","","Footwear & protection","Cycling shoes","","","43","shoes:43","43","Size: 43","","199.99","399.99","https://bikecloset.com/product/1sidi-ergo-5-mega-matte-black/?attribute_pa_size=43","8017732514813","1724302","1724299","2026-09-11T12:08:04.173Z"
"Sidi ERGO 5 MEGA MATTE BLACK","Sidi","","","","Footwear & protection","Cycling shoes","","","42.5","shoes:42.5","42.5","Size: 42.5","","199.99","399.99","https://bikecloset.com/product/1sidi-ergo-5-mega-matte-black/?attribute_pa_size=42-5","8017732514806","1724301","1724299","2026-09-11T12:08:04.173Z"
"Sidi ERGO 5 MEGA MATTE BLACK","Sidi","","","","Footwear & protection","Cycling shoes","","","42","shoes:42","42","Size: 42","","199.99","399.99","https://bikecloset.com/product/1sidi-ergo-5-mega-matte-black/?attribute_pa_size=42","8017732514790","1724300","1724299","2026-09-11T12:08:04.173Z"
"POC Ventral MIPS","POC","","","","Footwear & protection","Helmets","","","L","helmets:l","LRG","Color: Garnet Red Matt, Size: LRG","garnet-red-matt","149","300","https://bikecloset.com/product/ventral-mips-cpsc/?attribute_pa_color=garnet-red-matt&attribute_pa_size=lrg","7325549928145","1723459","1723458","2026-09-11T12:08:04.173Z"
"POC Ventral MIPS","POC","","","","Footwear & protection","Helmets","","","M","helmets:m","MED","Color: Garnet Red Matt, Size: MED","garnet-red-matt","149","300","https://bikecloset.com/product/ventral-mips-cpsc/?attribute_pa_color=garnet-red-matt&attribute_pa_size=med","7325549928152","1723460","1723458","2026-09-11T12:08:04.173Z"
"POC Octal X MIPS","POC","","","","Footwear & protection","Helmets","","","M","helmets:m","MED","Color: Uranium Black, Size: MED","uranium-black","139","250","https://bikecloset.com/product/octal-x-mips-cpsc/?attribute_pa_color=uranium-black&attribute_pa_size=med","7325549924727","1723457","1723455","2026-09-11T12:08:04.173Z"
"POC Octal X MIPS","POC","","","","Footwear & protection","Helmets","","","L","helmets:l","LRG","Color: Uranium Black, Size: LRG","uranium-black","139","250","https://bikecloset.com/product/octal-x-mips-cpsc/?attribute_pa_color=uranium-black&attribute_pa_size=lrg","7325549924710","1723456","1723455","2026-09-11T12:08:04.173Z"
"Pirelli Cinturato Velo TLR 700c Folding Tubeless Ready Tanwall","Pirelli","","","","Wheels & tires","Tires","","","700 × 28 mm","tires:700 × 28 mm","28mm","Size: 28mm","","49.99","86.9","https://bikecloset.com/product/pirelli-cinturato-velo-tlr-700-folding-tubeless-ready-smartnet-silica-armourtech-tanwall/?attribute_size=28mm","8019227404333","1722457","1722453","2026-09-11T12:08:04.173Z"
"Pirelli Cinturato Velo TLR 700c Folding Tubeless Ready Tanwall","Pirelli","","","","Wheels & tires","Tires","","","700 × 26 mm","tires:700 × 26 mm","26mm","Size: 26mm","","39.99","86.9","https://bikecloset.com/product/pirelli-cinturato-velo-tlr-700-folding-tubeless-ready-smartnet-silica-armourtech-tanwall/?attribute_size=26mm","8019227404326","1722456","1722453","2026-09-11T12:08:04.173Z"
"Louis Garneau women’s cb neo power cycling shorts Black","Louis Garneau","","","","Clothing","Shorts","Women's","Unspecified","2XL","clothing:2xl","2XL","Size: 2XL","","29.99","149.99","https://bikecloset.com/product/louis-garneau-womens-cb-neo-power-cycling-shorts/?attribute_pa_size=2xl","775504421544","1720868","1720863","2026-09-11T12:08:04.173Z"
"Louis Garneau women’s cb carbon 2 cycling shorts Black","Louis Garneau","","","","Clothing","Shorts","Women's","Unspecified","2XL","clothing:2xl","2XL","Size: 2XL","","29.99","184.99","https://bikecloset.com/product/louis-garneau-womens-cb-carbon-2-cycling-shorts/?attribute_pa_size=2xl","775504830711","1720862","1720857","2026-09-11T12:08:04.173Z"
"Louis Garneau women’s cb carbon 2 cycling shorts Black","Louis Garneau","","","","Clothing","Shorts","Women's","Unspecified","XL","clothing:xl","XL","Size: XL","","29.99","184.99","https://bikecloset.com/product/louis-garneau-womens-cb-carbon-2-cycling-shorts/?attribute_pa_size=xl","775504830704","1720861","1720857","2026-09-11T12:08:04.173Z"
"Assos EQUIPE R Bib Shorts S11 Black Series","Assos","","","","Clothing","Bib shorts","Unspecified","Unspecified","XL","clothing:xl","XL","Size: XL","","210","210","https://bikecloset.com/product/assos-equipe-r-bib-shorts-s11-black-series/?attribute_pa_size=xl","7627776021843","1718678","1718674","2026-09-11T12:08:04.173Z"
"Assos EQUIPE R Bib Shorts S11 Black Series","Assos","","","","Clothing","Bib shorts","Unspecified","Unspecified","S","clothing:s","S","Size: S","","210","210","https://bikecloset.com/product/assos-equipe-r-bib-shorts-s11-black-series/?attribute_pa_size=s","7627776021836","1718677","1718674","2026-09-11T12:08:04.173Z"
"Castelli Rosso Corsa Pro 13 Sock","Castelli","","","","Clothing","Socks","Unspecified","Unspecified","2XL","socks:2xl","2XL","Color: Black, Size: 2XL","black","12.99","19.99","https://bikecloset.com/product/castelli-rosso-corsa-pro-13-sock/?attribute_pa_color=black&attribute_pa_size=2xl","844615072768","1717039","1717033","2026-09-11T12:08:04.173Z"
"Castelli Rosso Corsa Pro 13 Sock","Castelli","","","","Clothing","Socks","Unspecified","Unspecified","L/XL","socks:l | socks:xl","L/XL","Color: Black, Size: L/XL","black","12.99","19.99","https://bikecloset.com/product/castelli-rosso-corsa-pro-13-sock/?attribute_pa_color=black&attribute_pa_size=lxl","844615072751","1717038","1717033","2026-09-11T12:08:04.173Z"
"Castelli Rosso Corsa Pro 13 Sock","Castelli","","","","Clothing","Socks","Unspecified","Unspecified","S/M","socks:s | socks:m","S/M","Color: Black, Size: S/M","black","12.99","19.99","https://bikecloset.com/product/castelli-rosso-corsa-pro-13-sock/?attribute_pa_color=black&attribute_pa_size=sm","844615072744","1717037","1717033","2026-09-11T12:08:04.173Z"
"Castelli Rosso Corsa Pro 13 Sock","Castelli","","","","Clothing","Socks","Unspecified","Unspecified","2XL","socks:2xl","2XL","Color: White, Size: 2XL","white","12.99","19.99","https://bikecloset.com/product/castelli-rosso-corsa-pro-13-sock/?attribute_pa_color=white&attribute_pa_size=2xl","844615072737","1717036","1717033","2026-09-11T12:08:04.173Z"
"Castelli Rosso Corsa Pro 13 Sock","Castelli","","","","Clothing","Socks","Unspecified","Unspecified","L/XL","socks:l | socks:xl","L/XL","Color: White, Size: L/XL","white","12.99","19.99","https://bikecloset.com/product/castelli-rosso-corsa-pro-13-sock/?attribute_pa_color=white&attribute_pa_size=lxl","844615072720","1717035","1717033","2026-09-11T12:08:04.173Z"
"Castelli Rosso Corsa Pro 13 Sock","Castelli","","","","Clothing","Socks","Unspecified","Unspecified","S/M","socks:s | socks:m","S/M","Color: White, Size: S/M","white","12.99","19.99","https://bikecloset.com/product/castelli-rosso-corsa-pro-13-sock/?attribute_pa_color=white&attribute_pa_size=sm","844615072713","1717034","1717033","2026-09-11T12:08:04.173Z"
"DMT KR0 ROAD SHOES","DMT","","","","Footwear & protection","Cycling shoes","","","42","shoes:42","42","Color: Grey, Size: 42","grey","279.99","519.99","https://bikecloset.com/product/dmt-kr0-road-shoes-2/?attribute_pa_color=grey&attribute_pa_size=42","8059780044881","1716258","1698336","2026-09-11T12:08:04.173Z"
"Assos RS JerseyS11 Speed Club24","Assos","","","","Clothing","Jerseys","Unspecified","Unspecified","S","clothing:s","S","Color: Lunar Red, Size: S","lunar-red","129","220","https://bikecloset.com/product/assos-rs-jerseys11-speed-club24/?attribute_pa_color=lunar-red&attribute_pa_size=s","7627776017303","1715973","1715970","2026-09-11T12:08:04.173Z"
"Assos Mille GT SS USA Olympic Jersey","Assos","","","","Clothing","Jerseys","Unspecified","Unspecified","L","clothing:l","L","Size: L","","99.99","159.99","https://bikecloset.com/product/assos-mille-gt-ss-usa-olympic-jersey/?attribute_pa_size=l","2220000178303","1713829","1713822","2026-09-11T12:08:04.173Z"
"Assos Mille GT SS USA Olympic Jersey","Assos","","","","Clothing","Jerseys","Unspecified","Unspecified","M","clothing:m","M","Size: M","","99.99","159.99","https://bikecloset.com/product/assos-mille-gt-ss-usa-olympic-jersey/?attribute_pa_size=m","2220000178297","1713828","1713822","2026-09-11T12:08:04.173Z"
"Assos Mille GT SS USA Olympic Jersey","Assos","","","","Clothing","Jerseys","Unspecified","Unspecified","S","clothing:s","S","Size: S","","99.99","159.99","https://bikecloset.com/product/assos-mille-gt-ss-usa-olympic-jersey/?attribute_pa_size=s","2220000178280","1713827","1713822","2026-09-11T12:08:04.173Z"
"Assos Mille GT SS USA Olympic Jersey","Assos","","","","Clothing","Jerseys","Unspecified","Unspecified","XL","clothing:xl","XL","Size: XL","","99.99","159.99","https://bikecloset.com/product/assos-mille-gt-ss-usa-olympic-jersey/?attribute_pa_size=xl","2220000178310","1713825","1713822","2026-09-11T12:08:04.173Z"
"Assos Mille GT SS USA Olympic Jersey","Assos","","","","Clothing","Jerseys","Unspecified","Unspecified","ASSOS XLG","clothing:assos xlg","XLG","Size: XLG","","99.99","159.99","https://bikecloset.com/product/assos-mille-gt-ss-usa-olympic-jersey/?attribute_pa_size=xlg","2220000178327","1713824","1713822","2026-09-11T12:08:04.173Z"
"Assos Mille GT SS USA Olympic Jersey","Assos","","","","Clothing","Jerseys","Unspecified","Unspecified","XS","clothing:xs","XS","Size: XS","","99.99","159.99","https://bikecloset.com/product/assos-mille-gt-ss-usa-olympic-jersey/?attribute_pa_size=xs","2220000178273","1713823","1713822","2026-09-11T12:08:04.173Z"
"Endura Xtract Mitt","Endura","","","","Clothing","Gloves","Unspecified","Unspecified","S","clothing:s","S","Color: Bright Yellow, Size: S","bright-yellow","9.99","34.99","https://bikecloset.com/product/endura-xtract-mitt/?attribute_pa_color=bright-yellow&attribute_pa_size=s","5056286902250","1713339","1713320","2026-09-11T12:08:04.173Z"
"Endura Xtract Mitt","Endura","","","","Clothing","Gloves","Unspecified","Unspecified","XS","clothing:xs","XS","Color: Bright Yellow, Size: XS","bright-yellow","9.99","34.99","https://bikecloset.com/product/endura-xtract-mitt/?attribute_pa_color=bright-yellow&attribute_pa_size=xs","5056286902243","1713338","1713320","2026-09-11T12:08:04.173Z"
"Endura Xtract Mitt","Endura","","","","Clothing","Gloves","Unspecified","Unspecified","S","clothing:s","S","Color: Red, Size: S","red","9.99","34.99","https://bikecloset.com/product/endura-xtract-mitt/?attribute_pa_color=red&attribute_pa_size=s","5056286902199","1713333","1713320","2026-09-11T12:08:04.173Z"
"Endura Xtract Mitt","Endura","","","","Clothing","Gloves","Unspecified","Unspecified","XS","clothing:xs","XS","Color: Red, Size: XS","red","9.99","34.99","https://bikecloset.com/product/endura-xtract-mitt/?attribute_pa_color=red&attribute_pa_size=xs","5056286902182","1713332","1713320","2026-09-11T12:08:04.173Z"
"Endura Xtract Mitt","Endura","","","","Clothing","Gloves","Unspecified","Unspecified","S","clothing:s","S","Color: Bright Blue, Size: S","bright-blue","9.99","34.99","https://bikecloset.com/product/endura-xtract-mitt/?attribute_pa_color=bright-blue&attribute_pa_size=s","5056286926355","1713327","1713320","2026-09-11T12:08:04.173Z"
"Endura Xtract Mitt","Endura","","","","Clothing","Gloves","Unspecified","Unspecified","M","clothing:m","M","Color: Black, Size: M","black","14.99","34.99","https://bikecloset.com/product/endura-xtract-mitt/?attribute_pa_color=black&attribute_pa_size=m","5056286902144","1713323","1713320","2026-09-11T12:08:04.173Z"
"Endura Xtract Mitt","Endura","","","","Clothing","Gloves","Unspecified","Unspecified","S","clothing:s","S","Color: Black, Size: S","black","14.99","34.99","https://bikecloset.com/product/endura-xtract-mitt/?attribute_pa_color=black&attribute_pa_size=s","5056286902137","1713322","1713320","2026-09-11T12:08:04.173Z"
"Endura Xtract Mitt","Endura","","","","Clothing","Gloves","Unspecified","Unspecified","XS","clothing:xs","XS","Color: Black, Size: XS","black","14.99","34.99","https://bikecloset.com/product/endura-xtract-mitt/?attribute_pa_color=black&attribute_pa_size=xs","5056286902120","1713321","1713320","2026-09-11T12:08:04.173Z"
"Endura Windchill Glove","Endura","","","","Clothing","Gloves","Unspecified","Unspecified","S","clothing:s","S","Color: Black, Size: S","black","14.99","49.99","https://bikecloset.com/product/endura-windchill-glove/?attribute_pa_color=black&attribute_pa_size=s","5055939944623","1713301","1713300","2026-09-11T12:08:04.173Z"
"Endura Pro SL Windproof Glove II","Endura","","","","Clothing","Gloves","Unspecified","Unspecified","XS","clothing:xs","XS","Color: Black, Size: XS","black","29.99","64.99","https://bikecloset.com/product/endura-pro-sl-windproof-glove-ii/?attribute_pa_color=black&attribute_pa_size=xs","5055939986111","1713298","1713294","2026-09-11T12:08:04.173Z"
"Endura Pro SL Race Jersey","Endura","","","","Clothing","Jerseys","Unspecified","Unspecified","XS","clothing:xs","XS","Color: Pomegranate, Size: XS","pomegranate","59.99","139.99","https://bikecloset.com/product/endura-pro-sl-race-jersey/?attribute_pa_color=pomegranate&attribute_pa_size=xs","5056286948814","1713261","1713260","2026-09-11T12:08:04.173Z"
"Endura Pro SL Race Jersey","Endura","","","","Clothing","Jerseys","Unspecified","Unspecified","XS","clothing:xs","XS","Color: Yellow Mustard, Size: XS","yellow-mustard","59.99","139.99","https://bikecloset.com/product/endura-pro-sl-race-jersey/?attribute_pa_color=yellow-mustard&attribute_pa_size=xs","5056286948753","1713264","1713260","2026-09-11T12:08:04.173Z"
"Endura Xtract S/S Jersey II","Endura","","","","Clothing","Jerseys","Unspecified","Unspecified","2XL","clothing:2xl","2XL","Color: Bright Yellow, Size: 2XL","bright-yellow","16.99","69.99","https://bikecloset.com/product/endura-xtract-s-s-jersey-ii/?attribute_pa_color=bright-yellow&attribute_pa_size=2xl","5056286901949","1713259","1713245","2026-09-11T12:08:04.173Z"
"Endura Xtract S/S Jersey II","Endura","","","","Clothing","Jerseys","Unspecified","Unspecified","XL","clothing:xl","XL","Color: Bright Yellow, Size: XL","bright-yellow","16.99","69.99","https://bikecloset.com/product/endura-xtract-s-s-jersey-ii/?attribute_pa_color=bright-yellow&attribute_pa_size=xl","5056286901932","1713258","1713245","2026-09-11T12:08:04.173Z"
"Endura Xtract S/S Jersey II","Endura","","","","Clothing","Jerseys","Unspecified","Unspecified","2XL","clothing:2xl","2XL","Color: Red, Size: 2XL","red","29.99","69.99","https://bikecloset.com/product/endura-xtract-s-s-jersey-ii/?attribute_pa_color=red&attribute_pa_size=2xl","5056286901895","1713254","1713245","2026-09-11T12:08:04.173Z"
"Endura Xtract S/S Jersey II","Endura","","","","Clothing","Jerseys","Unspecified","Unspecified","M","clothing:m","M","Color: Red, Size: M","red","29.99","69.99","https://bikecloset.com/product/endura-xtract-s-s-jersey-ii/?attribute_pa_color=red&attribute_pa_size=m","5056286901864","1713252","1713245","2026-09-11T12:08:04.173Z"
"Endura Xtract S/S Jersey II","Endura","","","","Clothing","Jerseys","Unspecified","Unspecified","2XL","clothing:2xl","2XL","Color: Black, Size: 2XL","black","29.99","69.99","https://bikecloset.com/product/endura-xtract-s-s-jersey-ii/?attribute_pa_color=black&attribute_pa_size=2xl","5056286901840","1713250","1713245","2026-09-11T12:08:04.173Z"
"Endura Xtract S/S Jersey II","Endura","","","","Clothing","Jerseys","Unspecified","Unspecified","XL","clothing:xl","XL","Color: Black, Size: XL","black","29.99","69.99","https://bikecloset.com/product/endura-xtract-s-s-jersey-ii/?attribute_pa_color=black&attribute_pa_size=xl","5056286901833","1713249","1713245","2026-09-11T12:08:04.173Z"
"Endura Xtract S/S Jersey II","Endura","","","","Clothing","Jerseys","Unspecified","Unspecified","M","clothing:m","M","Color: Black, Size: M","black","29.99","69.99","https://bikecloset.com/product/endura-xtract-s-s-jersey-ii/?attribute_pa_color=black&attribute_pa_size=m","5056286901819","1713247","1713245","2026-09-11T12:08:04.173Z"
"Endura Pro SL L/S Jersey II","Endura","","","","Clothing","Jerseys","Unspecified","Unspecified","2XL","clothing:2xl","2XL","Color: Yellow Mustard, Size: 2XL","yellow-mustard","69.99","139.99","https://bikecloset.com/product/endura-pro-sl-l-s-jersey-ii/?attribute_pa_color=yellow-mustard&attribute_pa_size=2xl","5055939957845","1713243","1713232","2026-09-11T12:08:04.173Z"
"Endura Pro SL L/S Jersey II","Endura","","","","Clothing","Jerseys","Unspecified","Unspecified","XL","clothing:xl","XL","Color: Yellow Mustard, Size: XL","yellow-mustard","69.99","139.99","https://bikecloset.com/product/endura-pro-sl-l-s-jersey-ii/?attribute_pa_color=yellow-mustard&attribute_pa_size=xl","5055939957838","1713242","1713232","2026-09-11T12:08:04.173Z"
"Endura Pro SL L/S Jersey II","Endura","","","","Clothing","Jerseys","Unspecified","Unspecified","2XL","clothing:2xl","2XL","Color: Black, Size: 2XL","black","49.99","139.99","https://bikecloset.com/product/endura-pro-sl-l-s-jersey-ii/?attribute_pa_color=black&attribute_pa_size=2xl","5055939957746","1713237","1713232","2026-09-11T12:08:04.173Z"
"Endura Pro SL L/S Jersey II","Endura","","","","Clothing","Jerseys","Unspecified","Unspecified","XL","clothing:xl","XL","Color: Black, Size: XL","black","49.99","139.99","https://bikecloset.com/product/endura-pro-sl-l-s-jersey-ii/?attribute_pa_color=black&attribute_pa_size=xl","5055939957739","1713236","1713232","2026-09-11T12:08:04.173Z"
"Enve Alloy Foundation Hub 24H 12×142 Disc Centerlock","Enve","","","","Wheels & tires","Hubs & parts","","","","","","Freehub: Front","","39.99","150","https://bikecloset.com/product/enve-alloy-foundation-hubset-12x142-disc-centerlock/?attribute_pa_freehub=front","100-4001-441","1713147","1712564","2026-09-11T12:08:04.173Z"
"Castelli Rosso Corsa Classico Glove","Castelli","","","","Clothing","Gloves","Unspecified","Unspecified","S","clothing:s","S","Color: Black, Size: S","black","24.99","59.99","https://bikecloset.com/product/castelli-rosso-corsa-classico-glove/?attribute_pa_color=black&attribute_pa_size=s","844615072669","1713089","1713081","2026-09-11T12:08:04.173Z"
"Castelli Rosso Corsa Classico Glove","Castelli","","","","Clothing","Gloves","Unspecified","Unspecified","XS","clothing:xs","XS","Color: Black, Size: XS","black","24.99","59.99","https://bikecloset.com/product/castelli-rosso-corsa-classico-glove/?attribute_pa_color=black&attribute_pa_size=xs","844615072652","1713088","1713081","2026-09-11T12:08:04.173Z"
"Castelli Free Aero RC Classico Bibshort","Castelli","","","","Clothing","Bib shorts","Unspecified","Unspecified","2XL","clothing:2xl","2XL","Size: 2XL","","99","220","https://bikecloset.com/product/castelli-free-aero-rc-classico-bibshort/?attribute_pa_size=2xl","844615072584","1712787","1712782","2026-09-11T12:08:04.173Z"
"Castelli Free Aero RC Classico Bibshort","Castelli","","","","Clothing","Bib shorts","Unspecified","Unspecified","XL","clothing:xl","XL","Size: XL","","99","220","https://bikecloset.com/product/castelli-free-aero-rc-classico-bibshort/?attribute_pa_size=xl","844615072577","1712786","1712782","2026-09-11T12:08:04.173Z"
"Castelli Free Aero RC Classico Bibshort","Castelli","","","","Clothing","Bib shorts","Unspecified","Unspecified","L","clothing:l","L","Size: L","","99","220","https://bikecloset.com/product/castelli-free-aero-rc-classico-bibshort/?attribute_pa_size=l","844615072560","1712785","1712782","2026-09-11T12:08:04.173Z"
"Castelli Free Aero RC Classico Bibshort","Castelli","","","","Clothing","Bib shorts","Unspecified","Unspecified","M","clothing:m","M","Size: M","","99","220","https://bikecloset.com/product/castelli-free-aero-rc-classico-bibshort/?attribute_pa_size=m","844615072553","1712784","1712782","2026-09-11T12:08:04.173Z"
"Castelli Free Aero RC Classico Bibshort","Castelli","","","","Clothing","Bib shorts","Unspecified","Unspecified","S","clothing:s","S","Size: S","","99","220","https://bikecloset.com/product/castelli-free-aero-rc-classico-bibshort/?attribute_pa_size=s","844615072546","1712783","1712782","2026-09-11T12:08:04.173Z"
"Enve Alloy Foundation Hub 24H 12×142 Disc Centerlock","Enve","","","","Wheels & tires","Hubs & parts","","","","","","Freehub: XDR","","39.99","250","https://bikecloset.com/product/enve-alloy-foundation-hubset-12x142-disc-centerlock/?attribute_pa_freehub=xdr","100-4001-443","1712565","1712564","2026-09-11T12:08:04.173Z"
"Enve Alloy Foundation Hub 24H 12×142 Disc Centerlock","Enve","","","","Wheels & tires","Hubs & parts","","","","","","Freehub: Campy N3W","","14.99","250","https://bikecloset.com/product/enve-alloy-foundation-hubset-12x142-disc-centerlock/?attribute_pa_freehub=campy-n3w","100-4001-449","1712566","1712564","2026-09-11T12:08:04.173Z"
"i9 1/1 Road 24H 12×142 Disc Centerlock","Industry Nine","","","","Wheels & tires","Hubs & parts","","","","","","Freehub: HG S11","","69.99","306","https://bikecloset.com/product/i9-1-1-hubset-road-12x142-disc-centerlock/?attribute_pa_freehub=hg-s11","100-4000-697","1712563","1712561","2026-09-11T12:08:04.173Z"
"i9 1/1 Road 24H 12×142 Disc Centerlock","Industry Nine","","","","Wheels & tires","Hubs & parts","","","","","","Freehub: XDR","","69.99","306","https://bikecloset.com/product/i9-1-1-hubset-road-12x142-disc-centerlock/?attribute_pa_freehub=xdr","100-4000-698","1712562","1712561","2026-09-11T12:08:04.173Z"
"POC Octal MIPS Garnet Red Matt","POC","","","","Footwear & protection","Helmets","","","L","helmets:l","LRG","Size: LRG","","109","200","https://bikecloset.com/product/poc-octal-mips-garnet-red-matt/?attribute_pa_size=lrg","7325549920927","1712037","1712036","2026-09-11T12:08:04.173Z"
"POC Ventral Tempus MIPS Fluorescent Orange AVIP","POC","","","","Footwear & protection","Helmets","","","L","helmets:l","LRG","Size: LRG","","99.99","280","https://bikecloset.com/product/poc-ventral-tempus-mips-fluorescent-orange-avip/?attribute_pa_size=lrg","7325549931039","1712034","1712033","2026-09-11T12:08:04.173Z"
"POC Ventral Tempus MIPS Fluorescent Orange AVIP","POC","","","","Footwear & protection","Helmets","","","M","helmets:m","MED","Size: MED","","99.99","280","https://bikecloset.com/product/poc-ventral-tempus-mips-fluorescent-orange-avip/?attribute_pa_size=med","7325549931046","1712035","1712033","2026-09-11T12:08:04.173Z"
"POC Tectal Race MIPS","POC","","","","Footwear & protection","Helmets","","","L","helmets:l","LRG","Size: LRG, Color: garnet red/hydrogen white matt","garnet-red-hydrogen-white-matt","99.99","260","https://bikecloset.com/product/poc-tectal-race-mips-4/?attribute_pa_size=lrg&attribute_pa_color=garnet-red-hydrogen-white-matt","1-7325549923898","1712013","1712007","2026-09-11T12:08:04.173Z"
"POC Tectal Race MIPS","POC","","","","Footwear & protection","Helmets","","","M","helmets:m","MED","Size: MED, Color: garnet red/hydrogen white matt","garnet-red-hydrogen-white-matt","99.99","260","https://bikecloset.com/product/poc-tectal-race-mips-4/?attribute_pa_size=med&attribute_pa_color=garnet-red-hydrogen-white-matt","1-7325549923881","1712012","1712007","2026-09-11T12:08:04.173Z"
"100% R-CORE","100%","","","","Clothing","Gloves","Unspecified","Unspecified","M","clothing:m","Slate Blue – M","Color/Size: Slate Blue – M","","15.99","36.5","https://bikecloset.com/product/100-r-core/?attribute_pa_color-size=slate-blue-m","R9187909-841269187909","1711516","1711221","2026-09-11T12:08:04.173Z"
"100% R-CORE","100%","","","","Clothing","Gloves","Unspecified","Unspecified","S","clothing:s","Slate Blue – S","Color/Size: Slate Blue – S","","15.99","36.5","https://bikecloset.com/product/100-r-core/?attribute_pa_color-size=slate-blue-s","R9187893-841269187893","1711514","1711221","2026-09-11T12:08:04.173Z"
"100% R-CORE","100%","","","","Clothing","Gloves","Unspecified","Unspecified","XL","clothing:xl","Racer Red – XL","Color/Size: Racer Red – XL","","36.5","36.5","https://bikecloset.com/product/100-r-core/?attribute_pa_color-size=racer-red-xl","R9187886-841269187886","1711512","1711221","2026-09-11T12:08:04.173Z"
"100% R-CORE","100%","","","","Clothing","Gloves","Unspecified","Unspecified","M","clothing:m","Racer Red – M","Color/Size: Racer Red – M","","15.99","36.5","https://bikecloset.com/product/100-r-core/?attribute_pa_color-size=racer-red-m","R9187862-841269187862","1711508","1711221","2026-09-11T12:08:04.173Z"
"100% R-CORE","100%","","","","Clothing","Gloves","Unspecified","Unspecified","S","clothing:s","Racer Red – S","Color/Size: Racer Red – S","","15.99","36.5","https://bikecloset.com/product/100-r-core/?attribute_pa_color-size=racer-red-s","R9187855-841269187855","1711506","1711221","2026-09-11T12:08:04.173Z"
"100% R-CORE","100%","","","","Clothing","Gloves","Unspecified","Unspecified","XL","clothing:xl","Black – XL","Color/Size: Black – XL","","15.99","36.5","https://bikecloset.com/product/100-r-core/?attribute_pa_color-size=black-xl","R9187749-841269187749","1711502","1711221","2026-09-11T12:08:04.173Z"
"100% HYDROMATIC","100%","","","","Clothing","Gloves","Unspecified","Unspecified","S","clothing:s","Black – S","Color/Size: Black – S","","14.99","39.5","https://bikecloset.com/product/100-hydromatic/?attribute_pa_color-size=black-s","R9186384-841269186384","1711438","1711437","2026-09-11T12:08:04.173Z"
"100% SLING Full Finger","100%","","","","Clothing","Gloves","Unspecified","Unspecified","S","clothing:s","Navy – S","Color/Size: Navy – S","","14.99","39.5","https://bikecloset.com/product/100-sling/?attribute_pa_color-size=navy-s","R9186681-841269186681","1711448","1711261","2026-09-11T12:08:04.173Z"
"100% SLING Full Finger","100%","","","","Clothing","Gloves","Unspecified","Unspecified","XL","clothing:xl","Grey – XL","Color/Size: Grey – XL","","14.99","39.5","https://bikecloset.com/product/100-sling/?attribute_pa_color-size=grey-xl","R9186667-841269186667","1711444","1711261","2026-09-11T12:08:04.173Z"
"100% SLING Full Finger","100%","","","","Clothing","Gloves","Unspecified","Unspecified","S","clothing:s","Black – S","Color/Size: Black – S","","14.99","39.5","https://bikecloset.com/product/100-sling/?attribute_pa_color-size=black-s","R9186582-841269186582","1711442","1711261","2026-09-11T12:08:04.173Z"
"100% HYDROMATIC","100%","","","","Clothing","Gloves","Unspecified","Unspecified","S","clothing:s","Fluo Yellow – S","Color/Size: Fluo Yellow – S","","39.5","39.5","https://bikecloset.com/product/100-hydromatic/?attribute_pa_color-size=fluo-yellow-s","R9186438-841269186438","1711440","1711437","2026-09-11T12:08:04.173Z"
"100% RIDECAMP Women’s","100%","","","","Clothing","Gloves","Women's","Unspecified","M","clothing:m","Navy/Slate – M","Color/Size: Navy/Slate – M","","7.99","24.5","https://bikecloset.com/product/100-ridecamp-womens/?attribute_pa_color-size=navy-slate-m","R9186148-841269186148","1711426","1711279","2026-09-11T12:08:04.173Z"
"100% RIDECAMP Women’s","100%","","","","Clothing","Gloves","Women's","Unspecified","S","clothing:s","Navy/Slate – S","Color/Size: Navy/Slate – S","","7.99","24.5","https://bikecloset.com/product/100-ridecamp-womens/?attribute_pa_color-size=navy-slate-s","R9186131-841269186131","1711424","1711279","2026-09-11T12:08:04.173Z"
"100% RIDECAMP Women’s","100%","","","","Clothing","Gloves","Women's","Unspecified","XL","clothing:xl","Gloves Lavender – XL","Color/Size: Gloves Lavender – XL","","7.99","24.5","https://bikecloset.com/product/100-ridecamp-womens/?attribute_pa_color-size=gloves-lavender-xl","R9186124-841269186124","1711422","1711279","2026-09-11T12:08:04.173Z"
"100% RIDECAMP Women’s","100%","","","","Clothing","Gloves","Women's","Unspecified","L","clothing:l","Black/Charcoal – L","Color/Size: Black/Charcoal – L","","7.99","24.5","https://bikecloset.com/product/100-ridecamp-womens/?attribute_pa_color-size=black-charcoal-l","R9186032-841269186032","1711418","1711279","2026-09-11T12:08:04.173Z"
"100% RIDECAMP Women’s","100%","","","","Clothing","Gloves","Women's","Unspecified","S","clothing:s","Black/Charcoal – S","Color/Size: Black/Charcoal – S","","7.99","24.5","https://bikecloset.com/product/100-ridecamp-womens/?attribute_pa_color-size=black-charcoal-s","R9186018-841269186018","1711416","1711279","2026-09-11T12:08:04.173Z"
"100% RIDECAMP Youth","100%","","","","Clothing","Gloves","Youth","Unspecified","L","clothing:l","Red – L","Color/Size: Red – L","","4.99","24.5","https://bikecloset.com/product/100-ridecamp-youth/?attribute_pa_color-size=red-l","R9185998-841269185998","1711414","1711233","2026-09-11T12:08:04.173Z"
"100% RIDECAMP Youth","100%","","","","Clothing","Gloves","Youth","Unspecified","L","clothing:l","Black/Charcoal – L","Color/Size: Black/Charcoal – L","","4.99","24.5","https://bikecloset.com/product/100-ridecamp-youth/?attribute_pa_color-size=black-charcoal-l","R9185950-841269185950","1711412","1711233","2026-09-11T12:08:04.173Z"
"100% RIDECAMP Youth","100%","","","","Clothing","Gloves","Youth","Unspecified","M","clothing:m","Black/Charcoal – M","Color/Size: Black/Charcoal – M","","4.99","24.5","https://bikecloset.com/product/100-ridecamp-youth/?attribute_pa_color-size=black-charcoal-m","R9185943-841269185943","1711410","1711233","2026-09-11T12:08:04.173Z"
"100% RIDECAMP","100%","","","","Clothing","Gloves","Unspecified","Unspecified","2XL","clothing:2xl","Navy/Slate Blue – 2XL","Color/Size: Navy/Slate Blue – 2XL","","9.99","24.5","https://bikecloset.com/product/100-ridecamp/?attribute_pa_color-size=navy-slate-blue-2xl","R9185875-841269185875","1711408","1711244","2026-09-11T12:08:04.173Z"
"100% RIDECAMP","100%","","","","Clothing","Gloves","Unspecified","Unspecified","2XL","clothing:2xl","Fluo Yellow 2XL","Color/Size: Fluo Yellow 2XL","","9.99","24.5","https://bikecloset.com/product/100-ridecamp/?attribute_pa_color-size=fluo-yellow-2xl","R9185820-841269185820","1711404","1711244","2026-09-11T12:08:04.173Z"
"100% RIDECAMP","100%","","","","Clothing","Gloves","Unspecified","Unspecified","S","clothing:s","Fluo Yellow – S","Color/Size: Fluo Yellow – S","","9.99","24.5","https://bikecloset.com/product/100-ridecamp/?attribute_pa_color-size=fluo-yellow-s","R9185783-841269185783","1711400","1711244","2026-09-11T12:08:04.173Z"
"100% RIDECAMP","100%","","","","Clothing","Gloves","Unspecified","Unspecified","S","clothing:s","Black/Charcoal – S","Color/Size: Black/Charcoal – S","","9.99","24.5","https://bikecloset.com/product/100-ridecamp/?attribute_pa_color-size=black-charcoal-s","R9185738-841269185738","1711396","1711244","2026-09-11T12:08:04.173Z"
"100% RIDECAMP","100%","","","","Clothing","Gloves","Unspecified","Unspecified","2XL","clothing:2xl","Army Green/Black – 2XL","Color/Size: Army Green/Black – 2XL","","9.99","24.5","https://bikecloset.com/product/100-ridecamp/?attribute_pa_color-size=army-green-black-2xl","R9185721-841269185721","1711394","1711244","2026-09-11T12:08:04.173Z"
"100% RIDECAMP","100%","","","","Clothing","Gloves","Unspecified","Unspecified","S","clothing:s","Army Green/Black – S","Color/Size: Army Green/Black – S","","9.99","24.5","https://bikecloset.com/product/100-ridecamp/?attribute_pa_color-size=army-green-black-s","R9185684-841269185684","1711392","1711244","2026-09-11T12:08:04.173Z"
"100% CELIUM","100%","","","","Clothing","Gloves","Unspecified","Unspecified","S","clothing:s","Fluo Yellow – S","Color/Size: Fluo Yellow – S","","9.99","29.5","https://bikecloset.com/product/100-celium/?attribute_pa_color-size=fluo-yellow-s","R9184892-841269184892","1711380","1711324","2026-09-11T12:08:04.173Z"
"100% CELIUM","100%","","","","Clothing","Gloves","Unspecified","Unspecified","S","clothing:s","Black/Grey – S","Color/Size: Black/Grey – S","","9.99","29.5","https://bikecloset.com/product/100-celium/?attribute_pa_color-size=black-grey-s","R9184809-841269184809","1711376","1711324","2026-09-11T12:08:04.173Z"
"100% R-CORE","100%","","","","Clothing","Gloves","Unspecified","Unspecified","S","clothing:s","Silver SM","Color/Size: Silver SM","","36.5","36.5","https://bikecloset.com/product/100-r-core/?attribute_pa_color-size=silver-sm","R9166300-841269166300","1711354","1711221","2026-09-11T12:08:04.173Z"
"100% R-CORE","100%","","","","Clothing","Gloves","Unspecified","Unspecified","S","clothing:s","Cherry SM","Color/Size: Cherry SM","","9.99","36.5","https://bikecloset.com/product/100-r-core/?attribute_pa_color-size=cherry-sm","R9166263-841269166263","1711350","1711221","2026-09-11T12:08:04.173Z"
"100% EXCEEDA Gel Short Finger Gloves","100%","","","","Clothing","Gloves","Unspecified","Unspecified","S","clothing:s","Fluo Yellow SM","Color/Size: Fluo Yellow SM","","9.99","29.5","https://bikecloset.com/product/100-exceeda-gel-short-finger-gloves/?attribute_pa_color-size=fluo-yellow-sm","R9156233-841269156233","1711341","1711340","2026-09-11T12:08:04.173Z"
"100% EXCEEDA Gel Short Finger Gloves","100%","","","","Clothing","Gloves","Unspecified","Unspecified","M","clothing:m","Fluo Yellow MD","Color/Size: Fluo Yellow MD","","9.99","29.5","https://bikecloset.com/product/100-exceeda-gel-short-finger-gloves/?attribute_pa_color-size=fluo-yellow-md","R9156240-841269156240","1711343","1711340","2026-09-11T12:08:04.173Z"
"100% R-CORE","100%","","","","Clothing","Gloves","Unspecified","Unspecified","XL","clothing:xl","Fluo Yellow – XL","Color/Size: Fluo Yellow – XL","","36.5","36.5","https://bikecloset.com/product/100-r-core/?attribute_pa_color-size=fluo-yellow-xl","R9156189-841269156189","1711338","1711221","2026-09-11T12:08:04.173Z"
"100% R-CORE","100%","","","","Clothing","Gloves","Unspecified","Unspecified","M","clothing:m","Fluo Yellow MD","Color/Size: Fluo Yellow MD","","9.99","36.5","https://bikecloset.com/product/100-r-core/?attribute_pa_color-size=fluo-yellow-md","R9156165-841269156165","1711336","1711221","2026-09-11T12:08:04.173Z"
"100% R-CORE","100%","","","","Clothing","Gloves","Unspecified","Unspecified","S","clothing:s","Fluo Yellow SM","Color/Size: Fluo Yellow SM","","9.99","36.5","https://bikecloset.com/product/100-r-core/?attribute_pa_color-size=fluo-yellow-sm","R9156158-841269156158","1711334","1711221","2026-09-11T12:08:04.173Z"
"100% GEOMATIC Mountain Bike Gloves","100%","","","","Clothing","Gloves","Unspecified","Mountain / trail","L","clothing:l","Glove White LG","Color/Size: Glove White LG","","7.99","34.5","https://bikecloset.com/product/100-geometic/?attribute_pa_color-size=glove-white-lg","R9148818-841269148818","1711316","1711301","2026-09-11T12:08:04.173Z"
"100% GEOMATIC Mountain Bike Gloves","100%","","","","Clothing","Gloves","Unspecified","Mountain / trail","M","clothing:m","White – MD","Color/Size: White – MD","","7.99","34.5","https://bikecloset.com/product/100-geometic/?attribute_pa_color-size=white-md","R9148801-841269148801","1711314","1711301","2026-09-11T12:08:04.173Z"
"100% GEOMATIC Mountain Bike Gloves","100%","","","","Clothing","Gloves","Unspecified","Mountain / trail","L","clothing:l","Black LG","Color/Size: Black LG","","7.99","34.5","https://bikecloset.com/product/100-geometic/?attribute_pa_color-size=black-lg","R9148719-841269148719","1711306","1711301","2026-09-11T12:08:04.173Z"
"100% GEOMATIC Mountain Bike Gloves","100%","","","","Clothing","Gloves","Unspecified","Mountain / trail","S","clothing:s","Black SM","Color/Size: Black SM","","7.99","34.5","https://bikecloset.com/product/100-geometic/?attribute_pa_color-size=black-sm","R9148696-841269148696","1711302","1711301","2026-09-11T12:08:04.173Z"
"100% RIDECAMP Women’s","100%","","","","Clothing","Gloves","Women's","Unspecified","S","clothing:s","Black SM","Color/Size: Black SM","","7.99","24.5","https://bikecloset.com/product/100-ridecamp-womens/?attribute_pa_color-size=black-sm","R9138833-841269138833","1711280","1711279","2026-09-11T12:08:04.173Z"
"100% GEOMATIC Mountain Bike Gloves","100%","","","","Clothing","Gloves","Unspecified","Mountain / trail","M","clothing:m","Black MD","Color/Size: Black MD","","7.99","34.5","https://bikecloset.com/product/100-geometic/?attribute_pa_color-size=black-md","R9148702-841269148702","1711304","1711301","2026-09-11T12:08:04.173Z"
"100% EXCEEDA Gel Womens Short Finger Gloves","100%","","","","Clothing","Gloves","Women's","Unspecified","XL","clothing:xl","Black – XL","Color/Size: Black – XL","","4.99","29.5","https://bikecloset.com/product/100-exceeda-gel-womens-short-finger/?attribute_pa_color-size=black-xl","R9138987-841269138987","1711299","1711294","2026-09-11T12:08:04.173Z"
"100% EXCEEDA Gel Womens Short Finger Gloves","100%","","","","Clothing","Gloves","Women's","Unspecified","L","clothing:l","Black LG","Color/Size: Black LG","","4.99","29.5","https://bikecloset.com/product/100-exceeda-gel-womens-short-finger/?attribute_pa_color-size=black-lg","R9138970-841269138970","1711297","1711294","2026-09-11T12:08:04.173Z"
"100% RIDECAMP Women’s","100%","","","","Clothing","Gloves","Women's","Unspecified","XL","clothing:xl","Brick XL","Color/Size: Brick XL","","7.99","24.5","https://bikecloset.com/product/100-ridecamp-womens/?attribute_pa_color-size=brick-xl","R9138949-841269138949","1711292","1711279","2026-09-11T12:08:04.173Z"
"100% RIDECAMP Women’s","100%","","","","Clothing","Gloves","Women's","Unspecified","L","clothing:l","Blue LG","Color/Size: Blue LG","","7.99","24.5","https://bikecloset.com/product/100-ridecamp-womens/?attribute_pa_color-size=blue-lg","R9138895-841269138895","1711288","1711279","2026-09-11T12:08:04.173Z"
"100% RIDECAMP Women’s","100%","","","","Clothing","Gloves","Women's","Unspecified","M","clothing:m","Black MD","Color/Size: Black MD","","7.99","24.5","https://bikecloset.com/product/100-ridecamp-womens/?attribute_pa_color-size=black-md","R9138840-841269138840","1711282","1711279","2026-09-11T12:08:04.173Z"
"100% SLING Full Finger","100%","","","","Clothing","Gloves","Unspecified","Unspecified","S","clothing:s","Black SM","Color/Size: Black SM","","14.99","39.5","https://bikecloset.com/product/100-sling/?attribute_pa_color-size=black-sm","R9138673-841269138673","1711262","1711261","2026-09-11T12:08:04.173Z"
"100% RIDECAMP","100%","","","","Clothing","Gloves","Unspecified","Unspecified","S","clothing:s","Red SM","Color/Size: Red SM","","9.99","24.5","https://bikecloset.com/product/100-ridecamp/?attribute_pa_color-size=red-sm","R9138499-841269138499","1711245","1711244","2026-09-11T12:08:04.173Z"
"100% R-CORE","100%","","","","Clothing","Gloves","Unspecified","Unspecified","S","clothing:s","White – SM","Color/Size: White – SM","","15.99","36.5","https://bikecloset.com/product/100-r-core/?attribute_pa_color-size=white-sm","R9138161-841269138161","1711222","1711221","2026-09-11T12:08:04.173Z"
"100% RIDECAMP","100%","","","","Clothing","Gloves","Unspecified","Unspecified","S","clothing:s","Fatigue SM","Color/Size: Fatigue SM","","9.99","24.5","https://bikecloset.com/product/100-ridecamp/?attribute_pa_color-size=fatigue-sm","R9138635-841269138635","1711259","1711244","2026-09-11T12:08:04.173Z"
"100% RIDECAMP","100%","","","","Clothing","Gloves","Unspecified","Unspecified","M","clothing:m","Fluo Yellow MD","Color/Size: Fluo Yellow MD","","9.99","24.5","https://bikecloset.com/product/100-ridecamp/?attribute_pa_color-size=fluo-yellow-md","R9138550-841269138550","1711253","1711244","2026-09-11T12:08:04.173Z"
"100% RIDECAMP","100%","","","","Clothing","Gloves","Unspecified","Unspecified","S","clothing:s","Fluo Yellow SM","Color/Size: Fluo Yellow SM","","9.99","24.5","https://bikecloset.com/product/100-ridecamp/?attribute_pa_color-size=fluo-yellow-sm","R9138543-841269138543","1711251","1711244","2026-09-11T12:08:04.173Z"
"100% RIDECAMP","100%","","","","Clothing","Gloves","Unspecified","Unspecified","2XL","clothing:2xl","Red 2XL","Color/Size: Red 2XL","","9.99","24.5","https://bikecloset.com/product/100-ridecamp/?attribute_pa_color-size=red-2xl","R9138536-841269138536","1711249","1711244","2026-09-11T12:08:04.173Z"
"100% RIDECAMP Youth","100%","","","","Clothing","Gloves","Youth","Unspecified","Youth XL","clothing:youth xl","Red Y-XL","Color/Size: Red Y-XL","","4.99","24.5","https://bikecloset.com/product/100-ridecamp-youth/?attribute_pa_color-size=red-y-xl","R9138482-841269138482","1711242","1711233","2026-09-11T12:08:04.173Z"
"100% RIDECAMP Youth","100%","","","","Clothing","Gloves","Youth","Unspecified","S","clothing:s","Black SM","Color/Size: Black SM","","4.99","24.5","https://bikecloset.com/product/100-ridecamp-youth/?attribute_pa_color-size=black-sm","R9138406-841269138406","1711238","1711233","2026-09-11T12:08:04.173Z"
"100% RIDECAMP Youth","100%","","","","Clothing","Gloves","Youth","Unspecified","Youth XL","clothing:youth xl","Black Y-XL","Color/Size: Black Y-XL","","4.99","24.5","https://bikecloset.com/product/100-ridecamp-youth/?attribute_pa_color-size=black-y-xl","R9138390-841269138390","1711236","1711233","2026-09-11T12:08:04.173Z"
"100% R-CORE","100%","","","","Clothing","Gloves","Unspecified","Unspecified","M","clothing:m","Charcoal MD","Color/Size: Charcoal MD","","15.99","36.5","https://bikecloset.com/product/100-r-core/?attribute_pa_color-size=charcoal-md","R9138253-841269138253","1711232","1711221","2026-09-11T12:08:04.173Z"
"100% R-CORE","100%","","","","Clothing","Gloves","Unspecified","Unspecified","M","clothing:m","Black MD","Color/Size: Black MD","","15.99","36.5","https://bikecloset.com/product/100-r-core/?attribute_pa_color-size=black-md","R9138215-841269138215","1711230","1711221","2026-09-11T12:08:04.173Z"
"100% R-CORE","100%","","","","Clothing","Gloves","Unspecified","Unspecified","S","clothing:s","Black SM","Color/Size: Black SM","","15.99","36.5","https://bikecloset.com/product/100-r-core/?attribute_pa_color-size=black-sm","R9138208-841269138208","1711228","1711221","2026-09-11T12:08:04.173Z"
"100% R-CORE","100%","","","","Clothing","Gloves","Unspecified","Unspecified","XL","clothing:xl","White – XL","Color/Size: White – XL","","15.99","36.5","https://bikecloset.com/product/100-r-core/?attribute_pa_color-size=white-xl","R9138192-841269138192","1711226","1711221","2026-09-11T12:08:04.173Z"
"100% COGNITO D30","100%","","","","Clothing","Gloves","Unspecified","Unspecified","S","clothing:s","Fluo Yellow/Black SM","Color/Size: Fluo Yellow/Black SM","","9.99","39.5","https://bikecloset.com/product/100-cognito-d30/?attribute_pa_color-size=fluo-yellow-black-sm","R9129978-841269129978","1711211","1711210","2026-09-11T12:08:04.173Z"
"100% HYDROMATIC","100%","","","","Clothing","Gloves","Unspecified","Unspecified","2XL","clothing:2xl","Black XXL","Color/Size: Black XXL","","14.99","39.5","https://bikecloset.com/product/100-hydromatic-waterproof/?attribute_pa_color-size=black-xxl","R9125819-841269125819","1711208","1711205","2026-09-11T12:08:04.173Z"
"100% COGNITO SMART SHOCK","100%","","","","Clothing","Gloves","Unspecified","Unspecified","S","clothing:s","Red – S","Color/Size: Red – S","","16.99","39.5","https://bikecloset.com/product/100-cognito-smart-shock/?attribute_pa_color-size=red-s","R1014570-196261014570","1711196","1711173","2026-09-11T12:08:04.173Z"
"100% COGNITO SMART SHOCK","100%","","","","Clothing","Gloves","Unspecified","Unspecified","S","clothing:s","Fluo Yellow – S","Color/Size: Fluo Yellow – S","","16.99","39.5","https://bikecloset.com/product/100-cognito-smart-shock/?attribute_pa_color-size=fluo-yellow-s","R1014532-196261014532","1711192","1711173","2026-09-11T12:08:04.173Z"
"100% COGNITO SMART SHOCK","100%","","","","Clothing","Gloves","Unspecified","Unspecified","XL","clothing:xl","Fluo Orange – XL","Color/Size: Fluo Orange – XL","","16.99","39.5","https://bikecloset.com/product/100-cognito-smart-shock/?attribute_pa_color-size=fluo-orange-xl","R1014525-196261014525","1711190","1711173","2026-09-11T12:08:04.173Z"
"100% COGNITO SMART SHOCK","100%","","","","Clothing","Gloves","Unspecified","Unspecified","S","clothing:s","Black – S","Color/Size: Black – S","","16.99","39.5","https://bikecloset.com/product/100-cognito-smart-shock/?attribute_pa_color-size=black-s","R1014440-196261014440","1711180","1711173","2026-09-11T12:08:04.173Z"
"100% Road Gloves EXCEEDA Gel Short Finger Gloves Black","100%","","","","Clothing","Gloves","Unspecified","Road","S","clothing:s","Small","Size: Small","","6.99","29.5","https://bikecloset.com/product/100-road-gloves-exceeda-gel-short-finger-glove-black/?attribute_pa_size=small","841269138796","1711172","1705969","2026-09-11T12:08:04.173Z"
"Knog Plugger Lights Front 350 Lumens","Knog","","","","Accessories & tools","Lights","","","","","","Color: Front Ninja Black","front-ninja-black","15.99","39.95","https://bikecloset.com/product/plugger-lights-plugger-front/?attribute_pa_color=front-ninja-black","9328389029629","1711027","1711026","2026-09-11T12:08:04.173Z"
"Knog Plugger Lights Front 350 Lumens","Knog","","","","Accessories & tools","Lights","","","","","","Color: Front Post-Box Red","front-post-box-red","15.99","39.95","https://bikecloset.com/product/plugger-lights-plugger-front/?attribute_pa_color=front-post-box-red","9328389029643","1711029","1711026","2026-09-11T12:08:04.173Z"
"Knog Plugger Lights Front 350 Lumens","Knog","","","","Accessories & tools","Lights","","","","","","Color: Front Polar-Bear White","front-polar-bear-white","15.99","39.95","https://bikecloset.com/product/plugger-lights-plugger-front/?attribute_pa_color=front-polar-bear-white","9328389029636","1711028","1711026","2026-09-11T12:08:04.173Z"
"Knog Plug Lights Front 250 Lumens","Knog","","","","Accessories & tools","Lights","","","","","","Color: Front Red","front-red","7.99","29.95","https://bikecloset.com/product/plug-lights-plug-front/?attribute_pa_color=front-red","9328389028554","1711021","1711016","2026-09-11T12:08:04.173Z"
"Knog Plug Lights Front 250 Lumens","Knog","","","","Accessories & tools","Lights","","","","","","Color: Front Grey","front-grey","7.99","29.95","https://bikecloset.com/product/plug-lights-plug-front/?attribute_pa_color=front-grey","9328389028547","1711019","1711016","2026-09-11T12:08:04.173Z"
"Knog Plug Lights Front 250 Lumens","Knog","","","","Accessories & tools","Lights","","","","","","Color: Front Black","front-black","7.99","29.95","https://bikecloset.com/product/plug-lights-plug-front/?attribute_pa_color=front-black","9328389028530","1711017","1711016","2026-09-11T12:08:04.173Z"
"Knog  Plug Lights Plug Rear","Knog","","","","Accessories & tools","Lights","","","","","Grey","Size: Grey","","9.99","24.95","https://bikecloset.com/product/knog-plug-lights-plug-rear/?attribute_pa_size=grey","9328389028585","1710992","1705976","2026-09-11T12:08:04.173Z"
"Assos GT Socks C2","Assos","","","","Clothing","Socks","Unspecified","Unspecified","ASSOS 0","socks:assos 0","Genesi Blue 0","Size: Genesi Blue 0","","14.99","22","https://bikecloset.com/product/assos-gt-socks-c2/?attribute_pa_size=genesi-blue-0","7627776010618","1709086","1709078","2026-09-11T12:08:04.173Z"
"Assos GT Socks C2","Assos","","","","Clothing","Socks","Unspecified","Unspecified","ASSOS I","socks:assos i","Genesi Blue I","Size: Genesi Blue I","","14.99","22","https://bikecloset.com/product/assos-gt-socks-c2/?attribute_pa_size=genesi-blue-i","7627776010625","1709085","1709078","2026-09-11T12:08:04.173Z"
"Assos GT Socks C2","Assos","","","","Clothing","Socks","Unspecified","Unspecified","ASSOS 0","socks:assos 0","Moon Sand Size 0","Size: Moon Sand Size 0","","14.99","22","https://bikecloset.com/product/assos-gt-socks-c2/?attribute_pa_size=moon-sand-size-0","7627776010588","1709081","1709078","2026-09-11T12:08:04.173Z"
"Assos MILLE GTO Jersey C2 Rock Grey","Assos","","","","Clothing","Jerseys","Unspecified","Unspecified","M","clothing:m","M","Size: M","","179","300","https://bikecloset.com/product/assos-mille-gto-jersey-c2-3/?attribute_pa_size=m","2220000245371","1709050","1709047","2026-09-11T12:08:04.173Z"
"Assos MILLE GTO Jersey C2 Rock Grey","Assos","","","","Clothing","Jerseys","Unspecified","Unspecified","S","clothing:s","S","Size: S","","179","300","https://bikecloset.com/product/assos-mille-gto-jersey-c2-3/?attribute_pa_size=s","2220000245364","1709049","1709047","2026-09-11T12:08:04.173Z"
"Abus Viantor Mips","Abus","","","","Footwear & protection","Helmets","","","S","helmets:s","S","Color: Steel Blue, Size: S","steel-blue","29.99","140","https://bikecloset.com/product/abus-viantor-mips/?attribute_pa_color=steel-blue&attribute_pa_size=s","4003318634413","1706587","1659651","2026-09-11T12:08:04.173Z"
"Knog  Plug Lights Plug Rear","Knog","","","","Accessories & tools","Lights","","","","","BLACK","Size: BLACK","","9.99","24.95","https://bikecloset.com/product/knog-plug-lights-plug-rear/?attribute_pa_size=black","9328389028578","1705977","1705976","2026-09-11T12:08:04.173Z"
"Knog  Plug Lights Plug Rear","Knog","","","","Accessories & tools","Lights","","","","","RED","Size: RED","","9.99","24.95","https://bikecloset.com/product/knog-plug-lights-plug-rear/?attribute_pa_size=red","9328389028592","1705979","1705976","2026-09-11T12:08:04.173Z"
"100% Road Gloves EXCEEDA Gel Short Finger Gloves Black","100%","","","","Clothing","Gloves","Unspecified","Road","L","clothing:l","Large","Size: Large","","6.99","29.5","https://bikecloset.com/product/100-road-gloves-exceeda-gel-short-finger-glove-black/?attribute_pa_size=large","841269138819","1705972","1705969","2026-09-11T12:08:04.173Z"
"ENVE Fortune Storm T-Shirt Womens","Enve","","","","Clothing","Casual clothing","Women's","Unspecified","2XL","clothing:2xl","XXL","Size: XXL","","4.99","25","https://bikecloset.com/product/enve-fortune-storm-t-shirt-wmns/?attribute_pa_size=xxl","800-0000-357","1705137","1705130","2026-09-11T12:08:04.173Z"
"ENVE Fortune Storm T-Shirt Womens","Enve","","","","Clothing","Casual clothing","Women's","Unspecified","L","clothing:l","Large","Size: Large","","4.99","25","https://bikecloset.com/product/enve-fortune-storm-t-shirt-wmns/?attribute_pa_size=large","800-0000-355","1705135","1705130","2026-09-11T12:08:04.173Z"
"ENVE CMYK Charcoal T-Shirt Womens","Enve","","","","Clothing","Casual clothing","Women's","Unspecified","2XL","clothing:2xl","XXL","Size: XXL","","4.99","25","https://bikecloset.com/product/enve-cmyk-charcoal-t-shirt-wmns/?attribute_pa_size=xxl","800-0000-345","1705123","1705116","2026-09-11T12:08:04.173Z"
"ENVE CMYK Charcoal T-Shirt Womens","Enve","","","","Clothing","Casual clothing","Women's","Unspecified","XL","clothing:xl","XL","Size: XL","","4.99","25","https://bikecloset.com/product/enve-cmyk-charcoal-t-shirt-wmns/?attribute_pa_size=xl","800-0000-344","1705122","1705116","2026-09-11T12:08:04.173Z"
"ENVE 10yr Anniversary T-shirt Womens","Enve","","","","Clothing","Casual clothing","Women's","Unspecified","XL","clothing:xl","XL","Size: XL","","4.99","25","https://bikecloset.com/product/enve-10yr-anniversary-t-shirt-wmns/?attribute_pa_size=xl","800-0000-174","1705107","1705103","2026-09-11T12:08:04.173Z"
"POC Seize Sock Short","POC","","","","Clothing","Socks","Unspecified","Unspecified","S","socks:s","SML","Color: turmaline navy, Size: SML","turmaline-navy","9.99","32","https://bikecloset.com/product/poc-seize-sock-short/?attribute_pa_color=turmaline-navy&attribute_pa_size=sml","PC651491582SML1-7325549907706","1701618","1701610","2026-09-11T12:08:04.173Z"
"POC Seize Sock Short","POC","","","","Clothing","Socks","Unspecified","Unspecified","M","socks:m","MED","Color: turmaline navy, Size: MED","turmaline-navy","9.99","32","https://bikecloset.com/product/poc-seize-sock-short/?attribute_pa_color=turmaline-navy&attribute_pa_size=med","PC651491582MED1-7325549907614","1701617","1701610","2026-09-11T12:08:04.173Z"
"POC Seize Sock Short","POC","","","","Clothing","Socks","Unspecified","Unspecified","L","socks:l","LRG","Color: turmaline navy, Size: LRG","turmaline-navy","9.99","32","https://bikecloset.com/product/poc-seize-sock-short/?attribute_pa_color=turmaline-navy&attribute_pa_size=lrg","PC651491582LRG1-7325549907607","1701616","1701610","2026-09-11T12:08:04.173Z"
"POC Seize Sock Short","POC","","","","Clothing","Socks","Unspecified","Unspecified","S","socks:s","SML","Color: Uranium Black, Size: SML","uranium-black","9.99","32","https://bikecloset.com/product/poc-seize-sock-short/?attribute_pa_color=uranium-black&attribute_pa_size=sml","PC651491002SML1-7325549947641","1701615","1701610","2026-09-11T12:08:04.173Z"
"POC Soleus Lite Sock Mid","POC","","","","Clothing","Socks","Unspecified","Unspecified","S","socks:s","SML","Color: Calcite Blue, Size: SML","calcite-blue","14.99","30","https://bikecloset.com/product/poc-soleus-lite-sock-mid-2/?attribute_pa_color=calcite-blue&attribute_pa_size=sml","PC651411584SML1-7325549886568","1701609","1701606","2026-09-11T12:08:04.173Z"
"POC Radiant Jersey","POC","","","","Clothing","Jerseys","Unspecified","Unspecified","S","clothing:s","SML","Color: Navy Black, Size: SML","navy-black","59.99","180","https://bikecloset.com/product/poc-radiant-jersey/?attribute_pa_color=navy-black&attribute_pa_size=sml","PC523191531SML1-7325549960183","1701586","1701580","2026-09-11T12:08:04.173Z"
"POC Radiant Jersey","POC","","","","Clothing","Jerseys","Unspecified","Unspecified","S","clothing:s","SML","Color: Zink Orange, Size: SML","zink-orange","59.99","180","https://bikecloset.com/product/poc-radiant-jersey/?attribute_pa_color=zink-orange&attribute_pa_size=sml","PC523191205SML1-7325549959194","1701582","1701580","2026-09-11T12:08:04.173Z"
"POC Pro Thermal Jacket","POC","","","","Clothing","Jackets & rain shells","Unspecified","Unspecified","S","clothing:s","SML","Color: aragonite brown, Size: SML","aragonite-brown","89.99","220","https://bikecloset.com/product/poc-pro-thermal-jacket/?attribute_pa_color=aragonite-brown&attribute_pa_size=sml","PC523151815SML1-7325549906938","1701571","1701562","2026-09-11T12:08:04.173Z"
"POC Pro Thermal Jacket","POC","","","","Clothing","Jackets & rain shells","Unspecified","Unspecified","XS","clothing:xs","XSM","Color: Granite Grey, Size: XSM","granite-grey","39.99","220","https://bikecloset.com/product/poc-pro-thermal-jacket/?attribute_pa_color=granite-grey&attribute_pa_size=xsm","PC523151042XSM1-7325549979314","1701567","1701562","2026-09-11T12:08:04.173Z"
"POC Pro Thermal Jacket","POC","","","","Clothing","Jackets & rain shells","Unspecified","Unspecified","S","clothing:s","SML","Color: Granite Grey, Size: SML","granite-grey","89.99","220","https://bikecloset.com/product/poc-pro-thermal-jacket/?attribute_pa_color=granite-grey&attribute_pa_size=sml","PC523151042SML1-7325549978584","1701565","1701562","2026-09-11T12:08:04.173Z"
"POC Savant MTB Glove","POC","","","","Clothing","Gloves","Unspecified","Mountain / trail","XL","clothing:xl","XLG","Color: Gradient Himalayan Salt, Size: XLG","gradient-himalayan-salt","17.99","44","https://bikecloset.com/product/poc-savant-mtb-glove/?attribute_pa_color=gradient-himalayan-salt&attribute_pa_size=xlg","PC303768602XLG1-7325549894570","1701552","1701539","2026-09-11T12:08:04.173Z"
"POC Savant MTB Glove","POC","","","","Clothing","Gloves","Unspecified","Mountain / trail","M","clothing:m","MED","Color: Gradient Himalayan Salt, Size: MED","gradient-himalayan-salt","17.99","44","https://bikecloset.com/product/poc-savant-mtb-glove/?attribute_pa_color=gradient-himalayan-salt&attribute_pa_size=med","PC303768602MED1-7325549894556","1701550","1701539","2026-09-11T12:08:04.173Z"
"POC Savant MTB Glove","POC","","","","Clothing","Gloves","Unspecified","Mountain / trail","L","clothing:l","LRG","Color: Gradient Himalayan Salt, Size: LRG","gradient-himalayan-salt","17.99","44","https://bikecloset.com/product/poc-savant-mtb-glove/?attribute_pa_color=gradient-himalayan-salt&attribute_pa_size=lrg","PC303768602LRG1-7325549894549","1701549","1701539","2026-09-11T12:08:04.173Z"
"POC Savant MTB Glove","POC","","","","Clothing","Gloves","Unspecified","Mountain / trail","XL","clothing:xl","XLG","Color: Ammolite Coral, Size: XLG","ammolite-coral","14.99","44","https://bikecloset.com/product/poc-savant-mtb-glove/?attribute_pa_color=ammolite-coral&attribute_pa_size=xlg","PC303761731XLG1-7325549894419","1701548","1701539","2026-09-11T12:08:04.173Z"
"POC Savant MTB Glove","POC","","","","Clothing","Gloves","Unspecified","Mountain / trail","S","clothing:s","SML","Color: Ammolite Coral, Size: SML","ammolite-coral","14.99","44","https://bikecloset.com/product/poc-savant-mtb-glove/?attribute_pa_color=ammolite-coral&attribute_pa_size=sml","PC303761731SML1-7325549894402","1701547","1701539","2026-09-11T12:08:04.173Z"
"POC Savant MTB Glove","POC","","","","Clothing","Gloves","Unspecified","Mountain / trail","M","clothing:m","MED","Color: Ammolite Coral, Size: MED","ammolite-coral","14.99","44","https://bikecloset.com/product/poc-savant-mtb-glove/?attribute_pa_color=ammolite-coral&attribute_pa_size=med","PC303761731MED1-7325549894327","1701546","1701539","2026-09-11T12:08:04.173Z"
"POC Savant MTB Glove","POC","","","","Clothing","Gloves","Unspecified","Mountain / trail","L","clothing:l","LRG","Color: Ammolite Coral, Size: LRG","ammolite-coral","14.99","44","https://bikecloset.com/product/poc-savant-mtb-glove/?attribute_pa_color=ammolite-coral&attribute_pa_size=lrg","PC303761731LRG1-7325549894310","1701545","1701539","2026-09-11T12:08:04.173Z"
"POC Savant MTB Glove","POC","","","","Clothing","Gloves","Unspecified","Mountain / trail","XS","clothing:xs","XSM","Color: Opal Blue, Size: XSM","opal-blue","14.99","40","https://bikecloset.com/product/poc-savant-mtb-glove/?attribute_pa_color=opal-blue&attribute_pa_size=xsm","PC303761657XSM1-7325549937635","1701544","1701539","2026-09-11T12:08:04.173Z"
"POC Resistance Enduro Adj Glove","POC","","","","Clothing","Gloves","Unspecified","Mountain / trail","XS","clothing:xs","XSM","Color: Axinite Brown, Size: XSM","axinite-brown","19.99","70","https://bikecloset.com/product/poc-resistance-enduro-adj-glove/?attribute_pa_color=axinite-brown&attribute_pa_size=xsm","PC303351816XSM1-7325549932876","1701538","1701530","2026-09-11T12:08:04.173Z"
"POC Resistance Enduro Adj Glove","POC","","","","Clothing","Gloves","Unspecified","Mountain / trail","XL","clothing:xl","XLG","Color: Axinite Brown, Size: XLG","axinite-brown","19.99","70","https://bikecloset.com/product/poc-resistance-enduro-adj-glove/?attribute_pa_color=axinite-brown&attribute_pa_size=xlg","PC303351816XLG1-7325549932791","1701537","1701530","2026-09-11T12:08:04.173Z"
"POC Resistance Enduro Adj Glove","POC","","","","Clothing","Gloves","Unspecified","Mountain / trail","S","clothing:s","SML","Color: Axinite Brown, Size: SML","axinite-brown","19.99","70","https://bikecloset.com/product/poc-resistance-enduro-adj-glove/?attribute_pa_color=axinite-brown&attribute_pa_size=sml","PC303351816SML1-7325549932784","1701536","1701530","2026-09-11T12:08:04.173Z"
"POC Resistance Enduro Adj Glove","POC","","","","Clothing","Gloves","Unspecified","Mountain / trail","M","clothing:m","MED","Color: Axinite Brown, Size: MED","axinite-brown","19.99","70","https://bikecloset.com/product/poc-resistance-enduro-adj-glove/?attribute_pa_color=axinite-brown&attribute_pa_size=med","PC303351816MED1-7325549932777","1701535","1701530","2026-09-11T12:08:04.173Z"
"POC Resistance Enduro Adj Glove","POC","","","","Clothing","Gloves","Unspecified","Mountain / trail","L","clothing:l","LRG","Color: Axinite Brown, Size: LRG","axinite-brown","19.99","70","https://bikecloset.com/product/poc-resistance-enduro-adj-glove/?attribute_pa_color=axinite-brown&attribute_pa_size=lrg","PC303351816LRG1-7325549932760","1701534","1701530","2026-09-11T12:08:04.173Z"
"POC Resistance Enduro Adj Glove","POC","","","","Clothing","Gloves","Unspecified","Mountain / trail","S","clothing:s","SML","Color: Prehnite Green, Size: SML","prehnite-green","19.99","70","https://bikecloset.com/product/poc-resistance-enduro-adj-glove/?attribute_pa_color=prehnite-green&attribute_pa_size=sml","PC303351447SML1-7325549932685","1701532","1701530","2026-09-11T12:08:04.173Z"
"POC Ventral MIPS Orange AVIP","POC","","","","Footwear & protection","Helmets","","","L","helmets:l","L","Size: L","","149.99","300","https://bikecloset.com/product/poc-ventral-mips-helmet-orange-avip-size-5/?attribute_size=L","7325549928176","1701490","1196899","2026-09-11T12:08:04.173Z"
"POC Tectal Race Mips NFC","POC","","","","Footwear & protection","Helmets","","","M","helmets:m","M","Size: M","","149.99","280","https://bikecloset.com/product/tectal-race-mips-nfc-medium/?attribute_size=M","7325549924437","1701485","1570215","2026-09-11T12:08:04.173Z"
"DMT KR SL Road Shoes (Final Sale)","DMT","","","Final sale","Footwear & protection","Cycling shoes","","","44","shoes:44","44","Color: Grey, Size: 44","grey","179","519.99","https://bikecloset.com/product/dmt-kr-sl-road-shoes/?attribute_pa_color=grey&attribute_pa_size=44","8059780045741","1698492","1698421","2026-09-11T12:08:04.173Z"
"DMT KR SL Road Shoes (Final Sale)","DMT","","","Final sale","Footwear & protection","Cycling shoes","","","42","shoes:42","42","Color: Grey, Size: 42","grey","179","519.99","https://bikecloset.com/product/dmt-kr-sl-road-shoes/?attribute_pa_color=grey&attribute_pa_size=42","8059780045703","1698488","1698421","2026-09-11T12:08:04.173Z"
"DMT KR SL Road Shoes (Final Sale)","DMT","","","Final sale","Footwear & protection","Cycling shoes","","","40.5","shoes:40.5","40.5","Color: Grey, Size: 40.5","grey","179","519.99","https://bikecloset.com/product/dmt-kr-sl-road-shoes/?attribute_pa_color=grey&attribute_pa_size=40-5","8059780045673","1698482","1698421","2026-09-11T12:08:04.173Z"
"DMT KR SL Road Shoes (Final Sale)","DMT","","","Final sale","Footwear & protection","Cycling shoes","","","40","shoes:40","40","Color: Grey, Size: 40","grey","179","519.99","https://bikecloset.com/product/dmt-kr-sl-road-shoes/?attribute_pa_color=grey&attribute_pa_size=40","8059780045666","1698480","1698421","2026-09-11T12:08:04.173Z"
"DMT KR SL Road Shoes (Final Sale)","DMT","","","Final sale","Footwear & protection","Cycling shoes","","","39.5","shoes:39.5","39.5","Color: Grey, Size: 39.5","grey","179","519.99","https://bikecloset.com/product/dmt-kr-sl-road-shoes/?attribute_pa_color=grey&attribute_pa_size=39-5","8059780045659","1698478","1698421","2026-09-11T12:08:04.173Z"
"DMT KR SL Road Shoes (Final Sale)","DMT","","","Final sale","Footwear & protection","Cycling shoes","","","37.5","shoes:37.5","37.5","Color: Grey, Size: 37.5","grey","49.99","519.99","https://bikecloset.com/product/dmt-kr-sl-road-shoes/?attribute_pa_color=grey&attribute_pa_size=37-5","8059780045611","1698472","1698421","2026-09-11T12:08:04.173Z"
"DMT KR SL Road Shoes (Final Sale)","DMT","","","Final sale","Footwear & protection","Cycling shoes","","","37","shoes:37","37","Color: Grey, Size: 37","grey","49.99","519.99","https://bikecloset.com/product/dmt-kr-sl-road-shoes/?attribute_pa_color=grey&attribute_pa_size=37","8059780045604","1698470","1698421","2026-09-11T12:08:04.173Z"
"DMT KR0 ROAD SHOES","DMT","","","","Footwear & protection","Cycling shoes","","","45.5","shoes:45.5","45.5","Color: Grey, Size: 45.5","grey","279.99","519.99","https://bikecloset.com/product/dmt-kr0-road-shoes-2/?attribute_pa_color=grey&attribute_pa_size=45-5","8059780044959","1698391","1698336","2026-09-11T12:08:04.173Z"
"DMT KR0 ROAD SHOES","DMT","","","","Footwear & protection","Cycling shoes","","","45","shoes:45","45","Color: Grey, Size: 45","grey","279.99","519.99","https://bikecloset.com/product/dmt-kr0-road-shoes-2/?attribute_pa_color=grey&attribute_pa_size=45","8059780044942","1698389","1698336","2026-09-11T12:08:04.173Z"
"DMT KR0 ROAD SHOES","DMT","","","","Footwear & protection","Cycling shoes","","","44.5","shoes:44.5","44.5","Color: Grey, Size: 44.5","grey","279.99","519.99","https://bikecloset.com/product/dmt-kr0-road-shoes-2/?attribute_pa_color=grey&attribute_pa_size=44-5","8059780044935","1698387","1698336","2026-09-11T12:08:04.173Z"
"DMT KR0 ROAD SHOES","DMT","","","","Footwear & protection","Cycling shoes","","","44","shoes:44","44","Color: Grey, Size: 44","grey","279.99","519.99","https://bikecloset.com/product/dmt-kr0-road-shoes-2/?attribute_pa_color=grey&attribute_pa_size=44","8059780044928","1698385","1698336","2026-09-11T12:08:04.173Z"
"DMT KR0 ROAD SHOES","DMT","","","","Footwear & protection","Cycling shoes","","","43","shoes:43","43","Color: Grey, Size: 43","grey","279.99","519.99","https://bikecloset.com/product/dmt-kr0-road-shoes-2/?attribute_pa_color=grey&attribute_pa_size=43","8059780044904","1698383","1698336","2026-09-11T12:08:04.173Z"
"DMT KR0 ROAD SHOES","DMT","","","","Footwear & protection","Cycling shoes","","","41","shoes:41","41","Color: Grey, Size: 41","grey","279.99","519.99","https://bikecloset.com/product/dmt-kr0-road-shoes-2/?attribute_pa_color=grey&attribute_pa_size=41","8059780044867","1698379","1698336","2026-09-11T12:08:04.173Z"
"DMT KR0 ROAD SHOES","DMT","","","","Footwear & protection","Cycling shoes","","","38","shoes:38","38","Color: Grey, Size: 38","grey","149.99","519.99","https://bikecloset.com/product/dmt-kr0-road-shoes-2/?attribute_pa_color=grey&attribute_pa_size=38","8059780044805","1698369","1698336","2026-09-11T12:08:04.173Z"
"Assos EQUIPE RS Spring Fall Jersey TARGA Black","Assos","","","","Clothing","Jerseys","Unspecified","Unspecified","XS","clothing:xs","XS","Size: XS","","99.99","350","https://bikecloset.com/product/assos-equipe-rs-spring-fall-jersey-targa-black/?attribute_pa_size=xs","2220000204293","1698072","1698066","2026-09-11T12:08:04.173Z"
"Assos EQUIPE RS Spring Fall Jersey TARGA Black","Assos","","","","Clothing","Jerseys","Unspecified","Unspecified","S","clothing:s","Small","Size: Small","","99.99","350","https://bikecloset.com/product/assos-equipe-rs-spring-fall-jersey-targa-black/?attribute_pa_size=small","2220000204309","1698069","1698066","2026-09-11T12:08:04.173Z"
"Assos EQUIPE RS Spring Fall Jersey TARGA Black","Assos","","","","Clothing","Jerseys","Unspecified","Unspecified","M","clothing:m","Medium","Size: Medium","","99.99","350","https://bikecloset.com/product/assos-equipe-rs-spring-fall-jersey-targa-black/?attribute_pa_size=medium","2220000204316","1698068","1698066","2026-09-11T12:08:04.173Z"
"Assos EQUIPE RS Winter SS Mid Layer blackSeries","Assos","","","","Clothing","Jerseys","Unspecified","Unspecified","XS","clothing:xs","XS","Size: XS","","89","169","https://bikecloset.com/product/assos-equipe-rs-winter-ss-mid-layer-blackseries/?attribute_pa_size=xs","2220000174282","1698065","1698059","2026-09-11T12:08:04.173Z"
"Enve OTD Merino SS T-Shirt Womens","Enve","","","","Clothing","Casual clothing","Women's","Unspecified","XL","clothing:xl","XL","Color: Vanilla Shake, Size: XL","vanilla-shake","5","65","https://bikecloset.com/product/enve-otd-merino-ss-t-shirt-womens/?attribute_pa_color=vanilla-shake&attribute_pa_size=xl","800-0000-691-810024558230","1697137","1697098","2026-09-11T12:08:04.173Z"
"Enve OTD Merino SS T-Shirt Womens","Enve","","","","Clothing","Casual clothing","Women's","Unspecified","XS","clothing:xs","XS","Color: Vanilla Shake, Size: XS","vanilla-shake","5","65","https://bikecloset.com/product/enve-otd-merino-ss-t-shirt-womens/?attribute_pa_color=vanilla-shake&attribute_pa_size=xs","800-0000-687-810024558193","1697129","1697098","2026-09-11T12:08:04.173Z"
"Enve OTD Merino SS T-Shirt Womens","Enve","","","","Clothing","Casual clothing","Women's","Unspecified","XS","clothing:xs","XS","Color: Forest, Size: XS","forest","5","65","https://bikecloset.com/product/enve-otd-merino-ss-t-shirt-womens/?attribute_pa_color=forest&attribute_pa_size=xs","800-0000-677-810024558094","1697109","1697098","2026-09-11T12:08:04.173Z"
"Assos Equipe SS ClubGearAero Speed Club","Assos","","","","Clothing","Jerseys","Unspecified","Unspecified","L","clothing:l","L","Size: L","","99","220","https://bikecloset.com/product/assos-ss-clubgearaero-speed-club/?attribute_pa_size=l","2220000151320","1696079","1696077","2026-09-11T12:08:04.173Z"
"Assos Equipe SS ClubGearAero Speed Club","Assos","","","","Clothing","Jerseys","Unspecified","Unspecified","M","clothing:m","M","Size: M","","99","220","https://bikecloset.com/product/assos-ss-clubgearaero-speed-club/?attribute_pa_size=m","2220000151337","1696078","1696077","2026-09-11T12:08:04.173Z"
"Fizik Tempo Overcurve R4","Fizik","","","","Footwear & protection","Cycling shoes","","","46.5","shoes:46.5","46.5","Color: Navy Black, Size: 46.5","navy-black","149","225","https://bikecloset.com/product/fizik-tempo-overcurve-r4-2/?attribute_pa_color=navy-black&attribute_pa_size=46-5","8058364074795","1694028","1694014","2026-09-11T12:08:04.173Z"
"Fizik Tempo Overcurve R4","Fizik","","","","Footwear & protection","Cycling shoes","","","45.5","shoes:45.5","45.5","Color: Navy Black, Size: 45.5","navy-black","149","225","https://bikecloset.com/product/fizik-tempo-overcurve-r4-2/?attribute_pa_color=navy-black&attribute_pa_size=45-5","8058364074771","1694026","1694014","2026-09-11T12:08:04.173Z"
"Fizik Tempo Overcurve R4","Fizik","","","","Footwear & protection","Cycling shoes","","","42","shoes:42","42","Color: Navy Black, Size: 42","navy-black","149","225","https://bikecloset.com/product/fizik-tempo-overcurve-r4-2/?attribute_pa_color=navy-black&attribute_pa_size=42","8058364074702","1694019","1694014","2026-09-11T12:08:04.173Z"
"Fizik Tempo Overcurve R4","Fizik","","","","Footwear & protection","Cycling shoes","","","41.5","shoes:41.5","41.5","Color: Navy Black, Size: 41.5","navy-black","149","225","https://bikecloset.com/product/fizik-tempo-overcurve-r4-2/?attribute_pa_color=navy-black&attribute_pa_size=41-5","8058364074696","1694018","1694014","2026-09-11T12:08:04.173Z"
"Fizik Tempo Overcurve R4","Fizik","","","","Footwear & protection","Cycling shoes","","","41","shoes:41","41","Color: Navy Black, Size: 41","navy-black","149","225","https://bikecloset.com/product/fizik-tempo-overcurve-r4-2/?attribute_pa_color=navy-black&attribute_pa_size=41","8058364074689","1694017","1694014","2026-09-11T12:08:04.173Z"
"Fizik Tempo Overcurve R4","Fizik","","","","Footwear & protection","Cycling shoes","","","40.5","shoes:40.5","40.5","Color: Navy Black, Size: 40.5","navy-black","149","225","https://bikecloset.com/product/fizik-tempo-overcurve-r4-2/?attribute_pa_color=navy-black&attribute_pa_size=40-5","8058364074672","1694016","1694014","2026-09-11T12:08:04.173Z"
"Fizik Tempo Overcurve R4","Fizik","","","","Footwear & protection","Cycling shoes","","","40","shoes:40","40","Color: Navy Black, Size: 40","navy-black","149","225","https://bikecloset.com/product/fizik-tempo-overcurve-r4-2/?attribute_pa_color=navy-black&attribute_pa_size=40","8058364074665","1694015","1694014","2026-09-11T12:08:04.173Z"
"POC Lure MTB Sock Long","POC","","","","Clothing","Socks","Unspecified","Mountain / trail","S","socks:s","SML","Color: Calcite Blue/Hydrogen White, Size: SML","calcite-blue-hydrogen-white","9.99","33","https://bikecloset.com/product/poc-lure-mtb-sock-long/?attribute_pa_color=calcite-blue-hydrogen-white&attribute_pa_size=sml","PC651538626SML1-7325549887985","1691608","1691591","2026-09-11T12:08:04.173Z"
"POC Lure MTB Sock Long","POC","","","","Clothing","Socks","Unspecified","Mountain / trail","M","socks:m","MED","Color: Calcite Blue/Hydrogen White, Size: MED","calcite-blue-hydrogen-white","9.99","33","https://bikecloset.com/product/poc-lure-mtb-sock-long/?attribute_pa_color=calcite-blue-hydrogen-white&attribute_pa_size=med","PC651538626MED1-7325549887978","1691607","1691591","2026-09-11T12:08:04.173Z"
"POC Lure MTB Sock Long","POC","","","","Clothing","Socks","Unspecified","Mountain / trail","M","socks:m","MED","Color: Lt Sandstone Beige/Moonstone Grey, Size: MED","lt-sandstone-beige-moonstone-grey","9.99","33","https://bikecloset.com/product/poc-lure-mtb-sock-long/?attribute_pa_color=lt-sandstone-beige-moonstone-grey&attribute_pa_size=med","PC651538618MED1-7325549887879","1691605","1691591","2026-09-11T12:08:04.173Z"
"POC Lure MTB Sock Long","POC","","","","Clothing","Socks","Unspecified","Mountain / trail","S","socks:s","SML","Color: Jasper Brown/Axinite Brown, Size: SML","jasper-brown-axinite-brown","9.99","33","https://bikecloset.com/product/poc-lure-mtb-sock-long/?attribute_pa_color=jasper-brown-axinite-brown&attribute_pa_size=sml","PC651538612SML1-7325549887855","1691603","1691591","2026-09-11T12:08:04.173Z"
"POC Lure MTB Sock Long","POC","","","","Clothing","Socks","Unspecified","Mountain / trail","L","socks:l","LRG","Color: Uranium Black/Granite Grey, Size: LRG","uranium-black-granite-grey","9.99","33","https://bikecloset.com/product/poc-lure-mtb-sock-long/?attribute_pa_color=uranium-black-granite-grey&attribute_pa_size=lrg","PC651531009LRG1-7325549940338","1691592","1691591","2026-09-11T12:08:04.173Z"
"POC Lure MTB Sock Long","POC","","","","Clothing","Socks","Unspecified","Mountain / trail","M","socks:m","MED","Color: Jasper Brown/Axinite Brown, Size: MED","jasper-brown-axinite-brown","9.99","33","https://bikecloset.com/product/poc-lure-mtb-sock-long/?attribute_pa_color=jasper-brown-axinite-brown&attribute_pa_size=med","PC651538612MED1-7325549887848","1691602","1691591","2026-09-11T12:08:04.173Z"
"POC Lure MTB Sock Long","POC","","","","Clothing","Socks","Unspecified","Mountain / trail","S","socks:s","SML","Color: Zink Orange/Hydrogen White, Size: SML","zink-orange-hydrogen-white","9.99","33","https://bikecloset.com/product/poc-lure-mtb-sock-long/?attribute_pa_color=zink-orange-hydrogen-white&attribute_pa_size=sml","PC651538040SML1-7325549940697","1691600","1691591","2026-09-11T12:08:04.173Z"
"POC Lure MTB Sock Long","POC","","","","Clothing","Socks","Unspecified","Mountain / trail","M","socks:m","MED","Color: Zink Orange/Hydrogen White, Size: MED","zink-orange-hydrogen-white","9.99","33","https://bikecloset.com/product/poc-lure-mtb-sock-long/?attribute_pa_color=zink-orange-hydrogen-white&attribute_pa_size=med","PC651538040MED1-7325549940680","1691599","1691591","2026-09-11T12:08:04.173Z"
"POC Lure MTB Sock Long","POC","","","","Clothing","Socks","Unspecified","Mountain / trail","L","socks:l","LRG","Color: Zink Orange/Hydrogen White, Size: LRG","zink-orange-hydrogen-white","9.99","33","https://bikecloset.com/product/poc-lure-mtb-sock-long/?attribute_pa_color=zink-orange-hydrogen-white&attribute_pa_size=lrg","PC651538040LRG1-7325549940673","1691598","1691591","2026-09-11T12:08:04.173Z"
"POC Lure MTB Sock Long","POC","","","","Clothing","Socks","Unspecified","Mountain / trail","S","socks:s","SML","Color: epidote green/uranium black, Size: SML","epidote-green-uranium-black","9.99","33","https://bikecloset.com/product/poc-lure-mtb-sock-long/?attribute_pa_color=epidote-green-uranium-black&attribute_pa_size=sml","PC651531452SML1-7325549940444","1691597","1691591","2026-09-11T12:08:04.173Z"
"POC Lure MTB Sock Long","POC","","","","Clothing","Socks","Unspecified","Mountain / trail","M","socks:m","MED","Color: epidote green/uranium black, Size: MED","epidote-green-uranium-black","9.99","33","https://bikecloset.com/product/poc-lure-mtb-sock-long/?attribute_pa_color=epidote-green-uranium-black&attribute_pa_size=med","PC651531452MED1-7325549940437","1691596","1691591","2026-09-11T12:08:04.173Z"
"POC Lure MTB Sock Long","POC","","","","Clothing","Socks","Unspecified","Mountain / trail","L","socks:l","LRG","Color: epidote green/uranium black, Size: LRG","epidote-green-uranium-black","9.99","33","https://bikecloset.com/product/poc-lure-mtb-sock-long/?attribute_pa_color=epidote-green-uranium-black&attribute_pa_size=lrg","PC651531452LRG1-7325549940369","1691595","1691591","2026-09-11T12:08:04.173Z"
"POC Lure MTB Sock Long","POC","","","","Clothing","Socks","Unspecified","Mountain / trail","S","socks:s","SML","Color: Uranium Black/Granite Grey, Size: SML","uranium-black-granite-grey","9.99","33","https://bikecloset.com/product/poc-lure-mtb-sock-long/?attribute_pa_color=uranium-black-granite-grey&attribute_pa_size=sml","PC651531009SML1-7325549940352","1691594","1691591","2026-09-11T12:08:04.173Z"
"POC Lure MTB Sock Long","POC","","","","Clothing","Socks","Unspecified","Mountain / trail","M","socks:m","MED","Color: Uranium Black/Granite Grey, Size: MED","uranium-black-granite-grey","9.99","33","https://bikecloset.com/product/poc-lure-mtb-sock-long/?attribute_pa_color=uranium-black-granite-grey&attribute_pa_size=med","PC651531009MED1-7325549940345","1691593","1691591","2026-09-11T12:08:04.173Z"
"POC Vivify Long Sock","POC","","","","Clothing","Socks","Unspecified","Unspecified","S","socks:s","SML","Color: epidote green, Size: SML","epidote-green","12.99","30","https://bikecloset.com/product/poc-essential-long-sock/?attribute_pa_color=epidote-green&attribute_pa_size=sml","PC651481460SML1-7325549940253","1691590","1691584","2026-09-11T12:08:04.173Z"
"POC Vivify Long Sock","POC","","","","Clothing","Socks","Unspecified","Unspecified","M","socks:m","MED","Color: epidote green, Size: MED","epidote-green","12.99","30","https://bikecloset.com/product/poc-essential-long-sock/?attribute_pa_color=epidote-green&attribute_pa_size=med","PC651481460MED1-7325549940246","1691589","1691584","2026-09-11T12:08:04.173Z"
"POC Vivify Long Sock","POC","","","","Clothing","Socks","Unspecified","Unspecified","L","socks:l","LRG","Color: epidote green, Size: LRG","epidote-green","12.99","30","https://bikecloset.com/product/poc-essential-long-sock/?attribute_pa_color=epidote-green&attribute_pa_size=lrg","PC651481460LRG1-7325549940239","1691588","1691584","2026-09-11T12:08:04.173Z"
"POC Vivify Long Sock","POC","","","","Clothing","Socks","Unspecified","Unspecified","S","socks:s","SML","Color: Uranium Black, Size: SML","uranium-black","12.99","30","https://bikecloset.com/product/poc-essential-long-sock/?attribute_pa_color=uranium-black&attribute_pa_size=sml","PC651481002SML1-7325549940222","1691587","1691584","2026-09-11T12:08:04.173Z"
"POC Vivify Long Sock","POC","","","","Clothing","Socks","Unspecified","Unspecified","M","socks:m","MED","Color: Uranium Black, Size: MED","uranium-black","12.99","30","https://bikecloset.com/product/poc-essential-long-sock/?attribute_pa_color=uranium-black&attribute_pa_size=med","PC651481002MED1-7325549940215","1691586","1691584","2026-09-11T12:08:04.173Z"
"POC Flair Sock Mid","POC","","","","Clothing","Socks","Unspecified","Unspecified","S","socks:s","SML","Color: epidote green/uranium black, Size: SML","epidote-green-uranium-black","12.99","23","https://bikecloset.com/product/poc-flair-sock-mid/?attribute_pa_color=epidote-green-uranium-black&attribute_pa_size=sml","PC651471452SML1-7325549939455","1691579","1691576","2026-09-11T12:08:04.173Z"
"POC Flair Sock Mid","POC","","","","Clothing","Socks","Unspecified","Unspecified","M","socks:m","MED","Color: epidote green/uranium black, Size: MED","epidote-green-uranium-black","12.99","23","https://bikecloset.com/product/poc-flair-sock-mid/?attribute_pa_color=epidote-green-uranium-black&attribute_pa_size=med","PC651471452MED1-7325549939448","1691578","1691576","2026-09-11T12:08:04.173Z"
"POC Lithe MTB Sock Mid","POC","","","","Clothing","Socks","Unspecified","Mountain / trail","S","socks:s","SML","Color: Axinite Brown, Size: SML","axinite-brown","9.99","32","https://bikecloset.com/product/poc-lithe-mtb-sock-mid/?attribute_pa_color=axinite-brown&attribute_pa_size=sml","PC651451816SML1-7325549939233","1691575","1691560","2026-09-11T12:08:04.173Z"
"POC Lithe MTB Sock Mid","POC","","","","Clothing","Socks","Unspecified","Mountain / trail","M","socks:m","MED","Color: Axinite Brown, Size: MED","axinite-brown","9.99","32","https://bikecloset.com/product/poc-lithe-mtb-sock-mid/?attribute_pa_color=axinite-brown&attribute_pa_size=med","PC651451816MED1-7325549939226","1691574","1691560","2026-09-11T12:08:04.173Z"
"POC Lithe MTB Sock Mid","POC","","","","Clothing","Socks","Unspecified","Mountain / trail","S","socks:s","SML","Color: aragonite brown, Size: SML","aragonite-brown","9.99","32","https://bikecloset.com/product/poc-lithe-mtb-sock-mid/?attribute_pa_color=aragonite-brown&attribute_pa_size=sml","PC651451815SML1-7325549939202","1691572","1691560","2026-09-11T12:08:04.173Z"
"POC Lithe MTB Sock Mid","POC","","","","Clothing","Socks","Unspecified","Mountain / trail","M","socks:m","MED","Color: aragonite brown, Size: MED","aragonite-brown","9.99","32","https://bikecloset.com/product/poc-lithe-mtb-sock-mid/?attribute_pa_color=aragonite-brown&attribute_pa_size=med","PC651451815MED1-7325549939141","1691571","1691560","2026-09-11T12:08:04.173Z"
"POC Lithe MTB Sock Mid","POC","","","","Clothing","Socks","Unspecified","Mountain / trail","L","socks:l","LRG","Color: aragonite brown, Size: LRG","aragonite-brown","9.99","32","https://bikecloset.com/product/poc-lithe-mtb-sock-mid/?attribute_pa_color=aragonite-brown&attribute_pa_size=lrg","PC651451815LRG1-7325549939134","1691570","1691560","2026-09-11T12:08:04.173Z"
"POC Lithe MTB Sock Mid","POC","","","","Clothing","Socks","Unspecified","Mountain / trail","S","socks:s","SML","Color: Ammolite Coral, Size: SML","ammolite-coral","9.99","32","https://bikecloset.com/product/poc-lithe-mtb-sock-mid/?attribute_pa_color=ammolite-coral&attribute_pa_size=sml","PC651451731SML1-7325549886889","1691569","1691560","2026-09-11T12:08:04.173Z"
"POC Lithe MTB Sock Mid","POC","","","","Clothing","Socks","Unspecified","Mountain / trail","M","socks:m","MED","Color: Ammolite Coral, Size: MED","ammolite-coral","9.99","32","https://bikecloset.com/product/poc-lithe-mtb-sock-mid/?attribute_pa_color=ammolite-coral&attribute_pa_size=med","PC651451731MED1-7325549886797","1691568","1691560","2026-09-11T12:08:04.173Z"
"POC Lithe MTB Sock Mid","POC","","","","Clothing","Socks","Unspecified","Mountain / trail","L","socks:l","LRG","Color: Ammolite Coral, Size: LRG","ammolite-coral","9.99","32","https://bikecloset.com/product/poc-lithe-mtb-sock-mid/?attribute_pa_color=ammolite-coral&attribute_pa_size=lrg","PC651451731LRG1-7325549886780","1691567","1691560","2026-09-11T12:08:04.173Z"
"POC Lithe MTB Sock Mid","POC","","","","Clothing","Socks","Unspecified","Mountain / trail","S","socks:s","SML","Color: epidote green, Size: SML","epidote-green","9.99","32","https://bikecloset.com/product/poc-lithe-mtb-sock-mid/?attribute_pa_color=epidote-green&attribute_pa_size=sml","PC651451460SML1-7325549939028","1691566","1691560","2026-09-11T12:08:04.173Z"
"POC Lithe MTB Sock Mid","POC","","","","Clothing","Socks","Unspecified","Mountain / trail","M","socks:m","MED","Color: epidote green, Size: MED","epidote-green","9.99","32","https://bikecloset.com/product/poc-lithe-mtb-sock-mid/?attribute_pa_color=epidote-green&attribute_pa_size=med","PC651451460MED1-7325549939011","1691565","1691560","2026-09-11T12:08:04.173Z"
"POC Lithe MTB Sock Mid","POC","","","","Clothing","Socks","Unspecified","Mountain / trail","L","socks:l","LRG","Color: epidote green, Size: LRG","epidote-green","9.99","32","https://bikecloset.com/product/poc-lithe-mtb-sock-mid/?attribute_pa_color=epidote-green&attribute_pa_size=lrg","PC651451460LRG1-7325549939004","1691564","1691560","2026-09-11T12:08:04.173Z"
"POC Lithe MTB Sock Mid","POC","","","","Clothing","Socks","Unspecified","Mountain / trail","S","socks:s","SML","Color: Uranium Black, Size: SML","uranium-black","9.99","32","https://bikecloset.com/product/poc-lithe-mtb-sock-mid/?attribute_pa_color=uranium-black&attribute_pa_size=sml","PC651451002SML1-7325549938595","1691563","1691560","2026-09-11T12:08:04.173Z"
"POC Lithe MTB Sock Mid","POC","","","","Clothing","Socks","Unspecified","Mountain / trail","M","socks:m","MED","Color: Uranium Black, Size: MED","uranium-black","9.99","32","https://bikecloset.com/product/poc-lithe-mtb-sock-mid/?attribute_pa_color=uranium-black&attribute_pa_size=med","PC651451002MED1-7325549938496","1691562","1691560","2026-09-11T12:08:04.173Z"
"POC Ultra Sock Mid","POC","","","","Clothing","Socks","Unspecified","Unspecified","S","socks:s","SML","Color: Uranium Black, Size: SML","uranium-black","12.99","30","https://bikecloset.com/product/poc-poc-ultra-sock-mid/?attribute_pa_color=uranium-black&attribute_pa_size=sml","PC651431002SML1-7325549967908","1691559","1691556","2026-09-11T12:08:04.173Z"
"POC Soleus Lite Sock Mid","POC","","","","Clothing","Socks","Unspecified","Unspecified","S","socks:s","SML","Color: turmaline navy, Size: SML","turmaline-navy","12.99","30","https://bikecloset.com/product/poc-soleus-lite-sock-mid/?attribute_pa_color=turmaline-navy&attribute_pa_size=sml","PC651411582SML1-7325549938236","1691555","1691548","2026-09-11T12:08:04.173Z"
"POC Soleus Lite Sock Mid","POC","","","","Clothing","Socks","Unspecified","Unspecified","M","socks:m","MED","Color: turmaline navy, Size: MED","turmaline-navy","12.99","30","https://bikecloset.com/product/poc-soleus-lite-sock-mid/?attribute_pa_color=turmaline-navy&attribute_pa_size=med","PC651411582MED1-7325549938175","1691554","1691548","2026-09-11T12:08:04.173Z"
"POC Soleus Lite Sock Mid","POC","","","","Clothing","Socks","Unspecified","Unspecified","L","socks:l","LRG","Color: turmaline navy, Size: LRG","turmaline-navy","12.99","30","https://bikecloset.com/product/poc-soleus-lite-sock-mid/?attribute_pa_color=turmaline-navy&attribute_pa_size=lrg","PC651411582LRG1-7325549938168","1691553","1691548","2026-09-11T12:08:04.173Z"
"POC Soleus Lite Sock Mid","POC","","","","Clothing","Socks","Unspecified","Unspecified","S","socks:s","SML","Color: Uranium Black, Size: SML","uranium-black","12.99","30","https://bikecloset.com/product/poc-soleus-lite-sock-mid/?attribute_pa_color=uranium-black&attribute_pa_size=sml","PC651411002SML1-7325549966949","1691552","1691548","2026-09-11T12:08:04.173Z"
"POC Soleus Lite Sock Mid","POC","","","","Clothing","Socks","Unspecified","Unspecified","M","socks:m","MED","Color: Uranium Black, Size: MED","uranium-black","12.99","30","https://bikecloset.com/product/poc-soleus-lite-sock-mid/?attribute_pa_color=uranium-black&attribute_pa_size=med","PC651411002MED1-7325549966932","1691551","1691548","2026-09-11T12:08:04.173Z"
"POC Soleus Lite Sock Mid","POC","","","","Clothing","Socks","Unspecified","Unspecified","L","socks:l","LRG","Color: Uranium Black, Size: LRG","uranium-black","12.99","30","https://bikecloset.com/product/poc-soleus-lite-sock-mid/?attribute_pa_color=uranium-black&attribute_pa_size=lrg","PC651411002LRG1-7325549966925","1691550","1691548","2026-09-11T12:08:04.173Z"
"POC Essential MTB Strong Sock Mid","POC","","","","Clothing","Socks","Unspecified","Mountain / trail","S","socks:s","SML","Color: Uranium Multi Black, Size: SML","uranium-multi-black","5.99","30","https://bikecloset.com/product/poc-essential-mtb-strong-sock-mid/?attribute_pa_color=uranium-multi-black&attribute_pa_size=sml","PC651308155SML1-7325540959131","1691547","1691544","2026-09-11T12:08:04.173Z"
"POC Essential Road Sock Short","POC","","","","Clothing","Socks","Unspecified","Road","S","socks:s","SML","Color: turmaline navy, Size: SML","turmaline-navy","7.99","20","https://bikecloset.com/product/poc-essential-road-sock-short/?attribute_pa_color=turmaline-navy&attribute_pa_size=sml","PC651201582SML1-7325549938151","1691542","1691533","2026-09-11T12:08:04.173Z"
"POC Essential Road Sock Short","POC","","","","Clothing","Socks","Unspecified","Road","M","socks:m","MED","Color: turmaline navy, Size: MED","turmaline-navy","7.99","20","https://bikecloset.com/product/poc-essential-road-sock-short/?attribute_pa_color=turmaline-navy&attribute_pa_size=med","PC651201582MED1-7325549938144","1691541","1691533","2026-09-11T12:08:04.173Z"
"POC Essential Road Sock Short","POC","","","","Clothing","Socks","Unspecified","Road","L","socks:l","LRG","Color: turmaline navy, Size: LRG","turmaline-navy","7.99","20","https://bikecloset.com/product/poc-essential-road-sock-short/?attribute_pa_color=turmaline-navy&attribute_pa_size=lrg","PC651201582LRG1-7325549938137","1691540","1691533","2026-09-11T12:08:04.173Z"
"POC Essential Road Sock Short","POC","","","","Clothing","Socks","Unspecified","Road","S","socks:s","SML","Color: Uranium Black, Size: SML","uranium-black","7.99","20","https://bikecloset.com/product/poc-essential-road-sock-short/?attribute_pa_color=uranium-black&attribute_pa_size=sml","PC651201002SML1-7325540959285","1691539","1691533","2026-09-11T12:08:04.173Z"
"POC Essential Road Sock Short","POC","","","","Clothing","Socks","Unspecified","Road","M","socks:m","MED","Color: Uranium Black, Size: MED","uranium-black","7.99","20","https://bikecloset.com/product/poc-essential-road-sock-short/?attribute_pa_color=uranium-black&attribute_pa_size=med","PC651201002MED1-7325540959278","1691538","1691533","2026-09-11T12:08:04.173Z"
"POC Essential Road Sock Short","POC","","","","Clothing","Socks","Unspecified","Road","L","socks:l","LRG","Color: Uranium Black, Size: LRG","uranium-black","7.99","20","https://bikecloset.com/product/poc-essential-road-sock-short/?attribute_pa_color=uranium-black&attribute_pa_size=lrg","PC651201002LRG1-7325540959261","1691537","1691533","2026-09-11T12:08:04.173Z"
"POC Essential Road Sock Short","POC","","","","Clothing","Socks","Unspecified","Road","S","socks:s","SML","Color: Hydrogen White, Size: SML","hydrogen-white","7.99","20","https://bikecloset.com/product/poc-essential-road-sock-short/?attribute_pa_color=hydrogen-white&attribute_pa_size=sml","PC651201001SML1-7325540959254","1691536","1691533","2026-09-11T12:08:04.173Z"
"POC Transcend Pant Men’s","POC","","","","Clothing","Casual clothing","Men's","Unspecified","XL","clothing:xl","XLG","Color: Uranium Black, Size: XLG","uranium-black","49.99","150","https://bikecloset.com/product/poc-ms-transcend-pant/?attribute_pa_color=uranium-black&attribute_pa_size=xlg","PC621301002XLG1-7325549989931","1691530","1691526","2026-09-11T12:08:04.173Z"
"POC Pristine Print Jersey Men’s","POC","","","","Clothing","Jerseys","Men's","Unspecified","XS","clothing:xs","XSM","Color: Prehnite Green, Size: XSM","prehnite-green","49.99","140","https://bikecloset.com/product/poc-ms-pristine-print-jersey/?attribute_pa_color=prehnite-green&attribute_pa_size=xsm","PC582241447XSM1-7325549938113","1691524","1691507","2026-09-11T12:08:04.173Z"
"POC Pristine Print Jersey Men’s","POC","","","","Clothing","Jerseys","Men's","Unspecified","XL","clothing:xl","XLG","Color: Prehnite Green, Size: XLG","prehnite-green","49.99","140","https://bikecloset.com/product/poc-ms-pristine-print-jersey/?attribute_pa_color=prehnite-green&attribute_pa_size=xlg","PC582241447XLG1-7325549938052","1691523","1691507","2026-09-11T12:08:04.173Z"
"POC Pristine Print Jersey Men’s","POC","","","","Clothing","Jerseys","Men's","Unspecified","S","clothing:s","SML","Color: Prehnite Green, Size: SML","prehnite-green","49.99","140","https://bikecloset.com/product/poc-ms-pristine-print-jersey/?attribute_pa_color=prehnite-green&attribute_pa_size=sml","PC582241447SML1-7325549938045","1691522","1691507","2026-09-11T12:08:04.173Z"
"POC Pristine Print Jersey Men’s","POC","","","","Clothing","Jerseys","Men's","Unspecified","M","clothing:m","MED","Color: Prehnite Green, Size: MED","prehnite-green","49.99","140","https://bikecloset.com/product/poc-ms-pristine-print-jersey/?attribute_pa_color=prehnite-green&attribute_pa_size=med","PC582241447MED1-7325549938038","1691521","1691507","2026-09-11T12:08:04.173Z"
"POC Pristine Print Jersey Men’s","POC","","","","Clothing","Jerseys","Men's","Unspecified","2XL","clothing:2xl","XXL","Color: Uranium Black, Size: XXL","uranium-black","49.99","140","https://bikecloset.com/product/poc-ms-pristine-print-jersey/?attribute_pa_color=uranium-black&attribute_pa_size=xxl","PC582241002XXL1-7325549914889","1691519","1691507","2026-09-11T12:08:04.173Z"
"POC Pristine Print Jersey Men’s","POC","","","","Clothing","Jerseys","Men's","Unspecified","XS","clothing:xs","XSM","Color: Uranium Black, Size: XSM","uranium-black","49.99","140","https://bikecloset.com/product/poc-ms-pristine-print-jersey/?attribute_pa_color=uranium-black&attribute_pa_size=xsm","PC582241002XSM1-7325549914780","1691518","1691507","2026-09-11T12:08:04.173Z"
"POC Pristine Print Jersey Men’s","POC","","","","Clothing","Jerseys","Men's","Unspecified","XL","clothing:xl","XLG","Color: Uranium Black, Size: XLG","uranium-black","49.99","140","https://bikecloset.com/product/poc-ms-pristine-print-jersey/?attribute_pa_color=uranium-black&attribute_pa_size=xlg","PC582241002XLG1-7325549914773","1691517","1691507","2026-09-11T12:08:04.173Z"
"POC Pristine Print Jersey Men’s","POC","","","","Clothing","Jerseys","Men's","Unspecified","S","clothing:s","SML","Color: Uranium Black, Size: SML","uranium-black","49.99","140","https://bikecloset.com/product/poc-ms-pristine-print-jersey/?attribute_pa_color=uranium-black&attribute_pa_size=sml","PC582241002SML1-7325549914766","1691516","1691507","2026-09-11T12:08:04.173Z"
"POC Pristine Print Jersey Men’s","POC","","","","Clothing","Jerseys","Men's","Unspecified","M","clothing:m","MED","Color: Uranium Black, Size: MED","uranium-black","49.99","140","https://bikecloset.com/product/poc-ms-pristine-print-jersey/?attribute_pa_color=uranium-black&attribute_pa_size=med","PC582241002MED1-7325549914759","1691515","1691507","2026-09-11T12:08:04.173Z"
"POC Pristine Print Jersey Men’s","POC","","","","Clothing","Jerseys","Men's","Unspecified","XS","clothing:xs","XSM","Color: Hydrogen White, Size: XSM","hydrogen-white","49.99","140","https://bikecloset.com/product/poc-ms-pristine-print-jersey/?attribute_pa_color=hydrogen-white&attribute_pa_size=xsm","PC582241001XSM1-7325549937260","1691512","1691507","2026-09-11T12:08:04.173Z"
"POC Essential Road Logo Jersey Men","POC","","","","Clothing","Jerseys","Men's","Road","S","clothing:s","SML","Color: Hydrogen White/Granite Grey, Size: SML","hydrogen-white-granite-grey","39.99","100","https://bikecloset.com/product/poc-ms-essential-road-logo-jersey/?attribute_pa_color=hydrogen-white-granite-grey&attribute_pa_size=sml","PC581358396SML1-7325549932722","1691501","1691485","2026-09-11T12:08:04.173Z"
"POC Essential Road Logo Jersey Men","POC","","","","Clothing","Jerseys","Men's","Road","XS","clothing:xs","XSM","Color: granite grey/zink orange, Size: XSM","granite-grey-zink-orange","39.99","100","https://bikecloset.com/product/poc-ms-essential-road-logo-jersey/?attribute_pa_color=granite-grey-zink-orange&attribute_pa_size=xsm","PC581358287XSM1-7325549932616","1691498","1691485","2026-09-11T12:08:04.173Z"
"POC Essential Road Logo Jersey Men","POC","","","","Clothing","Jerseys","Men's","Road","S","clothing:s","SML","Color: granite grey/zink orange, Size: SML","granite-grey-zink-orange","39.99","100","https://bikecloset.com/product/poc-ms-essential-road-logo-jersey/?attribute_pa_color=granite-grey-zink-orange&attribute_pa_size=sml","PC581358287SML1-7325549932500","1691496","1691485","2026-09-11T12:08:04.173Z"
"POC Essential Road Logo Jersey Men","POC","","","","Clothing","Jerseys","Men's","Road","XS","clothing:xs","XSM","Color: turmaline navy, Size: XSM","turmaline-navy","39.99","100","https://bikecloset.com/product/poc-ms-essential-road-logo-jersey/?attribute_pa_color=turmaline-navy&attribute_pa_size=xsm","PC581351582XSM1-7325549931879","1691493","1691485","2026-09-11T12:08:04.173Z"
"POC Essential Road Logo Jersey Men","POC","","","","Clothing","Jerseys","Men's","Road","XS","clothing:xs","XSM","Color: Lemon Calcite, Size: XSM","lemon-calcite","39.99","100","https://bikecloset.com/product/poc-ms-essential-road-logo-jersey/?attribute_pa_color=lemon-calcite&attribute_pa_size=xsm","PC581351327XSM1-7325549931640","1691492","1691485","2026-09-11T12:08:04.173Z"
"POC Essential Road Logo Jersey Men","POC","","","","Clothing","Jerseys","Men's","Road","XS","clothing:xs","XSM","Color: Uranium Black, Size: XSM","uranium-black","39.99","100","https://bikecloset.com/product/poc-ms-essential-road-logo-jersey/?attribute_pa_color=uranium-black&attribute_pa_size=xsm","PC581351002XSM1-7325549931527","1691490","1691485","2026-09-11T12:08:04.173Z"
"POC Reform Enduro Jersey Men’s","POC","","","","Clothing","Jerseys","Men's","Mountain / trail","S","clothing:s","SML","Color: Axinite Brown, Size: SML","axinite-brown","19.99","90","https://bikecloset.com/product/poc-ms-reform-enduro-jersey-2/?attribute_pa_color=axinite-brown&attribute_pa_size=sml","PC529061816SML1-7325549936591","1691478","1691468","2026-09-11T12:08:04.173Z"
"POC Reform Enduro Jersey Men’s","POC","","","","Clothing","Jerseys","Men's","Mountain / trail","S","clothing:s","SML","Color: Dioptase Blue, Size: SML","dioptase-blue","19.99","80","https://bikecloset.com/product/poc-ms-reform-enduro-jersey-2/?attribute_pa_color=dioptase-blue&attribute_pa_size=sml","PC529061653SML1-7325549936461","1691474","1691468","2026-09-11T12:08:04.173Z"
"POC Reform Enduro Jersey Men’s","POC","","","","Clothing","Jerseys","Men's","Mountain / trail","XL","clothing:xl","XLG","Color: Alloy Grey, Size: XLG","alloy-grey","90","90","https://bikecloset.com/product/poc-ms-reform-enduro-jersey-2/?attribute_pa_color=alloy-grey&attribute_pa_size=xlg","PC529061040XLG1-7325549962859","1691472","1691468","2026-09-11T12:08:04.173Z"
"POC Reform Enduro Tee Men’s","POC","","","","Clothing","Jerseys","Men's","Mountain / trail","XL","clothing:xl","XLG","Color: Dioptase Blue, Size: XLG","dioptase-blue","14.99","60","https://bikecloset.com/product/poc-ms-reform-enduro-tee/?attribute_pa_color=dioptase-blue&attribute_pa_size=xlg","PC529051653XLG1-7325549936164","1691463","1691458","2026-09-11T12:08:04.173Z"
"POC Reform Enduro Tee Men’s","POC","","","","Clothing","Jerseys","Men's","Mountain / trail","S","clothing:s","SML","Color: Dioptase Blue, Size: SML","dioptase-blue","9.99","60","https://bikecloset.com/product/poc-ms-reform-enduro-tee/?attribute_pa_color=dioptase-blue&attribute_pa_size=sml","PC529051653SML1-7325549936157","1691462","1691458","2026-09-11T12:08:04.173Z"
"POC MTB Pure LS Jersey Men’s","POC","","","","Clothing","Jerseys","Men's","Mountain / trail","S","clothing:s","SML","Color: Light Sandstone Beige/Zink Orange, Size: SML","light-sandstone-beige-zink-orange","39.99","90","https://bikecloset.com/product/poc-mtb-pure-ls-jersey/?attribute_pa_color=light-sandstone-beige-zink-orange&attribute_pa_size=sml","PC528448516SML1-7325549920682","1691457","1691441","2026-09-11T12:08:04.173Z"
"POC MTB Pure LS Jersey Men’s","POC","","","","Clothing","Jerseys","Men's","Mountain / trail","S","clothing:s","SML","Color: Himalayan Salt/Turmaline Navy, Size: SML","himalayan-salt-turmaline-navy","39.99","90","https://bikecloset.com/product/poc-mtb-pure-ls-jersey/?attribute_pa_color=himalayan-salt-turmaline-navy&attribute_pa_size=sml","PC528448515SML1-7325549920552","1691455","1691441","2026-09-11T12:08:04.173Z"
"POC MTB Pure LS Jersey Men’s","POC","","","","Clothing","Jerseys","Men's","Mountain / trail","XS","clothing:xs","XSM","Color: Axinite Brown/Hydrogen White, Size: XSM","axinite-brown-hydrogen-white","39.99","90","https://bikecloset.com/product/poc-mtb-pure-ls-jersey/?attribute_pa_color=axinite-brown-hydrogen-white&attribute_pa_size=xsm","PC528448514XSM1-7325549920446","1691453","1691441","2026-09-11T12:08:04.173Z"
"POC MTB Pure LS Jersey Men’s","POC","","","","Clothing","Jerseys","Men's","Mountain / trail","XL","clothing:xl","XLG","Color: Axinite Brown/Hydrogen White, Size: XLG","axinite-brown-hydrogen-white","39.99","90","https://bikecloset.com/product/poc-mtb-pure-ls-jersey/?attribute_pa_color=axinite-brown-hydrogen-white&attribute_pa_size=xlg","PC528448514XLG1-7325549920439","1691452","1691441","2026-09-11T12:08:04.173Z"
"POC MTB Pure LS Jersey Men’s","POC","","","","Clothing","Jerseys","Men's","Mountain / trail","S","clothing:s","SML","Color: Axinite Brown/Hydrogen White, Size: SML","axinite-brown-hydrogen-white","39.99","90","https://bikecloset.com/product/poc-mtb-pure-ls-jersey/?attribute_pa_color=axinite-brown-hydrogen-white&attribute_pa_size=sml","PC528448514SML1-7325549920422","1691451","1691441","2026-09-11T12:08:04.173Z"
"POC MTB Pure LS Jersey Men’s","POC","","","","Clothing","Jerseys","Men's","Mountain / trail","M","clothing:m","MED","Color: Axinite Brown/Hydrogen White, Size: MED","axinite-brown-hydrogen-white","39.99","90","https://bikecloset.com/product/poc-mtb-pure-ls-jersey/?attribute_pa_color=axinite-brown-hydrogen-white&attribute_pa_size=med","PC528448514MED1-7325549920415","1691450","1691441","2026-09-11T12:08:04.173Z"
"POC MTB Pure LS Jersey Men’s","POC","","","","Clothing","Jerseys","Men's","Mountain / trail","L","clothing:l","LRG","Color: Axinite Brown/Hydrogen White, Size: LRG","axinite-brown-hydrogen-white","39.99","90","https://bikecloset.com/product/poc-mtb-pure-ls-jersey/?attribute_pa_color=axinite-brown-hydrogen-white&attribute_pa_size=lrg","PC528448514LRG1-7325549920408","1691449","1691441","2026-09-11T12:08:04.173Z"
"POC MTB Pure LS Jersey Men’s","POC","","","","Clothing","Jerseys","Men's","Mountain / trail","L","clothing:l","LRG","Color: Prehnite Green/Hydrogen White, Size: LRG","prehnite-green-hydrogen-white","29.99","90","https://bikecloset.com/product/poc-mtb-pure-ls-jersey/?attribute_pa_color=prehnite-green-hydrogen-white&attribute_pa_size=lrg","PC528441458LRG1-7325549938946","1691442","1691441","2026-09-11T12:08:04.173Z"
"POC MTB Pure LS Jersey Men’s","POC","","","","Clothing","Jerseys","Men's","Mountain / trail","XS","clothing:xs","XSM","Color: Prehnite Green/Hydrogen White, Size: XSM","prehnite-green-hydrogen-white","29.99","90","https://bikecloset.com/product/poc-mtb-pure-ls-jersey/?attribute_pa_color=prehnite-green-hydrogen-white&attribute_pa_size=xsm","PC528441458XSM1-7325549938984","1691446","1691441","2026-09-11T12:08:04.173Z"
"POC MTB Pure LS Jersey Men’s","POC","","","","Clothing","Jerseys","Men's","Mountain / trail","XL","clothing:xl","XLG","Color: Prehnite Green/Hydrogen White, Size: XLG","prehnite-green-hydrogen-white","29.99","90","https://bikecloset.com/product/poc-mtb-pure-ls-jersey/?attribute_pa_color=prehnite-green-hydrogen-white&attribute_pa_size=xlg","PC528441458XLG1-7325549938977","1691445","1691441","2026-09-11T12:08:04.173Z"
"POC MTB Pure LS Jersey Men’s","POC","","","","Clothing","Jerseys","Men's","Mountain / trail","S","clothing:s","SML","Color: Prehnite Green/Hydrogen White, Size: SML","prehnite-green-hydrogen-white","29.99","90","https://bikecloset.com/product/poc-mtb-pure-ls-jersey/?attribute_pa_color=prehnite-green-hydrogen-white&attribute_pa_size=sml","PC528441458SML1-7325549938960","1691444","1691441","2026-09-11T12:08:04.173Z"
"POC MTB Pure LS Jersey Men’s","POC","","","","Clothing","Jerseys","Men's","Mountain / trail","M","clothing:m","MED","Color: Prehnite Green/Hydrogen White, Size: MED","prehnite-green-hydrogen-white","29.99","90","https://bikecloset.com/product/poc-mtb-pure-ls-jersey/?attribute_pa_color=prehnite-green-hydrogen-white&attribute_pa_size=med","PC528441458MED1-7325549938953","1691443","1691441","2026-09-11T12:08:04.173Z"
"POC MTB Pure 3/4 Jersey XS","POC","","","","Clothing","Jerseys","Unspecified","Mountain / trail","XS","clothing:xs","XSM","Color: Calcite Blue/Aragonite Brown, Size: XSM","calcite-blue-aragonite-brown","14.99","80","https://bikecloset.com/product/poc-mtb-pure-3-4-jersey/?attribute_pa_color=calcite-blue-aragonite-brown&attribute_pa_size=xsm","PC528338518XSM1-7325549918597","1691439","1691436","2026-09-11T12:08:04.173Z"
"POC Savant MTB Glove","POC","","","","Clothing","Gloves","Unspecified","Mountain / trail","L","clothing:l","LRG","Color: epidote green, Size: LRG","epidote-green","14.99","44","https://bikecloset.com/product/savant-mtb-glove/?attribute_pa_color=epidote-green&attribute_pa_size=lrg","PC303761460LRG1-7325549936423","1690666","1690665","2026-09-11T12:08:04.173Z"
"POC Savant MTB Glove","POC","","","","Clothing","Gloves","Unspecified","Mountain / trail","XS","clothing:xs","XSM","Color: epidote green, Size: XSM","epidote-green","14.99","44","https://bikecloset.com/product/savant-mtb-glove/?attribute_pa_color=epidote-green&attribute_pa_size=xsm","PC303761460XSM1-7325549936553","1690670","1690665","2026-09-11T12:08:04.173Z"
"POC Savant MTB Glove","POC","","","","Clothing","Gloves","Unspecified","Mountain / trail","XL","clothing:xl","XLG","Color: epidote green, Size: XLG","epidote-green","14.99","44","https://bikecloset.com/product/savant-mtb-glove/?attribute_pa_color=epidote-green&attribute_pa_size=xlg","PC303761460XLG1-7325549936546","1690669","1690665","2026-09-11T12:08:04.173Z"
"POC Savant MTB Glove","POC","","","","Clothing","Gloves","Unspecified","Mountain / trail","S","clothing:s","SML","Color: epidote green, Size: SML","epidote-green","14.99","44","https://bikecloset.com/product/savant-mtb-glove/?attribute_pa_color=epidote-green&attribute_pa_size=sml","PC303761460SML1-7325549936447","1690668","1690665","2026-09-11T12:08:04.173Z"
"POC Savant MTB Glove","POC","","","","Clothing","Gloves","Unspecified","Mountain / trail","M","clothing:m","MED","Color: epidote green, Size: MED","epidote-green","14.99","44","https://bikecloset.com/product/savant-mtb-glove/?attribute_pa_color=epidote-green&attribute_pa_size=med","PC303761460MED1-7325549936430","1690667","1690665","2026-09-11T12:08:04.173Z"
"POC Infinite All-mountain Shorts Mens","POC","","","","Clothing","Shorts","Men's","Mountain / trail","XS","clothing:xs","XSM","Color: Moonstone Grey, Size: XSM","moonstone-grey","59.99","140","https://bikecloset.com/product/ms-infinite-all-mountain-shorts-3/?attribute_pa_color=moonstone-grey&attribute_pa_size=xsm","PC527551047XSM1-7325549980723","1690646","1690641","2026-09-11T12:08:04.173Z"
"POC Infinite All-mountain Shorts Mens","POC","","","","Clothing","Shorts","Men's","Mountain / trail","XL","clothing:xl","XLG","Color: Moonstone Grey, Size: XLG","moonstone-grey","59.99","140","https://bikecloset.com/product/ms-infinite-all-mountain-shorts-3/?attribute_pa_color=moonstone-grey&attribute_pa_size=xlg","PC527551047XLG1-7325549980716","1690645","1690641","2026-09-11T12:08:04.173Z"
"POC Infinite All-mountain Shorts Mens","POC","","","","Clothing","Shorts","Men's","Mountain / trail","S","clothing:s","SML","Color: Moonstone Grey, Size: SML","moonstone-grey","59.99","140","https://bikecloset.com/product/ms-infinite-all-mountain-shorts-3/?attribute_pa_color=moonstone-grey&attribute_pa_size=sml","PC527551047SML1-7325549980709","1690644","1690641","2026-09-11T12:08:04.173Z"
"POC Infinite All-mountain Shorts Mens","POC","","","","Clothing","Shorts","Men's","Mountain / trail","M","clothing:m","MED","Color: Moonstone Grey, Size: MED","moonstone-grey","59.99","140","https://bikecloset.com/product/ms-infinite-all-mountain-shorts-3/?attribute_pa_color=moonstone-grey&attribute_pa_size=med","PC527551047MED1-7325549980648","1690643","1690641","2026-09-11T12:08:04.173Z"
"POC Infinite All-mountain Shorts Mens","POC","","","","Clothing","Shorts","Men's","Mountain / trail","L","clothing:l","LRG","Color: Moonstone Grey, Size: LRG","moonstone-grey","59.99","140","https://bikecloset.com/product/ms-infinite-all-mountain-shorts-3/?attribute_pa_color=moonstone-grey&attribute_pa_size=lrg","PC527551047LRG1-7325549980631","1690642","1690641","2026-09-11T12:08:04.173Z"
"Assos EQUIPE R Habu 3/3 Jacket S9","Assos","","","","Clothing","Jackets & rain shells","Unspecified","Unspecified","S","clothing:s","S","Color: Fluo Yellow, Size: S","fluo-yellow","199.99","420","https://bikecloset.com/product/assos-equipe-r-3-3-jacket-s9/?attribute_pa_color=fluo-yellow&attribute_pa_size=s","2220000230148","1690151","1690150","2026-09-11T12:08:04.173Z"
"Assos EQUIPE R Habu 3/3 Jacket S9","Assos","","","","Clothing","Jackets & rain shells","Unspecified","Unspecified","ASSOS TIR","clothing:assos tir","TIR","Color: BLACK SERIES, Size: TIR","black-series","199.99","420","https://bikecloset.com/product/assos-equipe-r-3-3-jacket-s9/?attribute_pa_color=black-series&attribute_pa_size=tir","2220000230100","1690161","1690150","2026-09-11T12:08:04.173Z"
"Assos EQUIPE R Habu 3/3 Jacket S9","Assos","","","","Clothing","Jackets & rain shells","Unspecified","Unspecified","S","clothing:s","S","Color: BLACK SERIES, Size: S","black-series","199.99","420","https://bikecloset.com/product/assos-equipe-r-3-3-jacket-s9/?attribute_pa_color=black-series&attribute_pa_size=s","2220000230001","1690156","1690150","2026-09-11T12:08:04.173Z"
"Assos EQUIPE R Habu 3/3 Jacket S9","Assos","","","","Clothing","Jackets & rain shells","Unspecified","Unspecified","XS","clothing:xs","XS","Color: BLACK SERIES, Size: XS","black-series","199.99","420","https://bikecloset.com/product/assos-equipe-r-3-3-jacket-s9/?attribute_pa_color=black-series&attribute_pa_size=xs","2220000229982","1690155","1690150","2026-09-11T12:08:04.173Z"
"Assos EQUIPE R Habu 3/3 Jacket S9","Assos","","","","Clothing","Jackets & rain shells","Unspecified","Unspecified","L","clothing:l","L","Color: Fluo Yellow, Size: L","fluo-yellow","199.99","420","https://bikecloset.com/product/assos-equipe-r-3-3-jacket-s9/?attribute_pa_color=fluo-yellow&attribute_pa_size=l","2220000230186","1690153","1690150","2026-09-11T12:08:04.173Z"
"Assos EQUIPE R Habu 3/3 Jacket S9","Assos","","","","Clothing","Jackets & rain shells","Unspecified","Unspecified","M","clothing:m","M","Color: Fluo Yellow, Size: M","fluo-yellow","199.99","420","https://bikecloset.com/product/assos-equipe-r-3-3-jacket-s9/?attribute_pa_color=fluo-yellow&attribute_pa_size=m","2220000230162","1690152","1690150","2026-09-11T12:08:04.173Z"
"Assos MILLE GTS 2/3 Jacket C2","Assos","","","","Clothing","Jackets & rain shells","Unspecified","Unspecified","S","clothing:s","S","Color: Fluo Yellow, Size: S","fluo-yellow","89","290","https://bikecloset.com/product/assos-mille-gts-2-3-jacket-c2/?attribute_pa_color=fluo-yellow&attribute_pa_size=s","2220000230728","1690145","1690144","2026-09-11T12:08:04.173Z"
"Assos MILLE GT ULTRAZ Jacket EVO","Assos","","","","Clothing","Jackets & rain shells","Unspecified","Unspecified","S","clothing:s","S","Color: BLACK SERIES, Size: S","black-series","199.99","395","https://bikecloset.com/product/assos-mille-gt-uz3-3-jacket-evo/?attribute_pa_color=black-series&attribute_pa_size=s","2220000170437","1690136","1690135","2026-09-11T12:08:04.173Z"
"Assos MILLE GT ULTRAZ Jacket EVO","Assos","","","","Clothing","Jackets & rain shells","Unspecified","Unspecified","M","clothing:m","M","Color: BLACK SERIES, Size: M","black-series","199.99","395","https://bikecloset.com/product/assos-mille-gt-uz3-3-jacket-evo/?attribute_pa_color=black-series&attribute_pa_size=m","2220000170444","1690137","1690135","2026-09-11T12:08:04.173Z"
"Assos MILLE GT 3/3 Jacket EVO","Assos","","","","Clothing","Jackets & rain shells","Unspecified","Unspecified","L","clothing:l","L","Color: Fluo Yellow, Size: L","fluo-yellow","149.99","315","https://bikecloset.com/product/assos-mille-gt-3-3-jacket-evo/?attribute_pa_color=fluo-yellow&attribute_pa_size=l","2220000228930","1690125","1690115","2026-09-11T12:08:04.173Z"
"Assos MILLE GT 3/3 Jacket EVO","Assos","","","","Clothing","Jackets & rain shells","Unspecified","Unspecified","M","clothing:m","M","Color: Fluo Yellow, Size: M","fluo-yellow","149.99","315","https://bikecloset.com/product/assos-mille-gt-3-3-jacket-evo/?attribute_pa_color=fluo-yellow&attribute_pa_size=m","2220000228923","1690124","1690115","2026-09-11T12:08:04.173Z"
"Assos MILLE GT 3/3 Jacket EVO","Assos","","","","Clothing","Jackets & rain shells","Unspecified","Unspecified","S","clothing:s","S","Color: Fluo Yellow, Size: S","fluo-yellow","149.99","315","https://bikecloset.com/product/assos-mille-gt-3-3-jacket-evo/?attribute_pa_color=fluo-yellow&attribute_pa_size=s","2220000228916","1690123","1690115","2026-09-11T12:08:04.173Z"
"Assos MILLE GT 3/3 Jacket EVO","Assos","","","","Clothing","Jackets & rain shells","Unspecified","Unspecified","L","clothing:l","L","Color: BLACK SERIES, Size: L","black-series","149.99","315","https://bikecloset.com/product/assos-mille-gt-3-3-jacket-evo/?attribute_pa_color=black-series&attribute_pa_size=l","2220000181372","1690116","1690115","2026-09-11T12:08:04.173Z"
"Assos MILLE GT 3/3 Jacket EVO","Assos","","","","Clothing","Jackets & rain shells","Unspecified","Unspecified","M","clothing:m","M","Color: Torpedo Grey, Size: M","torpedo-grey","149.99","315","https://bikecloset.com/product/assos-mille-gt-3-3-jacket-evo/?attribute_pa_color=torpedo-grey&attribute_pa_size=m","2220000229050","1690119","1690115","2026-09-11T12:08:04.173Z"
"Assos MILLE GT 3/3 Jacket EVO","Assos","","","","Clothing","Jackets & rain shells","Unspecified","Unspecified","S","clothing:s","S","Color: Torpedo Grey, Size: S","torpedo-grey","149.99","315","https://bikecloset.com/product/assos-mille-gt-3-3-jacket-evo/?attribute_pa_color=torpedo-grey&attribute_pa_size=s","2220000229036","1690118","1690115","2026-09-11T12:08:04.173Z"
"Assos EQUIPE RS Winter LS Mid Layer","Assos","","","","Clothing","Jerseys","Unspecified","Unspecified","XS","clothing:xs","XS","Color: BLACK SERIES, Size: XS","black-series","119","205","https://bikecloset.com/product/assos-equipe-rs-winter-ls-mid-layer/?attribute_pa_color=black-series&attribute_pa_size=xs","2220000174541","1690097","1690096","2026-09-11T12:08:04.173Z"
"Assos EQUIPE RS Winter LS Mid Layer","Assos","","","","Clothing","Jerseys","Unspecified","Unspecified","S","clothing:s","S","Color: BLACK SERIES, Size: S","black-series","119","205","https://bikecloset.com/product/assos-equipe-rs-winter-ls-mid-layer/?attribute_pa_color=black-series&attribute_pa_size=s","2220000174558","1690098","1690096","2026-09-11T12:08:04.173Z"
"Abus Aventor","Abus","","","","Footwear & protection","Helmets","","","S","helmets:s","S","Color: Black, Size: S","black","39.99","180","https://bikecloset.com/product/abus-aventor-2/?attribute_pa_color=black&attribute_pa_size=s","4003318867668","1686823","1659667","2026-09-11T12:08:04.173Z"
"Enve OTD Light Stretch Short Womens","Enve","","","","Clothing","Shorts","Women's","Unspecified","XS","clothing:xs","XS","Color: Black, Size: XS","black","5","110","https://bikecloset.com/product/enve-otd-light-stretch-short-womens/?attribute_pa_color=black&attribute_pa_size=xs","810024558247","1684331","1684330","2026-09-11T12:08:04.173Z"
"Enve Trail Short Womens","Enve","","","","Clothing","Shorts","Women's","Mountain / trail","L","clothing:l","LG","Color: Forest, Size: LG","forest","5","150","https://bikecloset.com/product/enve-trail-short-womens/?attribute_pa_color=forest&attribute_pa_size=lg","810125051241","1684328","1684319","2026-09-11T12:08:04.173Z"
"Enve Trail Short Womens","Enve","","","","Clothing","Shorts","Women's","Mountain / trail","S","clothing:s","SM","Color: Forest, Size: SM","forest","5","150","https://bikecloset.com/product/enve-trail-short-womens/?attribute_pa_color=forest&attribute_pa_size=sm-2","810125051227","1684326","1684319","2026-09-11T12:08:04.173Z"
"Enve Trail Short Womens","Enve","","","","Clothing","Shorts","Women's","Mountain / trail","XS","clothing:xs","XS","Color: Forest, Size: XS","forest","5","150","https://bikecloset.com/product/enve-trail-short-womens/?attribute_pa_color=forest&attribute_pa_size=xs","810125051210","1684325","1684319","2026-09-11T12:08:04.173Z"
"KOO SPECTRO","KOO","","","","Footwear & protection","Eyewear","","","","","","Color: Black Bronze","black-bronze","59.99","190","https://bikecloset.com/product/koo-spectro/?attribute_pa_color=black-bronze","8057099221986","1680460","1680459","2026-09-11T12:08:04.173Z"
"KOO SPECTRO","KOO","","","","Footwear & protection","Eyewear","","","","","","Color: White Silver","white-silver-2","59.99","190","https://bikecloset.com/product/koo-spectro/?attribute_pa_color=white-silver-2","8057099222013","1680468","1680459","2026-09-11T12:08:04.173Z"
"KOO SPECTRO","KOO","","","","Footwear & protection","Eyewear","","","","","","Color: White Green","white-green","59.99","190","https://bikecloset.com/product/koo-spectro/?attribute_pa_color=white-green","8057099222006","1680466","1680459","2026-09-11T12:08:04.173Z"
"KOO SPECTRO","KOO","","","","Footwear & protection","Eyewear","","","","","","Color: Black Torquoise","black-torquoise","59.99","190","https://bikecloset.com/product/koo-spectro/?attribute_pa_color=black-torquoise","8057099222020","1680464","1680459","2026-09-11T12:08:04.173Z"
"KOO SPECTRO","KOO","","","","Footwear & protection","Eyewear","","","","","","Color: Black Red","black-red-2","59.99","190","https://bikecloset.com/product/koo-spectro/?attribute_pa_color=black-red-2","8057099221993","1680462","1680459","2026-09-11T12:08:04.173Z"
"KOO DEMOS","KOO","","","","Footwear & protection","Eyewear","","","","","","Color: Glass Red","glass-red","119","180","https://bikecloset.com/product/koo-demos/?attribute_pa_color=glass-red","8057099222075","1680446","1680437","2026-09-11T12:08:04.173Z"
"KOO DEMOS","KOO","","","","Footwear & protection","Eyewear","","","","","","Color: Blue","blue","119","180","https://bikecloset.com/product/koo-demos/?attribute_pa_color=blue","8057099222044","1680444","1680437","2026-09-11T12:08:04.173Z"
"KOO DEMOS","KOO","","","","Footwear & protection","Eyewear","","","","","","Color: Black Rose","black-rose","119","170","https://bikecloset.com/product/koo-demos/?attribute_pa_color=black-rose","8057099222082","1680442","1680437","2026-09-11T12:08:04.173Z"
"KOO DEMOS","KOO","","","","Footwear & protection","Eyewear","","","","","","Color: Black Green","black-green-2","119","180","https://bikecloset.com/product/koo-demos/?attribute_pa_color=black-green-2","8057099222051","1680440","1680437","2026-09-11T12:08:04.173Z"
"KOO DEMOS","KOO","","","","Footwear & protection","Eyewear","","","","","","Color: Black-Blue","black-blue","119","170","https://bikecloset.com/product/koo-demos/?attribute_pa_color=black-blue","8057099222068","1680438","1680437","2026-09-11T12:08:04.173Z"
"Fizik Vento Stabilita Carbon Black Fluo/Yellow","Fizik","","","","Footwear & protection","Cycling shoes","","","36","shoes:36","36","Size: 36","","79","399.99","https://bikecloset.com/product/fizik-vento-stabilita-carbon-black-fluo-yellow/?attribute_pa_size=36","8058364080482","1679138","1468333","2026-09-11T12:08:04.173Z"
"Fizik Vento Stabilita Carbon Black Fluo/Yellow","Fizik","","","","Footwear & protection","Cycling shoes","","","37","shoes:37","37","Size: 37","","79","399.99","https://bikecloset.com/product/fizik-vento-stabilita-carbon-black-fluo-yellow/?attribute_pa_size=37","8058364080499","1679137","1468333","2026-09-11T12:08:04.173Z"
"Fizik Vento Stabilita Carbon Black Fluo/Yellow","Fizik","","","","Footwear & protection","Cycling shoes","","","37.5","shoes:37.5","37.5","Size: 37.5","","79","399.99","https://bikecloset.com/product/fizik-vento-stabilita-carbon-black-fluo-yellow/?attribute_pa_size=37-5","8058364080505","1679136","1468333","2026-09-11T12:08:04.173Z"
"Assos MILLE GTO Jersey C2","Assos","","","","Clothing","Jerseys","Unspecified","Unspecified","S","clothing:s","S","Color: Yubi Blue, Size: S","yubi-blue","179","290","https://bikecloset.com/product/assos-mille-gto-jersey-c2-2/?attribute_pa_color=yubi-blue&attribute_pa_size=s","2220000216791","1676338","1676335","2026-09-11T12:08:04.173Z"
"Assos MILLE GTO Jersey C2","Assos","","","","Clothing","Jerseys","Unspecified","Unspecified","M","clothing:m","M","Color: Yubi Blue, Size: M","yubi-blue","179","290","https://bikecloset.com/product/assos-mille-gto-jersey-c2-2/?attribute_pa_color=yubi-blue&attribute_pa_size=m","2220000216814","1676337","1676335","2026-09-11T12:08:04.173Z"
"Assos MILLE GTO Jersey C2","Assos","","","","Clothing","Jerseys","Unspecified","Unspecified","L","clothing:l","Blue L","Color: Yubi Blue, Size: Blue L","yubi-blue","179","290","https://bikecloset.com/product/assos-mille-gto-jersey-c2-2/?attribute_pa_color=yubi-blue&attribute_pa_size=blue-l","2220000216838","1676336","1676335","2026-09-11T12:08:04.173Z"
"POC Cytal Carbon","POC","","","","Footwear & protection","Helmets","","","M","helmets:m","MED","Color: Uranium Black, Size: MED","uranium-black","299","450","https://bikecloset.com/product/cytal-carbon-cpsc/?attribute_pa_color=uranium-black&attribute_pa_size=med","7325549847033-2933","1671634","1671631","2026-09-11T12:08:04.173Z"
"Abus Aventor","Abus","","","","Footwear & protection","Helmets","","","M","helmets:m","M","Color: Gleam Silver, Size: M","gleam-silver","49.99","180","https://bikecloset.com/product/abus-aventor-2/?attribute_pa_color=gleam-silver&attribute_pa_size=m","4003318867705","1671497","1659667","2026-09-11T12:08:04.173Z"
"Assos MILLE GTO Jersey C2 Black","Assos","","","","Clothing","Jerseys","Unspecified","Unspecified","S","clothing:s","S","Color: Black, Size: S","black","129","290","https://bikecloset.com/product/assos-mille-gto-jersey-c2-black/?attribute_pa_color=black&attribute_pa_size=s","2220000245296","1668394","1668390","2026-09-11T12:08:04.173Z"
"Sidi TRACE 2 MTB","Sidi","","","","Footwear & protection","Cycling shoes","","","48","shoes:48","48.0","Color: Sage, Size: 48.0","sage","149","249","https://bikecloset.com/product/sidi-trace-2-mtb/?attribute_pa_color=sage&attribute_pa_size=48-0","8017732556516","1662091","1661997","2026-09-11T12:08:04.173Z"
"Sidi TRACE 2 MTB","Sidi","","","","Footwear & protection","Cycling shoes","","","46","shoes:46","46.0","Color: Sage, Size: 46.0","sage","149","249","https://bikecloset.com/product/sidi-trace-2-mtb/?attribute_pa_color=sage&attribute_pa_size=46-0","8017732556486","1662088","1661997","2026-09-11T12:08:04.173Z"
"Sidi TRACE 2 MTB","Sidi","","","","Footwear & protection","Cycling shoes","","","45.5","shoes:45.5","45.5","Color: Sage, Size: 45.5","sage","149","249","https://bikecloset.com/product/sidi-trace-2-mtb/?attribute_pa_color=sage&attribute_pa_size=45-5","8017732556479","1662087","1661997","2026-09-11T12:08:04.173Z"
"Sidi TRACE 2 MTB","Sidi","","","","Footwear & protection","Cycling shoes","","","45","shoes:45","45.0","Color: Sage, Size: 45.0","sage","149","249","https://bikecloset.com/product/sidi-trace-2-mtb/?attribute_pa_color=sage&attribute_pa_size=45-0","8017732556462","1662086","1661997","2026-09-11T12:08:04.173Z"
"Sidi TRACE 2 MTB","Sidi","","","","Footwear & protection","Cycling shoes","","","44.5","shoes:44.5","44.5","Color: Sage, Size: 44.5","sage","149","249","https://bikecloset.com/product/sidi-trace-2-mtb/?attribute_pa_color=sage&attribute_pa_size=44-5","8017732556455","1662085","1661997","2026-09-11T12:08:04.173Z"
"Sidi TRACE 2 MTB","Sidi","","","","Footwear & protection","Cycling shoes","","","44","shoes:44","44.0","Color: Sage, Size: 44.0","sage","149","249","https://bikecloset.com/product/sidi-trace-2-mtb/?attribute_pa_color=sage&attribute_pa_size=44-0","8017732556448","1662084","1661997","2026-09-11T12:08:04.173Z"
"Sidi TRACE 2 MTB","Sidi","","","","Footwear & protection","Cycling shoes","","","43","shoes:43","43.0","Color: Sage, Size: 43.0","sage","149","249","https://bikecloset.com/product/sidi-trace-2-mtb/?attribute_pa_color=sage&attribute_pa_size=43-0","8017732556424","1662082","1661997","2026-09-11T12:08:04.173Z"
"Sidi ALBA 2","Sidi","","","","Footwear & protection","Cycling shoes","","","47","shoes:47","47.0","Color: Black-Gray, Size: 47.0","black-gray","99","249","https://bikecloset.com/product/sidi-alba-2-2/?attribute_pa_color=black-gray&attribute_pa_size=47-0","8017732554833","1662078","1661943","2026-09-11T12:08:04.173Z"
"Sidi ALBA 2","Sidi","","","","Footwear & protection","Cycling shoes","","","46.5","shoes:46.5","46.5","Color: Black-Gray, Size: 46.5","black-gray","99","249","https://bikecloset.com/product/sidi-alba-2-2/?attribute_pa_color=black-gray&attribute_pa_size=46-5","8017732554826","1662077","1661943","2026-09-11T12:08:04.173Z"
"Sidi ALBA 2","Sidi","","","","Footwear & protection","Cycling shoes","","","46","shoes:46","46.0","Color: Black-Gray, Size: 46.0","black-gray","99","249","https://bikecloset.com/product/sidi-alba-2-2/?attribute_pa_color=black-gray&attribute_pa_size=46-0","8017732554819","1662076","1661943","2026-09-11T12:08:04.173Z"
"Sidi ALBA 2","Sidi","","","","Footwear & protection","Cycling shoes","","","43.5","shoes:43.5","43.5","Color: Black-Gray, Size: 43.5","black-gray","99","249","https://bikecloset.com/product/sidi-alba-2-2/?attribute_pa_color=black-gray&attribute_pa_size=43-5","8017732554765","1662071","1661943","2026-09-11T12:08:04.173Z"
"Sidi TRACE 2 MTB MEGA","Sidi","","","","Footwear & protection","Cycling shoes","","","44.5","shoes:44.5","44.5","Color: Black-Black, Size: 44.5","black-black","149","249","https://bikecloset.com/product/sidi-trace-2-mtb-mega/?attribute_pa_color=black-black&attribute_pa_size=44-5","8017732532954","1662058","1662052","2026-09-11T12:08:04.173Z"
"Sidi ALBA 2 MEGA","Sidi","","","","Footwear & protection","Cycling shoes","","","50","shoes:50","50.0","Color: Black-Black, Size: 50.0","black-black","99","249","https://bikecloset.com/product/sidi-alba-2-mega/?attribute_pa_color=black-black&attribute_pa_size=50-0","8017732530813","1662051","1662034","2026-09-11T12:08:04.173Z"
"Sidi ALBA 2 MEGA","Sidi","","","","Footwear & protection","Cycling shoes","","","49","shoes:49","49.0","Color: Black-Black, Size: 49.0","black-black","99","249","https://bikecloset.com/product/sidi-alba-2-mega/?attribute_pa_color=black-black&attribute_pa_size=49-0","8017732530806","1662050","1662034","2026-09-11T12:08:04.173Z"
"Sidi ALBA 2 MEGA","Sidi","","","","Footwear & protection","Cycling shoes","","","48","shoes:48","48.0","Color: Black-Black, Size: 48.0","black-black","99","249","https://bikecloset.com/product/sidi-alba-2-mega/?attribute_pa_color=black-black&attribute_pa_size=48-0","8017732530790","1662049","1662034","2026-09-11T12:08:04.173Z"
"Sidi ALBA 2 MEGA","Sidi","","","","Footwear & protection","Cycling shoes","","","40","shoes:40","40.0","Color: Black-Black, Size: 40.0","black-black","99","249","https://bikecloset.com/product/sidi-alba-2-mega/?attribute_pa_color=black-black&attribute_pa_size=40-0","8017732530646","1662035","1662034","2026-09-11T12:08:04.173Z"
"Sidi ALBA 2 MEGA","Sidi","","","","Footwear & protection","Cycling shoes","","","46.5","shoes:46.5","46.5","Color: Black-Black, Size: 46.5","black-black","99","249","https://bikecloset.com/product/sidi-alba-2-mega/?attribute_pa_color=black-black&attribute_pa_size=46-5","8017732530776","1662047","1662034","2026-09-11T12:08:04.173Z"
"Sidi ALBA 2 MEGA","Sidi","","","","Footwear & protection","Cycling shoes","","","46","shoes:46","46.0","Color: Black-Black, Size: 46.0","black-black","99","249","https://bikecloset.com/product/sidi-alba-2-mega/?attribute_pa_color=black-black&attribute_pa_size=46-0","8017732530769","1662046","1662034","2026-09-11T12:08:04.173Z"
"Sidi ALBA 2 MEGA","Sidi","","","","Footwear & protection","Cycling shoes","","","45.5","shoes:45.5","45.5","Color: Black-Black, Size: 45.5","black-black","99","249","https://bikecloset.com/product/sidi-alba-2-mega/?attribute_pa_color=black-black&attribute_pa_size=45-5","8017732530752","1662045","1662034","2026-09-11T12:08:04.173Z"
"Sidi ALBA 2 MEGA","Sidi","","","","Footwear & protection","Cycling shoes","","","45","shoes:45","45.0","Color: Black-Black, Size: 45.0","black-black","99","249","https://bikecloset.com/product/sidi-alba-2-mega/?attribute_pa_color=black-black&attribute_pa_size=45-0","8017732530745","1662044","1662034","2026-09-11T12:08:04.173Z"
"Sidi ALBA 2 MEGA","Sidi","","","","Footwear & protection","Cycling shoes","","","44.5","shoes:44.5","44.5","Color: Black-Black, Size: 44.5","black-black","99","249","https://bikecloset.com/product/sidi-alba-2-mega/?attribute_pa_color=black-black&attribute_pa_size=44-5","8017732530738","1662043","1662034","2026-09-11T12:08:04.173Z"
"Sidi ALBA 2 MEGA","Sidi","","","","Footwear & protection","Cycling shoes","","","43.5","shoes:43.5","43.5","Color: Black-Black, Size: 43.5","black-black","99","249","https://bikecloset.com/product/sidi-alba-2-mega/?attribute_pa_color=black-black&attribute_pa_size=43-5","8017732530714","1662041","1662034","2026-09-11T12:08:04.173Z"
"Sidi ALBA 2 MEGA","Sidi","","","","Footwear & protection","Cycling shoes","","","43","shoes:43","43.0","Color: Black-Black, Size: 43.0","black-black","99","249","https://bikecloset.com/product/sidi-alba-2-mega/?attribute_pa_color=black-black&attribute_pa_size=43-0","8017732530707","1662040","1662034","2026-09-11T12:08:04.173Z"
"Sidi ALBA 2 MEGA","Sidi","","","","Footwear & protection","Cycling shoes","","","42.5","shoes:42.5","42.5","Color: Black-Black, Size: 42.5","black-black","99","249","https://bikecloset.com/product/sidi-alba-2-mega/?attribute_pa_color=black-black&attribute_pa_size=42-5","8017732530691","1662039","1662034","2026-09-11T12:08:04.173Z"
"Sidi ALBA 2 MEGA","Sidi","","","","Footwear & protection","Cycling shoes","","","42","shoes:42","42.0","Color: Black-Black, Size: 42.0","black-black","99","249","https://bikecloset.com/product/sidi-alba-2-mega/?attribute_pa_color=black-black&attribute_pa_size=42-0","8017732530684","1662038","1662034","2026-09-11T12:08:04.173Z"
"Sidi ALBA 2 MEGA","Sidi","","","","Footwear & protection","Cycling shoes","","","41.5","shoes:41.5","41.5","Color: Black-Black, Size: 41.5","black-black","99","249","https://bikecloset.com/product/sidi-alba-2-mega/?attribute_pa_color=black-black&attribute_pa_size=41-5","8017732530677","1662037","1662034","2026-09-11T12:08:04.173Z"
"Sidi ALBA 2 MEGA","Sidi","","","","Footwear & protection","Cycling shoes","","","41","shoes:41","41.0","Color: Black-Black, Size: 41.0","black-black","99","249","https://bikecloset.com/product/sidi-alba-2-mega/?attribute_pa_color=black-black&attribute_pa_size=41-0","8017732530660","1662036","1662034","2026-09-11T12:08:04.173Z"
"Sidi TRACE 2 MTB","Sidi","","","","Footwear & protection","Cycling shoes","","","48","shoes:48","48.0","Color: Black-Black, Size: 48.0","black-black","149","249","https://bikecloset.com/product/sidi-trace-2-mtb/?attribute_pa_color=black-black&attribute_pa_size=48-0","8017732528063","1662011","1661997","2026-09-11T12:08:04.173Z"
"Sidi TRACE 2 MTB","Sidi","","","","Footwear & protection","Cycling shoes","","","41.5","shoes:41.5","41.5","Color: Black-Black, Size: 41.5","black-black","149","249","https://bikecloset.com/product/sidi-trace-2-mtb/?attribute_pa_color=black-black&attribute_pa_size=41-5","8017732527943","1661999","1661997","2026-09-11T12:08:04.173Z"
"Sidi ALBA 2 WOMEN","Sidi","","","","Footwear & protection","Cycling shoes","","","43","shoes:43","43.0","Color: Black-Black, Size: 43.0","black-black","99","249","https://bikecloset.com/product/sidi-alba-2-women/?attribute_pa_color=black-black&attribute_pa_size=43-0","8017732526199","1661996","1661974","2026-09-11T12:08:04.173Z"
"Sidi ALBA 2 WOMEN","Sidi","","","","Footwear & protection","Cycling shoes","","","41","shoes:41","41.0","Color: Black-Black, Size: 41.0","black-black","99","249","https://bikecloset.com/product/sidi-alba-2-women/?attribute_pa_color=black-black&attribute_pa_size=41-0","8017732526151","1661992","1661974","2026-09-11T12:08:04.173Z"
"Sidi ALBA 2 WOMEN","Sidi","","","","Footwear & protection","Cycling shoes","","","40.5","shoes:40.5","40.5","Color: Black-Black, Size: 40.5","black-black","99","249","https://bikecloset.com/product/sidi-alba-2-women/?attribute_pa_color=black-black&attribute_pa_size=40-5","8017732526144","1661991","1661974","2026-09-11T12:08:04.173Z"
"Sidi ALBA 2 WOMEN","Sidi","","","","Footwear & protection","Cycling shoes","","","40","shoes:40","40.0","Color: Black-Black, Size: 40.0","black-black","99","249","https://bikecloset.com/product/sidi-alba-2-women/?attribute_pa_color=black-black&attribute_pa_size=40-0","8017732526137","1661990","1661974","2026-09-11T12:08:04.173Z"
"Sidi ALBA 2 WOMEN","Sidi","","","","Footwear & protection","Cycling shoes","","","39.5","shoes:39.5","39.5","Color: Black-Black, Size: 39.5","black-black","99","249","https://bikecloset.com/product/sidi-alba-2-women/?attribute_pa_color=black-black&attribute_pa_size=39-5","8017732526120","1661989","1661974","2026-09-11T12:08:04.173Z"
"Sidi ALBA 2 WOMEN","Sidi","","","","Footwear & protection","Cycling shoes","","","39","shoes:39","39.0","Color: Black-Black, Size: 39.0","black-black","99","249","https://bikecloset.com/product/sidi-alba-2-women/?attribute_pa_color=black-black&attribute_pa_size=39-0","8017732526113","1661988","1661974","2026-09-11T12:08:04.173Z"
"Sidi ALBA 2 WOMEN","Sidi","","","","Footwear & protection","Cycling shoes","","","38.5","shoes:38.5","38.5","Color: Black-Black, Size: 38.5","black-black","99","249","https://bikecloset.com/product/sidi-alba-2-women/?attribute_pa_color=black-black&attribute_pa_size=38-5","8017732526106","1661987","1661974","2026-09-11T12:08:04.173Z"
"Sidi ALBA 2 WOMEN","Sidi","","","","Footwear & protection","Cycling shoes","","","38","shoes:38","38.0","Color: Black-Black, Size: 38.0","black-black","99","249","https://bikecloset.com/product/sidi-alba-2-women/?attribute_pa_color=black-black&attribute_pa_size=38-0","8017732526090","1661986","1661974","2026-09-11T12:08:04.173Z"
"Sidi ALBA 2 WOMEN","Sidi","","","","Footwear & protection","Cycling shoes","","","37","shoes:37","37.0","Color: Black-Black, Size: 37.0","black-black","99","249","https://bikecloset.com/product/sidi-alba-2-women/?attribute_pa_color=black-black&attribute_pa_size=37-0","8017732526076","1661985","1661974","2026-09-11T12:08:04.173Z"
"Sidi ALBA 2 WOMEN","Sidi","","","","Footwear & protection","Cycling shoes","","","38","shoes:38","38.0","Color: MATTE WHITE/WHITE, Size: 38.0","matte-white-white","99","249","https://bikecloset.com/product/sidi-alba-2-women/?attribute_pa_color=matte-white-white&attribute_pa_size=38-0","8017732525819","1661975","1661974","2026-09-11T12:08:04.173Z"
"Sidi ALBA 2 WOMEN","Sidi","","","","Footwear & protection","Cycling shoes","","","43","shoes:43","43.0","Color: MATTE WHITE/WHITE, Size: 43.0","matte-white-white","99","249","https://bikecloset.com/product/sidi-alba-2-women/?attribute_pa_color=matte-white-white&attribute_pa_size=43-0","8017732525918","1661984","1661974","2026-09-11T12:08:04.173Z"
"Sidi ALBA 2 WOMEN","Sidi","","","","Footwear & protection","Cycling shoes","","","40.5","shoes:40.5","40.5","Color: MATTE WHITE/WHITE, Size: 40.5","matte-white-white","99","249","https://bikecloset.com/product/sidi-alba-2-women/?attribute_pa_color=matte-white-white&attribute_pa_size=40-5","8017732525864","1661980","1661974","2026-09-11T12:08:04.173Z"
"Sidi ALBA 2 WOMEN","Sidi","","","","Footwear & protection","Cycling shoes","","","40","shoes:40","40.0","Color: MATTE WHITE/WHITE, Size: 40.0","matte-white-white","99","249","https://bikecloset.com/product/sidi-alba-2-women/?attribute_pa_color=matte-white-white&attribute_pa_size=40-0","8017732525857","1661979","1661974","2026-09-11T12:08:04.173Z"
"Sidi ALBA 2 WOMEN","Sidi","","","","Footwear & protection","Cycling shoes","","","39","shoes:39","39.0","Color: MATTE WHITE/WHITE, Size: 39.0","matte-white-white","99","249","https://bikecloset.com/product/sidi-alba-2-women/?attribute_pa_color=matte-white-white&attribute_pa_size=39-0","8017732525833","1661977","1661974","2026-09-11T12:08:04.173Z"
"Sidi ALBA 2 WOMEN","Sidi","","","","Footwear & protection","Cycling shoes","","","38.5","shoes:38.5","38.5","Color: MATTE WHITE/WHITE, Size: 38.5","matte-white-white","99","249","https://bikecloset.com/product/sidi-alba-2-women/?attribute_pa_color=matte-white-white&attribute_pa_size=38-5","8017732525826","1661976","1661974","2026-09-11T12:08:04.173Z"
"Sidi ALBA 2","Sidi","","","","Footwear & protection","Cycling shoes","","","50","shoes:50","50.0","Color: Black-Black, Size: 50.0","black-black","99","249","https://bikecloset.com/product/sidi-alba-2-2/?attribute_pa_color=black-black&attribute_pa_size=50-0","8017732525529","1661973","1661943","2026-09-11T12:08:04.173Z"
"Sidi ALBA 2","Sidi","","","","Footwear & protection","Cycling shoes","","","48","shoes:48","48.0","Color: Black-Black, Size: 48.0","black-black","99","249","https://bikecloset.com/product/sidi-alba-2-2/?attribute_pa_color=black-black&attribute_pa_size=48-0","8017732525505","1661971","1661943","2026-09-11T12:08:04.173Z"
"Sidi ALBA 2","Sidi","","","","Footwear & protection","Cycling shoes","","","47","shoes:47","47.0","Color: Black-Black, Size: 47.0","black-black","99","249","https://bikecloset.com/product/sidi-alba-2-2/?attribute_pa_color=black-black&attribute_pa_size=47-0","8017732525499","1661970","1661943","2026-09-11T12:08:04.173Z"
"Sidi ALBA 2","Sidi","","","","Footwear & protection","Cycling shoes","","","46.5","shoes:46.5","46.5","Color: Black-Black, Size: 46.5","black-black","99","249","https://bikecloset.com/product/sidi-alba-2-2/?attribute_pa_color=black-black&attribute_pa_size=46-5","8017732525482","1661969","1661943","2026-09-11T12:08:04.173Z"
"Sidi ALBA 2","Sidi","","","","Footwear & protection","Cycling shoes","","","45.5","shoes:45.5","45.5","Color: Black-Black, Size: 45.5","black-black","99","249","https://bikecloset.com/product/sidi-alba-2-2/?attribute_pa_color=black-black&attribute_pa_size=45-5","8017732525468","1661967","1661943","2026-09-11T12:08:04.173Z"
"Sidi ALBA 2","Sidi","","","","Footwear & protection","Cycling shoes","","","44.5","shoes:44.5","44.5","Color: Black-Black, Size: 44.5","black-black","99","249","https://bikecloset.com/product/sidi-alba-2-2/?attribute_pa_color=black-black&attribute_pa_size=44-5","8017732525444","1661965","1661943","2026-09-11T12:08:04.173Z"
"Sidi ALBA 2","Sidi","","","","Footwear & protection","Cycling shoes","","","44","shoes:44","44.0","Color: Black-Black, Size: 44.0","black-black","99","249","https://bikecloset.com/product/sidi-alba-2-2/?attribute_pa_color=black-black&attribute_pa_size=44-0","8017732525437","1661964","1661943","2026-09-11T12:08:04.173Z"
"Sidi ALBA 2","Sidi","","","","Footwear & protection","Cycling shoes","","","43.5","shoes:43.5","43.5","Color: Black-Black, Size: 43.5","black-black","99","249","https://bikecloset.com/product/sidi-alba-2-2/?attribute_pa_color=black-black&attribute_pa_size=43-5","8017732525420","1661963","1661943","2026-09-11T12:08:04.173Z"
"Sidi ALBA 2","Sidi","","","","Footwear & protection","Cycling shoes","","","43","shoes:43","43.0","Color: Black-Black, Size: 43.0","black-black","99","249","https://bikecloset.com/product/sidi-alba-2-2/?attribute_pa_color=black-black&attribute_pa_size=43-0","8017732525413","1661962","1661943","2026-09-11T12:08:04.173Z"
"Sidi ALBA 2","Sidi","","","","Footwear & protection","Cycling shoes","","","42","shoes:42","42.0","Color: Black-Black, Size: 42.0","black-black","99","249","https://bikecloset.com/product/sidi-alba-2-2/?attribute_pa_color=black-black&attribute_pa_size=42-0","8017732525390","1661960","1661943","2026-09-11T12:08:04.173Z"
"Sidi ALBA 2","Sidi","","","","Footwear & protection","Cycling shoes","","","41.5","shoes:41.5","41.5","Color: Black-Black, Size: 41.5","black-black","99","249","https://bikecloset.com/product/sidi-alba-2-2/?attribute_pa_color=black-black&attribute_pa_size=41-5","8017732525383","1661959","1661943","2026-09-11T12:08:04.173Z"
"Sidi ALBA 2","Sidi","","","","Footwear & protection","Cycling shoes","","","41","shoes:41","41.0","Color: Black-Black, Size: 41.0","black-black","99","249","https://bikecloset.com/product/sidi-alba-2-2/?attribute_pa_color=black-black&attribute_pa_size=41-0","8017732525376","1661958","1661943","2026-09-11T12:08:04.173Z"
"Sidi ALBA 2","Sidi","","","","Footwear & protection","Cycling shoes","","","40","shoes:40","40.0","Color: Black-Black, Size: 40.0","black-black","99","249","https://bikecloset.com/product/sidi-alba-2-2/?attribute_pa_color=black-black&attribute_pa_size=40-0","8017732525352","1661957","1661943","2026-09-11T12:08:04.173Z"
"Sidi ALBA 2","Sidi","","","","Footwear & protection","Cycling shoes","","","43.5","shoes:43.5","43.5","Color: WHITE/BLACK/RED, Size: 43.5","white-black-red","99","249","https://bikecloset.com/product/sidi-alba-2-2/?attribute_pa_color=white-black-red&attribute_pa_size=43-5","8017732525178","1661949","1661943","2026-09-11T12:08:04.173Z"
"Louis Garneau Neo Power Shorts Mens","Louis Garneau","","","","Clothing","Shorts","Men's","Unspecified","S","clothing:s","S","Color: Black, Size: S","black","59.99","149.99","https://bikecloset.com/product/neo-power-shorts/?attribute_pa_color=black&attribute_pa_size=s","775504421445","1661361","1661360","2026-09-11T12:08:04.173Z"
"Louis Garneau Carbon 2 Shorts","Louis Garneau","","","","Clothing","Shorts","Unspecified","Unspecified","2XL","clothing:2xl","2XL","Color: Black, Size: 2XL","black","59.99","184.99","https://bikecloset.com/product/carbon-2-shorts/?attribute_pa_color=black&attribute_pa_size=2xl","775504827124","1661370","1661331","2026-09-11T12:08:04.173Z"
"Louis Garneau Neo Power Shorts Mens","Louis Garneau","","","","Clothing","Shorts","Men's","Unspecified","2XL","clothing:2xl","2XL","Color: Black, Size: 2XL","black","59.99","149.99","https://bikecloset.com/product/neo-power-shorts/?attribute_pa_color=black&attribute_pa_size=2xl","775504421483","1661365","1661360","2026-09-11T12:08:04.173Z"
"Louis Garneau Neo Power Shorts Mens","Louis Garneau","","","","Clothing","Shorts","Men's","Unspecified","XL","clothing:xl","XL","Color: Black, Size: XL","black","59.99","149.99","https://bikecloset.com/product/neo-power-shorts/?attribute_pa_color=black&attribute_pa_size=xl","775504421476","1661364","1661360","2026-09-11T12:08:04.173Z"
"Louis Garneau Neo Power Shorts Mens","Louis Garneau","","","","Clothing","Shorts","Men's","Unspecified","L","clothing:l","L","Color: Black, Size: L","black","59.99","149.99","https://bikecloset.com/product/neo-power-shorts/?attribute_pa_color=black&attribute_pa_size=l","775504421469","1661363","1661360","2026-09-11T12:08:04.173Z"
"Louis Garneau Neo Power Bib Mens","Louis Garneau","","","","Clothing","Bib shorts","Men's","Unspecified","L","clothing:l","L","Color: Black/White, Size: L","blackwhite","79.99","174.99","https://bikecloset.com/product/neo-power-bib/?attribute_pa_color=blackwhite&attribute_pa_size=l","775504421308","1661358","1661355","2026-09-11T12:08:04.173Z"
"Louis Garneau Course Bib","Louis Garneau","","","","Clothing","Bib shorts","Unspecified","Unspecified","2XL","clothing:2xl","2XL","Color: Black, Size: 2XL","black","252.99","252.99","https://bikecloset.com/product/course-bib/?attribute_pa_color=black&attribute_pa_size=2xl","690222343728","1661348","1661345","2026-09-11T12:08:04.173Z"
"Louis Garneau Neo Power Motion Shorts Mens","Louis Garneau","","","","Clothing","Shorts","Men's","Unspecified","S","clothing:s","S","Color: Black, Size: S","black","64.99","129.99","https://bikecloset.com/product/neo-power-motion-shorts/?attribute_pa_color=black&attribute_pa_size=s","690222007859","1661310","1661309","2026-09-11T12:08:04.173Z"
"Louis Garneau Neo Power Motion Shorts Mens","Louis Garneau","","","","Clothing","Shorts","Men's","Unspecified","2XL","clothing:2xl","2XL","Color: Dark Night, Size: 2XL","dark-night","64.99","129.99","https://bikecloset.com/product/neo-power-motion-shorts/?attribute_pa_color=dark-night&attribute_pa_size=2xl","690222124204","1661330","1661309","2026-09-11T12:08:04.173Z"
"Louis Garneau Neo Power Motion Shorts Mens","Louis Garneau","","","","Clothing","Shorts","Men's","Unspecified","L","clothing:l","L","Color: Dark Night, Size: L","dark-night","64.99","129.99","https://bikecloset.com/product/neo-power-motion-shorts/?attribute_pa_color=dark-night&attribute_pa_size=l","690222124181","1661328","1661309","2026-09-11T12:08:04.173Z"
"Louis Garneau Neo Power Motion Shorts Mens","Louis Garneau","","","","Clothing","Shorts","Men's","Unspecified","S","clothing:s","S","Color: Dark Night, Size: S","dark-night","64.99","129.99","https://bikecloset.com/product/neo-power-motion-shorts/?attribute_pa_color=dark-night&attribute_pa_size=s","690222124167","1661326","1661309","2026-09-11T12:08:04.173Z"
"Louis Garneau Neo Power Motion Bib Mens","Louis Garneau","","","","Clothing","Bib shorts","Men's","Unspecified","XL","clothing:xl","XL","Color: Dark Night, Size: XL","dark-night","69.99","164.99","https://bikecloset.com/product/neo-power-motion-bib/?attribute_pa_color=dark-night&attribute_pa_size=xl","690222009143","1661324","1661315","2026-09-11T12:08:04.173Z"
"Louis Garneau Neo Power Motion Shorts Mens","Louis Garneau","","","","Clothing","Shorts","Men's","Unspecified","2XL","clothing:2xl","2XL","Color: Black, Size: 2XL","black","64.99","129.99","https://bikecloset.com/product/neo-power-motion-shorts/?attribute_pa_color=black&attribute_pa_size=2xl","690222007897","1661314","1661309","2026-09-11T12:08:04.173Z"
"Louis Garneau Neo Power Motion Shorts Mens","Louis Garneau","","","","Clothing","Shorts","Men's","Unspecified","XL","clothing:xl","XL","Color: Black, Size: XL","black","64.99","129.99","https://bikecloset.com/product/neo-power-motion-shorts/?attribute_pa_color=black&attribute_pa_size=xl","690222007880","1661313","1661309","2026-09-11T12:08:04.173Z"
"Louis Garneau Neo Power Motion Shorts Mens","Louis Garneau","","","","Clothing","Shorts","Men's","Unspecified","L","clothing:l","L","Color: Black, Size: L","black","64.99","129.99","https://bikecloset.com/product/neo-power-motion-shorts/?attribute_pa_color=black&attribute_pa_size=l","690222007873","1661312","1661309","2026-09-11T12:08:04.173Z"
"Abus Viantor Mips","Abus","","","","Footwear & protection","Helmets","","","M","helmets:m","M","Color: Velvet Black, Size: M","velvet-black","39.99","140","https://bikecloset.com/product/abus-viantor-mips/?attribute_pa_color=velvet-black&attribute_pa_size=m","4003318634369","1659654","1659651","2026-09-11T12:08:04.173Z"
"Enve Alloy Mountain Stem 65mm","Enve","","","","Components","Stems","","","","","","Bar Diameter: 35mm","","29.99","140","https://bikecloset.com/product/enve-alloy-mountain-stem-65mm/?attribute_bar-diameter=35mm","300-1027-007","1659207","1659205","2026-09-11T12:08:04.173Z"
"Enve Alloy Mountain Stem 65mm","Enve","","","","Components","Stems","","","","","","Bar Diameter: 31.8mm","","29.99","140","https://bikecloset.com/product/enve-alloy-mountain-stem-65mm/?attribute_bar-diameter=31.8mm","300-1027-003","1659206","1659205","2026-09-11T12:08:04.173Z"
"Assos EQUIPE RS SCHTRADIVARI Bib Shorts S11","Assos","","","","Clothing","Bib shorts","Unspecified","Unspecified","XL","clothing:xl","XL","Length: Long, Size: XL","","315","315","https://bikecloset.com/product/assos-equipe-rs-schtradivari-bib-shorts-s11/?attribute_pa_length=long&attribute_pa_size=xl","7627776010199","1658360","1658352","2026-09-11T12:08:04.173Z"
"Assos EQUIPE RS SCHTRADIVARI Bib Shorts S11","Assos","","","","Clothing","Bib shorts","Unspecified","Unspecified","S","clothing:s","S","Length: Long, Size: S","","315","315","https://bikecloset.com/product/assos-equipe-rs-schtradivari-bib-shorts-s11/?attribute_pa_length=long&attribute_pa_size=s","7627776010182","1658359","1658352","2026-09-11T12:08:04.173Z"
"Assos EQUIPE RS SCHTRADIVARI Bib Shorts S11","Assos","","","","Clothing","Bib shorts","Unspecified","Unspecified","M","clothing:m","M","Length: Long, Size: M","","315","315","https://bikecloset.com/product/assos-equipe-rs-schtradivari-bib-shorts-s11/?attribute_pa_length=long&attribute_pa_size=m","7627776010175","1658358","1658352","2026-09-11T12:08:04.173Z"
"Assos EQUIPE RS SCHTRADIVARI Bib Shorts S11","Assos","","","","Clothing","Bib shorts","Unspecified","Unspecified","L","clothing:l","L","Length: Long, Size: L","","315","315","https://bikecloset.com/product/assos-equipe-rs-schtradivari-bib-shorts-s11/?attribute_pa_length=long&attribute_pa_size=l","7627776010168","1658357","1658352","2026-09-11T12:08:04.173Z"
"Assos EQUIPE RS SCHTRADIVARI Bib Shorts S11","Assos","","","","Clothing","Bib shorts","Unspecified","Unspecified","XL","clothing:xl","XL","Length: Regular, Size: XL","","315","315","https://bikecloset.com/product/assos-equipe-rs-schtradivari-bib-shorts-s11/?attribute_pa_length=regular&attribute_pa_size=xl","7627776010137","1658356","1658352","2026-09-11T12:08:04.173Z"
"Assos EQUIPE RS SCHTRADIVARI Bib Shorts S11","Assos","","","","Clothing","Bib shorts","Unspecified","Unspecified","M","clothing:m","M","Length: Regular, Size: M","","315","315","https://bikecloset.com/product/assos-equipe-rs-schtradivari-bib-shorts-s11/?attribute_pa_length=regular&attribute_pa_size=m","7627776010113","1658354","1658352","2026-09-11T12:08:04.173Z"
"Assos EQUIPE RS SCHTRADIVARI Bib Shorts S11","Assos","","","","Clothing","Bib shorts","Unspecified","Unspecified","L","clothing:l","L","Length: Regular, Size: L","","315","315","https://bikecloset.com/product/assos-equipe-rs-schtradivari-bib-shorts-s11/?attribute_pa_length=regular&attribute_pa_size=l","7627776010106","1658353","1658352","2026-09-11T12:08:04.173Z"
"SRAM Code Silver Stealth Hydraulic Disc Brake Post Mount Black (OEM)","SRAM","","OEM","","Components","Brakes & rotors","","","","","","Front/Rear: Front +20mm Offset","","89.99","265","https://bikecloset.com/product/sram-code-silver-stealth-hydraulic-disc-brake-post-mount-black/?attribute_front-rear=Front+%2B20mm+Offset","92.5020.747.110","1655646","1655641","2026-09-11T12:08:04.173Z"
"Poc Kortal Race Mips Helmet","POC","","","","Footwear & protection","Helmets","","","M/L","helmets:m | helmets:l","MD-LG","Color: Cerussite Kashima/Uranium Black Metallic/Matt, Size: MD-LG","cerussite-kashima-uranium-black-metallic-matt","139.99","250","https://bikecloset.com/product/kortal-race-mips/?attribute_pa_color=cerussite-kashima-uranium-black-metallic-matt&attribute_pa_size=md-lg","7325549921665","1650473","1468438","2026-09-11T12:08:04.173Z"
"Poc Kortal Race Mips Helmet","POC","","","","Footwear & protection","Helmets","","","XL/2XL","helmets:xl | helmets:2xl","XL-XXL","Color: Cerussite Kashima/Uranium Black Metallic/Matt, Size: XL-XXL","cerussite-kashima-uranium-black-metallic-matt","139.99","250","https://bikecloset.com/product/kortal-race-mips/?attribute_pa_color=cerussite-kashima-uranium-black-metallic-matt&attribute_pa_size=xl-xxl","7325549921672","1650472","1468438","2026-09-11T12:08:04.173Z"
"Castelli Competizione Classico Bibshort LTD W/ Progetto X2 Air Seamless Chamois","Castelli","","","","Clothing","Bib shorts","Unspecified","Unspecified","3XL","clothing:3xl","3XL","Color: black/silver gray, Size: 3XL","black-silver-gray","99","170","https://bikecloset.com/product/castelli-classico-bibshort-ltd-w-progetto-x2-air-seamless-chamois/?attribute_pa_color=black-silver-gray&attribute_pa_size=3xl","844615067771-42018-21","1648924","1648912","2026-09-11T12:08:04.173Z"
"Castelli Competizione Classico Bibshort LTD W/ Progetto X2 Air Seamless Chamois","Castelli","","","","Clothing","Bib shorts","Unspecified","Unspecified","2XL","clothing:2xl","2XL","Color: black/silver gray, Size: 2XL","black-silver-gray","99","170","https://bikecloset.com/product/castelli-classico-bibshort-ltd-w-progetto-x2-air-seamless-chamois/?attribute_pa_color=black-silver-gray&attribute_pa_size=2xl","844615067764-42018-20","1648923","1648912","2026-09-11T12:08:04.173Z"
"Castelli Competizione Classico Bibshort LTD W/ Progetto X2 Air Seamless Chamois","Castelli","","","","Clothing","Bib shorts","Unspecified","Unspecified","L","clothing:l","L","Color: black/silver gray, Size: L","black-silver-gray","99","170","https://bikecloset.com/product/castelli-classico-bibshort-ltd-w-progetto-x2-air-seamless-chamois/?attribute_pa_color=black-silver-gray&attribute_pa_size=l","844615067740-42018-1-6-15-17","1648921","1648912","2026-09-11T12:08:04.173Z"
"Castelli Competizione Classico Bibshort LTD W/ Progetto X2 Air Seamless Chamois","Castelli","","","","Clothing","Bib shorts","Unspecified","Unspecified","M","clothing:m","M","Color: black/silver gray, Size: M","black-silver-gray","99","170","https://bikecloset.com/product/castelli-classico-bibshort-ltd-w-progetto-x2-air-seamless-chamois/?attribute_pa_color=black-silver-gray&attribute_pa_size=m","844615067733-42018-1-3-12-14","1648920","1648912","2026-09-11T12:08:04.173Z"
"Kask ELEMENTO","Kask","","","","Footwear & protection","Helmets","","","M","helmets:m","Medium","Color: White, Size: Medium","white","400","400","https://bikecloset.com/product/kask-elemento/?attribute_pa_color=white&attribute_size=Medium","8057099288804","1643091","1643074","2026-09-11T12:08:04.173Z"
"Kask ELEMENTO","Kask","","","","Footwear & protection","Helmets","","","L","helmets:l","Large","Color: White, Size: Large","white","400","400","https://bikecloset.com/product/kask-elemento/?attribute_pa_color=white&attribute_size=Large","8057099288811","1643090","1643074","2026-09-11T12:08:04.173Z"
"Kask ELEMENTO","Kask","","","","Footwear & protection","Helmets","","","M","helmets:m","Medium","Color: Silver, Size: Medium","silver","400","400","https://bikecloset.com/product/kask-elemento/?attribute_pa_color=silver&attribute_size=Medium","8057099288927","1643088","1643074","2026-09-11T12:08:04.173Z"
"Kask ELEMENTO","Kask","","","","Footwear & protection","Helmets","","","L","helmets:l","Large","Color: Silver, Size: Large","silver","400","400","https://bikecloset.com/product/kask-elemento/?attribute_pa_color=silver&attribute_size=Large","8057099288934","1643087","1643074","2026-09-11T12:08:04.173Z"
"Kask ELEMENTO","Kask","","","","Footwear & protection","Helmets","","","L","helmets:l","Large","Color: Red, Size: Large","red","400","400","https://bikecloset.com/product/kask-elemento/?attribute_pa_color=red&attribute_size=Large","8057099288842","1643084","1643074","2026-09-11T12:08:04.173Z"
"Kask ELEMENTO","Kask","","","","Footwear & protection","Helmets","","","M","helmets:m","Medium","Color: Black, Size: Medium","black","400","400","https://bikecloset.com/product/kask-elemento/?attribute_pa_color=black&attribute_size=Medium","8057099288866","1643079","1643074","2026-09-11T12:08:04.173Z"
"Kask ELEMENTO","Kask","","","","Footwear & protection","Helmets","","","L","helmets:l","Large","Color: Black, Size: Large","black","400","400","https://bikecloset.com/product/kask-elemento/?attribute_pa_color=black&attribute_size=Large","8057099288873","1643078","1643074","2026-09-11T12:08:04.173Z"
"Kask ELEMENTO","Kask","","","","Footwear & protection","Helmets","","","S","helmets:s","Small","Color: Beetle Green, Size: Small","beetle-green","249","400","https://bikecloset.com/product/kask-elemento/?attribute_pa_color=beetle-green&attribute_size=Small","8057099289009","1643077","1643074","2026-09-11T12:08:04.173Z"
"Kask ELEMENTO","Kask","","","","Footwear & protection","Helmets","","","M","helmets:m","Medium","Color: Beetle Green, Size: Medium","beetle-green","249","400","https://bikecloset.com/product/kask-elemento/?attribute_pa_color=beetle-green&attribute_size=Medium","8057099289016","1643076","1643074","2026-09-11T12:08:04.173Z"
"Kask ELEMENTO","Kask","","","","Footwear & protection","Helmets","","","L","helmets:l","Large","Color: Beetle Green, Size: Large","beetle-green","249","400","https://bikecloset.com/product/kask-elemento/?attribute_pa_color=beetle-green&attribute_size=Large","8057099289023","1643075","1643074","2026-09-11T12:08:04.173Z"
"Louis Garneau Leg Warmers 2","Louis Garneau","","","","Clothing","Warmers","Unspecified","Unspecified","XS","clothing:xs","XS","Color: Bright Yellow, Size: XS","bright-yellow","9.99","44.99","https://bikecloset.com/product/louis-garneau-leg-warmers-2/?attribute_pa_color=bright-yellow&attribute_pa_size=xs","775504207599-13-16","1641529","1641528","2026-09-11T12:08:04.173Z"
"Louis Garneau Leg Warmers 2","Louis Garneau","","","","Clothing","Warmers","Unspecified","Unspecified","XS","clothing:xs","XS","Color: Black, Size: XS","black","22.5","44.99","https://bikecloset.com/product/louis-garneau-leg-warmers-2/?attribute_pa_color=black&attribute_pa_size=xs","775504533087-5-13","1641538","1641528","2026-09-11T12:08:04.173Z"
"Louis Garneau Leg Warmers 2","Louis Garneau","","","","Clothing","Warmers","Unspecified","Unspecified","XL","clothing:xl","XL","Color: Black, Size: XL","black","22.5","44.99","https://bikecloset.com/product/louis-garneau-leg-warmers-2/?attribute_pa_color=black&attribute_pa_size=xl","775504382968-6-7-13-14","1641537","1641528","2026-09-11T12:08:04.173Z"
"Louis Garneau Leg Warmers 2","Louis Garneau","","","","Clothing","Warmers","Unspecified","Unspecified","M","clothing:m","M","Color: Black, Size: M","black","22.5","44.99","https://bikecloset.com/product/louis-garneau-leg-warmers-2/?attribute_pa_color=black&attribute_pa_size=m","775504382944-23","1641535","1641528","2026-09-11T12:08:04.173Z"
"Louis Garneau Leg Warmers 2","Louis Garneau","","","","Clothing","Warmers","Unspecified","Unspecified","S","clothing:s","S","Color: Black, Size: S","black","22.5","44.99","https://bikecloset.com/product/louis-garneau-leg-warmers-2/?attribute_pa_color=black&attribute_pa_size=s","775504382937-7-8-13-14-18-19","1641534","1641528","2026-09-11T12:08:04.173Z"
"Louis Garneau Leg Warmers 2","Louis Garneau","","","","Clothing","Warmers","Unspecified","Unspecified","S","clothing:s","S","Color: Bright Yellow, Size: S","bright-yellow","11.99","44.99","https://bikecloset.com/product/louis-garneau-leg-warmers-2/?attribute_pa_color=bright-yellow&attribute_pa_size=s","775504207605-14-17","1641530","1641528","2026-09-11T12:08:04.173Z"
"Louis Garneau Knee Warmers 2","Louis Garneau","","","","Clothing","Warmers","Unspecified","Unspecified","XS","clothing:xs","XS","Color: Black, Size: XS","black","39.99","39.99","https://bikecloset.com/product/louis-garneau-knee-warmers-2/?attribute_pa_color=black&attribute_pa_size=xs","775504533070-18-19","1641527","1641518","2026-09-11T12:08:04.173Z"
"Louis Garneau Knee Warmers 2","Louis Garneau","","","","Clothing","Warmers","Unspecified","Unspecified","S","clothing:s","S","Color: Black, Size: S","black","39.99","39.99","https://bikecloset.com/product/louis-garneau-knee-warmers-2/?attribute_pa_color=black&attribute_pa_size=s","775504382890-6-11","1641524","1641518","2026-09-11T12:08:04.173Z"
"Louis Garneau Knee Warmers 2","Louis Garneau","","","","Clothing","Warmers","Unspecified","Unspecified","XS","clothing:xs","XS","Color: Bright Yellow, Size: XS","bright-yellow","8.99","39.99","https://bikecloset.com/product/louis-garneau-knee-warmers-2/?attribute_pa_color=bright-yellow&attribute_pa_size=xs","775504200811-11","1641519","1641518","2026-09-11T12:08:04.173Z"
"Louis Garneau Knee Warmers 2","Louis Garneau","","","","Clothing","Warmers","Unspecified","Unspecified","S","clothing:s","S","Color: Bright Yellow, Size: S","bright-yellow","8.99","39.99","https://bikecloset.com/product/louis-garneau-knee-warmers-2/?attribute_pa_color=bright-yellow&attribute_pa_size=s","775504200828-8-11","1641520","1641518","2026-09-11T12:08:04.173Z"
"Louis Garneau Arm Warmers 2","Louis Garneau","","","","Clothing","Warmers","Unspecified","Unspecified","XS","clothing:xs","XS","Color: Black, Size: XS","black","9.99","34.99","https://bikecloset.com/product/louis-garneau-arm-warmers-2/?attribute_pa_color=black&attribute_pa_size=xs","775504533049-3-17-21","1641517","1641502","2026-09-11T12:08:04.173Z"
"Louis Garneau Arm Warmers 2","Louis Garneau","","","","Clothing","Warmers","Unspecified","Unspecified","XL","clothing:xl","XL","Color: Black, Size: XL","black","9.99","34.99","https://bikecloset.com/product/louis-garneau-arm-warmers-2/?attribute_pa_color=black&attribute_pa_size=xl","775504382807-16-18-20","1641515","1641502","2026-09-11T12:08:04.173Z"
"Louis Garneau Arm Warmers 2","Louis Garneau","","","","Clothing","Warmers","Unspecified","Unspecified","L","clothing:l","L","Color: Black, Size: L","black","9.99","34.99","https://bikecloset.com/product/louis-garneau-arm-warmers-2/?attribute_pa_color=black&attribute_pa_size=l","775504382791-1-2-3-4-6-19-20","1641514","1641502","2026-09-11T12:08:04.173Z"
"Louis Garneau Arm Warmers 2","Louis Garneau","","","","Clothing","Warmers","Unspecified","Unspecified","M","clothing:m","M","Color: Black, Size: M","black","9.99","34.99","https://bikecloset.com/product/louis-garneau-arm-warmers-2/?attribute_pa_color=black&attribute_pa_size=m","775504382784-1-17-18-19-20-21-22-23","1641513","1641502","2026-09-11T12:08:04.173Z"
"Louis Garneau Arm Warmers 2","Louis Garneau","","","","Clothing","Warmers","Unspecified","Unspecified","S","clothing:s","S","Color: Black, Size: S","black","9.99","34.99","https://bikecloset.com/product/louis-garneau-arm-warmers-2/?attribute_pa_color=black&attribute_pa_size=s","775504382777-4-16-17-18-21","1641512","1641502","2026-09-11T12:08:04.173Z"
"Louis Garneau Arm Warmers 2","Louis Garneau","","","","Clothing","Warmers","Unspecified","Unspecified","XL","clothing:xl","XL","Color: White, Size: XL","white","9.99","34.99","https://bikecloset.com/product/louis-garneau-arm-warmers-2/?attribute_pa_color=white&attribute_pa_size=xl","775504382760-13","1641511","1641502","2026-09-11T12:08:04.173Z"
"Louis Garneau Arm Warmers 2","Louis Garneau","","","","Clothing","Warmers","Unspecified","Unspecified","L","clothing:l","L","Color: White, Size: L","white","9.99","34.99","https://bikecloset.com/product/louis-garneau-arm-warmers-2/?attribute_pa_color=white&attribute_pa_size=l","775504382753-1-2","1641510","1641502","2026-09-11T12:08:04.173Z"
"Louis Garneau Arm Warmers 2","Louis Garneau","","","","Clothing","Warmers","Unspecified","Unspecified","M","clothing:m","M","Color: White, Size: M","white","9.99","34.99","https://bikecloset.com/product/louis-garneau-arm-warmers-2/?attribute_pa_color=white&attribute_pa_size=m","775504382722-2-4-5-13","1641509","1641502","2026-09-11T12:08:04.173Z"
"Louis Garneau Arm Warmers 2","Louis Garneau","","","","Clothing","Warmers","Unspecified","Unspecified","S","clothing:s","S","Color: White, Size: S","white","9.99","34.99","https://bikecloset.com/product/louis-garneau-arm-warmers-2/?attribute_pa_color=white&attribute_pa_size=s","775504382715-14","1641508","1641502","2026-09-11T12:08:04.173Z"
"Louis Garneau Arm Warmers 2","Louis Garneau","","","","Clothing","Warmers","Unspecified","Unspecified","XL","clothing:xl","XL","Color: Bright Yellow, Size: XL","bright-yellow","9.99","34.99","https://bikecloset.com/product/louis-garneau-arm-warmers-2/?attribute_pa_color=bright-yellow&attribute_pa_size=xl","775504200736-2-9-11-12","1641507","1641502","2026-09-11T12:08:04.173Z"
"Louis Garneau Arm Warmers 2","Louis Garneau","","","","Clothing","Warmers","Unspecified","Unspecified","L","clothing:l","L","Color: Bright Yellow, Size: L","bright-yellow","9.99","34.99","https://bikecloset.com/product/louis-garneau-arm-warmers-2/?attribute_pa_color=bright-yellow&attribute_pa_size=l","775504200729-9-10-23","1641506","1641502","2026-09-11T12:08:04.173Z"
"Louis Garneau Arm Warmers 2","Louis Garneau","","","","Clothing","Warmers","Unspecified","Unspecified","S","clothing:s","S","Color: Bright Yellow, Size: S","bright-yellow","7.99","34.99","https://bikecloset.com/product/louis-garneau-arm-warmers-2/?attribute_pa_color=bright-yellow&attribute_pa_size=s","775504200705-5-6-15-16-18","1641504","1641502","2026-09-11T12:08:04.173Z"
"Louis Garneau Arm Warmers 2","Louis Garneau","","","","Clothing","Warmers","Unspecified","Unspecified","XS","clothing:xs","XS","Color: Bright Yellow, Size: XS","bright-yellow","7.99","34.99","https://bikecloset.com/product/louis-garneau-arm-warmers-2/?attribute_pa_color=bright-yellow&attribute_pa_size=xs","775504200699-13","1641503","1641502","2026-09-11T12:08:04.173Z"
"Enve SES Tubeless Road Tire 700c","Enve","","","","Wheels & tires","Tires","","","700 × 27 mm","tires:700 × 27 mm","700×27 Tan","Color/Size: 700×27 Tan","","39.99","75","https://bikecloset.com/product/enve-ses-tubeless-road-tires-700c/?attribute_pa_color-size=700x27-tan","810024552825-810024552818","1636425","1636421","2026-09-11T12:08:04.173Z"
"Enve SES Tubeless Road Tire 700c","Enve","","","","Wheels & tires","Tires","","","700 × 25 mm","tires:700 × 25 mm","700×25 Tan","Color/Size: 700×25 Tan","","19.99","75","https://bikecloset.com/product/enve-ses-tubeless-road-tires-700c/?attribute_pa_color-size=700x25-tan","810024552771","1636424","1636421","2026-09-11T12:08:04.173Z"
"Enve SES Tubeless Road Tire 700c","Enve","","","","Wheels & tires","Tires","","","700 × 25 mm","tires:700 × 25 mm","700×25 Black","Color/Size: 700×25 Black","","19.99","75","https://bikecloset.com/product/enve-ses-tubeless-road-tires-700c/?attribute_pa_color-size=700x25-black","810006964363","1636422","1636421","2026-09-11T12:08:04.173Z"
"Castelli Entrata VI Jersey","Castelli","","","","Clothing","Jerseys","Unspecified","Unspecified","3XL","clothing:3xl","3XL","Size: 3XL, Color: fiery red/dark gray-ivory","fiery-red-dark-gray-ivory","39.99","90","https://bikecloset.com/product/entrata-vi-jersey/?attribute_pa_size=3xl&attribute_pa_color=fiery-red-dark-gray-ivory","8050949610633","1620265","1620238","2026-09-11T12:08:04.173Z"
"Castelli Entrata VI Jersey","Castelli","","","","Clothing","Jerseys","Unspecified","Unspecified","2XL","clothing:2xl","2XL","Size: 2XL, Color: fiery red/dark gray-ivory","fiery-red-dark-gray-ivory","39.99","90","https://bikecloset.com/product/entrata-vi-jersey/?attribute_pa_size=2xl&attribute_pa_color=fiery-red-dark-gray-ivory","8050949610626","1620263","1620238","2026-09-11T12:08:04.173Z"
"Castelli Entrata VI Jersey","Castelli","","","","Clothing","Jerseys","Unspecified","Unspecified","XL","clothing:xl","XL","Size: XL, Color: fiery red/dark gray-ivory","fiery-red-dark-gray-ivory","39.99","90","https://bikecloset.com/product/entrata-vi-jersey/?attribute_pa_size=xl&attribute_pa_color=fiery-red-dark-gray-ivory","8050949610619","1620261","1620238","2026-09-11T12:08:04.173Z"
"Castelli Entrata VI Jersey","Castelli","","","","Clothing","Jerseys","Unspecified","Unspecified","2XL","clothing:2xl","2XL","Size: 2XL, Color: light black/light steel blue-pop orange","light-black-light-steel-blue-pop-orange","39.99","90","https://bikecloset.com/product/entrata-vi-jersey/?attribute_pa_size=2xl&attribute_pa_color=light-black-light-steel-blue-pop-orange","8050949610558","1620249","1620238","2026-09-11T12:08:04.173Z"
"Castelli Entrata VI Jersey","Castelli","","","","Clothing","Jerseys","Unspecified","Unspecified","XL","clothing:xl","XL","Size: XL, Color: light black/light steel blue-pop orange","light-black-light-steel-blue-pop-orange","39.99","90","https://bikecloset.com/product/entrata-vi-jersey/?attribute_pa_size=xl&attribute_pa_color=light-black-light-steel-blue-pop-orange","8050949610541","1620247","1620238","2026-09-11T12:08:04.173Z"
"Castelli Entrata Short Black","Castelli","","","","Clothing","Shorts","Unspecified","Unspecified","S","clothing:s","S","Color: Black, Size: S","black","49.99","100","https://bikecloset.com/product/castelli-entrata-short/?attribute_pa_color=black&attribute_pa_size=s","8050949067024","1620168","1520026","2026-09-11T12:08:04.173Z"
"Poc Otocon Helmet","POC","","","","Footwear & protection","Helmets","","","S","helmets:s","SML","Size: SML, Color: Lead Blue Matt","lead-blue-matt","149","270","https://bikecloset.com/product/otocon/?attribute_pa_size=sml&attribute_pa_color=lead-blue-matt","7325549922341","1554113","1554100","2026-09-11T12:08:04.173Z"
"Poc Otocon Helmet","POC","","","","Footwear & protection","Helmets","","","XS","helmets:xs","XSM","Size: XSM, Color: Lead Blue Matt","lead-blue-matt","149","270","https://bikecloset.com/product/otocon/?attribute_pa_size=xsm&attribute_pa_color=lead-blue-matt","7325549922358","1554111","1554100","2026-09-11T12:08:04.173Z"
"Vittoria Corsa N.EXT Folding Clincher 700c","Vittoria","","","","Wheels & tires","Tires","","","700 × 32 mm","tires:700 × 32 mm","32mm","Size: 32mm","","44.99","74.99","https://bikecloset.com/product/vittoria-corsa-n-ext-folding-clincher-700c/?attribute_size=32mm","8022530026840","1541725","1541720","2026-09-11T12:08:04.173Z"
"Vittoria Corsa N.EXT Folding Clincher 700c","Vittoria","","","","Wheels & tires","Tires","","","700 × 30 mm","tires:700 × 30 mm","30mm","Size: 30mm","","44.99","74.99","https://bikecloset.com/product/vittoria-corsa-n-ext-folding-clincher-700c/?attribute_size=30mm","8022530026833","1541724","1541720","2026-09-11T12:08:04.173Z"
"Vittoria Corsa N.EXT Folding Clincher 700c","Vittoria","","","","Wheels & tires","Tires","","","700 × 28 mm","tires:700 × 28 mm","28mm","Size: 28mm","","44.99","74.99","https://bikecloset.com/product/vittoria-corsa-n-ext-folding-clincher-700c/?attribute_size=28mm","8022530026826","1541723","1541720","2026-09-11T12:08:04.173Z"
"Fizik Tempo Decos Carbon","Fizik","","","","Footwear & protection","Cycling shoes","","","48","shoes:48","48","Color: Iridiscent Blue, Size: 48","iridiscent-blue","179.99","299.99","https://bikecloset.com/product/fizik-tempo-decos-carbon/?attribute_pa_color=iridiscent-blue&attribute_pa_size=48","8058364122168","1528750","1528702","2026-09-11T12:08:04.173Z"
"Fizik Tempo Decos Carbon","Fizik","","","","Footwear & protection","Cycling shoes","","","45","shoes:45","45","Color: Iridiscent Blue, Size: 45","iridiscent-blue","179.99","299.99","https://bikecloset.com/product/fizik-tempo-decos-carbon/?attribute_pa_color=iridiscent-blue&attribute_pa_size=45","8058364122113","1528745","1528702","2026-09-11T12:08:04.173Z"
"Fizik Tempo Decos Carbon","Fizik","","","","Footwear & protection","Cycling shoes","","","44","shoes:44","44","Color: Iridiscent Blue, Size: 44","iridiscent-blue","179.99","299.99","https://bikecloset.com/product/fizik-tempo-decos-carbon/?attribute_pa_color=iridiscent-blue&attribute_pa_size=44","8058364122090","1528743","1528702","2026-09-11T12:08:04.173Z"
"Fizik Tempo Decos Carbon","Fizik","","","","Footwear & protection","Cycling shoes","","","48","shoes:48","48","Color: Aubergine, Size: 48","aubergine","99.99","299.99","https://bikecloset.com/product/fizik-tempo-decos-carbon/?attribute_pa_color=aubergine&attribute_pa_size=48","8058364122397","1528718","1528702","2026-09-11T12:08:04.173Z"
"Sidi SHOT 2 GALAXY (Final Sale)","Sidi","","","Final sale","Footwear & protection","Cycling shoes","","","43.5","shoes:43.5","43.5","Size: 43.5","","199","589.99","https://bikecloset.com/product/sidi-shot-2-galaxy/?attribute_pa_size=43-5","8017732555397","1528100","1528096","2026-09-11T12:08:04.173Z"
"Sidi SHOT 2 GALAXY (Final Sale)","Sidi","","","Final sale","Footwear & protection","Cycling shoes","","","43","shoes:43","43","Size: 43","","199","589.99","https://bikecloset.com/product/sidi-shot-2-galaxy/?attribute_pa_size=43","8017732555380","1528099","1528096","2026-09-11T12:08:04.173Z"
"Sidi GENIUS 10 IRIDESCENT BLUE","Sidi","","","","Footwear & protection","Cycling shoes","","","46","shoes:46","46","Size: 46","","219","349.99","https://bikecloset.com/product/sidi-genius-10-iridescent-blue/?attribute_pa_size=46","8017732555069","1528092","1528083","2026-09-11T12:08:04.173Z"
"Sidi GENIUS 10 IRIDESCENT BLUE","Sidi","","","","Footwear & protection","Cycling shoes","","","45.5","shoes:45.5","45.5","Size: 45.5","","219","349.99","https://bikecloset.com/product/sidi-genius-10-iridescent-blue/?attribute_pa_size=45-5","8017732555052","1528091","1528083","2026-09-11T12:08:04.173Z"
"Sidi GENIUS 10 IRIDESCENT BLUE","Sidi","","","","Footwear & protection","Cycling shoes","","","45","shoes:45","45","Size: 45","","219","349.99","https://bikecloset.com/product/sidi-genius-10-iridescent-blue/?attribute_pa_size=45","8017732555045","1528090","1528083","2026-09-11T12:08:04.173Z"
"Sidi GENIUS 10 IRIDESCENT BLUE","Sidi","","","","Footwear & protection","Cycling shoes","","","44.5","shoes:44.5","44.5","Size: 44.5","","219","349.99","https://bikecloset.com/product/sidi-genius-10-iridescent-blue/?attribute_pa_size=44-5","8017732555038","1528089","1528083","2026-09-11T12:08:04.173Z"
"Sidi GENIUS 10 IRIDESCENT BLUE","Sidi","","","","Footwear & protection","Cycling shoes","","","44","shoes:44","44","Size: 44","","219","349.99","https://bikecloset.com/product/sidi-genius-10-iridescent-blue/?attribute_pa_size=44","8017732555021","1528088","1528083","2026-09-11T12:08:04.173Z"
"Sidi GENIUS 10 IRIDESCENT BLUE","Sidi","","","","Footwear & protection","Cycling shoes","","","43.5","shoes:43.5","43.5","Size: 43.5","","219","349.99","https://bikecloset.com/product/sidi-genius-10-iridescent-blue/?attribute_pa_size=43-5","8017732555014","1528087","1528083","2026-09-11T12:08:04.173Z"
"Sidi GENIUS 10 IRIDESCENT BLUE","Sidi","","","","Footwear & protection","Cycling shoes","","","43","shoes:43","43","Size: 43","","219","349.99","https://bikecloset.com/product/sidi-genius-10-iridescent-blue/?attribute_pa_size=43","8017732555007","1528086","1528083","2026-09-11T12:08:04.173Z"
"Sidi GENIUS 10 IRIDESCENT BLUE","Sidi","","","","Footwear & protection","Cycling shoes","","","42.5","shoes:42.5","42.5","Size: 42.5","","219","349.99","https://bikecloset.com/product/sidi-genius-10-iridescent-blue/?attribute_pa_size=42-5","8017732554994","1528085","1528083","2026-09-11T12:08:04.173Z"
"Sidi DOMINATOR 10 MEGA BLACK/GREY","Sidi","","","","Footwear & protection","Cycling shoes","","","50","shoes:50","50","Size: 50","","219","349.99","https://bikecloset.com/product/dominator-10-mega-black-grey/?attribute_pa_size=50","8017732556080","1527670","1527656","2026-09-11T12:08:04.173Z"
"Sidi DOMINATOR 10 MEGA BLACK/GREY","Sidi","","","","Footwear & protection","Cycling shoes","","","44","shoes:44","44","Size: 44","","219","349.99","https://bikecloset.com/product/dominator-10-mega-black-grey/?attribute_pa_size=44","8017732555991","1527661","1527656","2026-09-11T12:08:04.173Z"
"Sidi DOMINATOR 10 MEGA BLACK/GREY","Sidi","","","","Footwear & protection","Cycling shoes","","","43","shoes:43","43","Size: 43","","219","349.99","https://bikecloset.com/product/dominator-10-mega-black-grey/?attribute_pa_size=43","8017732555977","1527659","1527656","2026-09-11T12:08:04.173Z"
"Sidi DOMINATOR 10 MEGA BLACK/GREY","Sidi","","","","Footwear & protection","Cycling shoes","","","42.5","shoes:42.5","42.5","Size: 42.5","","219","349.99","https://bikecloset.com/product/dominator-10-mega-black-grey/?attribute_pa_size=42-5","8017732555960","1527658","1527656","2026-09-11T12:08:04.173Z"
"Sidi DOMINATOR 10 IRIDESCENT BLUE","Sidi","","","","Footwear & protection","Cycling shoes","","","46.5","shoes:46.5","46.5","Size: 46.5","","219","349.99","https://bikecloset.com/product/dominator-10-iridescent-blue/?attribute_pa_size=46-5","8017732555885","1527643","1527633","2026-09-11T12:08:04.173Z"
"Sidi DOMINATOR 10 IRIDESCENT BLUE","Sidi","","","","Footwear & protection","Cycling shoes","","","46","shoes:46","46","Size: 46","","219","349.99","https://bikecloset.com/product/dominator-10-iridescent-blue/?attribute_pa_size=46","8017732555878","1527642","1527633","2026-09-11T12:08:04.173Z"
"Sidi DOMINATOR 10 IRIDESCENT BLUE","Sidi","","","","Footwear & protection","Cycling shoes","","","45.5","shoes:45.5","45.5","Size: 45.5","","219","349.99","https://bikecloset.com/product/dominator-10-iridescent-blue/?attribute_pa_size=45-5","8017732555861","1527641","1527633","2026-09-11T12:08:04.173Z"
"Sidi DOMINATOR 10 IRIDESCENT BLUE","Sidi","","","","Footwear & protection","Cycling shoes","","","45","shoes:45","45","Size: 45","","219","349.99","https://bikecloset.com/product/dominator-10-iridescent-blue/?attribute_pa_size=45","8017732555854","1527640","1527633","2026-09-11T12:08:04.173Z"
"Sidi DOMINATOR 10 IRIDESCENT BLUE","Sidi","","","","Footwear & protection","Cycling shoes","","","44.5","shoes:44.5","44.5","Size: 44.5","","219","349.99","https://bikecloset.com/product/dominator-10-iridescent-blue/?attribute_pa_size=44-5","8017732555847","1527639","1527633","2026-09-11T12:08:04.173Z"
"Sidi DOMINATOR 10 IRIDESCENT BLUE","Sidi","","","","Footwear & protection","Cycling shoes","","","44","shoes:44","44","Size: 44","","219","349.99","https://bikecloset.com/product/dominator-10-iridescent-blue/?attribute_pa_size=44","8017732555830","1527638","1527633","2026-09-11T12:08:04.173Z"
"Sidi DOMINATOR 10 IRIDESCENT BLUE","Sidi","","","","Footwear & protection","Cycling shoes","","","43.5","shoes:43.5","43.5","Size: 43.5","","219","349.99","https://bikecloset.com/product/dominator-10-iridescent-blue/?attribute_pa_size=43-5","8017732555823","1527637","1527633","2026-09-11T12:08:04.173Z"
"Sidi DOMINATOR 10 IRIDESCENT BLUE","Sidi","","","","Footwear & protection","Cycling shoes","","","43","shoes:43","43","Size: 43","","219","349.99","https://bikecloset.com/product/dominator-10-iridescent-blue/?attribute_pa_size=43","8017732555816","1527636","1527633","2026-09-11T12:08:04.173Z"
"Sidi Genius 10 Mega","Sidi","","","","Footwear & protection","Cycling shoes","","","50","shoes:50","50","Color: Black-Grey, Size: 50","black-grey","219","349.99","https://bikecloset.com/product/sidi-genius-10-mega/?attribute_pa_color=black-grey&attribute_pa_size=50","8017732555274","1523511","1523497","2026-09-11T12:08:04.173Z"
"Sidi Genius 10 Mega","Sidi","","","","Footwear & protection","Cycling shoes","","","49","shoes:49","49","Color: Black-Grey, Size: 49","black-grey","219","349.99","https://bikecloset.com/product/sidi-genius-10-mega/?attribute_pa_color=black-grey&attribute_pa_size=49","8017732555267","1523510","1523497","2026-09-11T12:08:04.173Z"
"Sidi Genius 10 Mega","Sidi","","","","Footwear & protection","Cycling shoes","","","46.5","shoes:46.5","46.5","Color: Black-Grey, Size: 46.5","black-grey","219","349.99","https://bikecloset.com/product/sidi-genius-10-mega/?attribute_pa_color=black-grey&attribute_pa_size=46-5","8017732555236","1523507","1523497","2026-09-11T12:08:04.173Z"
"Sidi Genius 10 Mega","Sidi","","","","Footwear & protection","Cycling shoes","","","46","shoes:46","46","Color: Black-Grey, Size: 46","black-grey","219","349.99","https://bikecloset.com/product/sidi-genius-10-mega/?attribute_pa_color=black-grey&attribute_pa_size=46","8017732555229","1523506","1523497","2026-09-11T12:08:04.173Z"
"Sidi Genius 10 Mega","Sidi","","","","Footwear & protection","Cycling shoes","","","45.5","shoes:45.5","45.5","Color: Black-Grey, Size: 45.5","black-grey","219","349.99","https://bikecloset.com/product/sidi-genius-10-mega/?attribute_pa_color=black-grey&attribute_pa_size=45-5","8017732555212","1523505","1523497","2026-09-11T12:08:04.173Z"
"Sidi Genius 10 Mega","Sidi","","","","Footwear & protection","Cycling shoes","","","45","shoes:45","45","Color: Black-Grey, Size: 45","black-grey","219","349.99","https://bikecloset.com/product/sidi-genius-10-mega/?attribute_pa_color=black-grey&attribute_pa_size=45","8017732555205","1523504","1523497","2026-09-11T12:08:04.173Z"
"Sidi Genius 10 Mega","Sidi","","","","Footwear & protection","Cycling shoes","","","44.5","shoes:44.5","44.5","Color: Black-Grey, Size: 44.5","black-grey","219","349.99","https://bikecloset.com/product/sidi-genius-10-mega/?attribute_pa_color=black-grey&attribute_pa_size=44-5","8017732555199","1523503","1523497","2026-09-11T12:08:04.173Z"
"Sidi Genius 10 Mega","Sidi","","","","Footwear & protection","Cycling shoes","","","44","shoes:44","44","Color: Black-Grey, Size: 44","black-grey","219","349.99","https://bikecloset.com/product/sidi-genius-10-mega/?attribute_pa_color=black-grey&attribute_pa_size=44","8017732555182","1523502","1523497","2026-09-11T12:08:04.173Z"
"Sidi Genius 10 Mega","Sidi","","","","Footwear & protection","Cycling shoes","","","43.5","shoes:43.5","43.5","Color: Black-Grey, Size: 43.5","black-grey","219","349.99","https://bikecloset.com/product/sidi-genius-10-mega/?attribute_pa_color=black-grey&attribute_pa_size=43-5","8017732555175","1523501","1523497","2026-09-11T12:08:04.173Z"
"Sidi Genius 10 Mega","Sidi","","","","Footwear & protection","Cycling shoes","","","43","shoes:43","43","Color: Black-Grey, Size: 43","black-grey","219","349.99","https://bikecloset.com/product/sidi-genius-10-mega/?attribute_pa_color=black-grey&attribute_pa_size=43","8017732555168","1523500","1523497","2026-09-11T12:08:04.173Z"
"Sidi Genius 10 Mega","Sidi","","","","Footwear & protection","Cycling shoes","","","42.5","shoes:42.5","42.5","Color: Black-Grey, Size: 42.5","black-grey","219","349.99","https://bikecloset.com/product/sidi-genius-10-mega/?attribute_pa_color=black-grey&attribute_pa_size=42-5","8017732555151","1523499","1523497","2026-09-11T12:08:04.173Z"
"Sidi Genius 10 Mega","Sidi","","","","Footwear & protection","Cycling shoes","","","42","shoes:42","42","Color: Black-Grey, Size: 42","black-grey","219","349.99","https://bikecloset.com/product/sidi-genius-10-mega/?attribute_pa_color=black-grey&attribute_pa_size=42","8017732555144","1523498","1523497","2026-09-11T12:08:04.173Z"
"Castelli Entrata Short Black","Castelli","","","","Clothing","Shorts","Unspecified","Unspecified","M","clothing:m","M","Color: Black, Size: M","black","49.99","100","https://bikecloset.com/product/castelli-entrata-short/?attribute_pa_color=black&attribute_pa_size=m","8050949067031","1520027","1520026","2026-09-11T12:08:04.173Z"
"Castelli Entrata Short Black","Castelli","","","","Clothing","Shorts","Unspecified","Unspecified","2XL","clothing:2xl","2XL","Color: Black, Size: 2XL","black","49.99","100","https://bikecloset.com/product/castelli-entrata-short/?attribute_pa_color=black&attribute_pa_size=2xl","8050949067055","1520031","1520026","2026-09-11T12:08:04.173Z"
"Castelli Entrata Short Black","Castelli","","","","Clothing","Shorts","Unspecified","Unspecified","XL","clothing:xl","XL","Color: Black, Size: XL","black","49.99","100","https://bikecloset.com/product/castelli-entrata-short/?attribute_pa_color=black&attribute_pa_size=xl","8050949067048","1520030","1520026","2026-09-11T12:08:04.173Z"
"Castelli Entrata Short Black","Castelli","","","","Clothing","Shorts","Unspecified","Unspecified","L","clothing:l","L","Color: Black, Size: L","black","49.99","100","https://bikecloset.com/product/castelli-entrata-short/?attribute_pa_color=black&attribute_pa_size=l","8050949048887","1520029","1520026","2026-09-11T12:08:04.173Z"
"Assos MILLE GTO Jersey C2","Assos","","","","Clothing","Jerseys","Unspecified","Unspecified","M","clothing:m","M","Color: Kosimo Granit, Size: M","kosimo-granit","179","290","https://bikecloset.com/product/assos-mille-gto-jersey-c2/?attribute_pa_color=kosimo-granit&attribute_pa_size=m","2220000216685","1519390","1519385","2026-09-11T12:08:04.173Z"
"Assos MILLE GTO Jersey C2","Assos","","","","Clothing","Jerseys","Unspecified","Unspecified","S","clothing:s","S","Color: Kosimo Granit, Size: S","kosimo-granit","179","290","https://bikecloset.com/product/assos-mille-gto-jersey-c2/?attribute_pa_color=kosimo-granit&attribute_pa_size=s","2220000216661","1519389","1519385","2026-09-11T12:08:04.173Z"
"Assos MILLE GT Half Shorts C2","Assos","","","","Clothing","Shorts","Unspecified","Unspecified","ASSOS TIR","clothing:assos tir","TIR","Color: Blackseries, Size: TIR","blackseries","99","150","https://bikecloset.com/product/assos-mille-gt-half-shorts-c2/?attribute_pa_color=blackseries&attribute_pa_size=tir","2220000215992","1519358","1519352","2026-09-11T12:08:04.173Z"
"Assos MILLE GT Half Shorts C2","Assos","","","","Clothing","Shorts","Unspecified","Unspecified","ASSOS XLG","clothing:assos xlg","XLG","Color: Blackseries, Size: XLG","blackseries","99","150","https://bikecloset.com/product/assos-mille-gt-half-shorts-c2/?attribute_pa_color=blackseries&attribute_pa_size=xlg","2220000215985","1519357","1519352","2026-09-11T12:08:04.173Z"
"Assos EQUIPE RSR Superleger Bib Shorts S9 Black Series","Assos","","","","Clothing","Bib shorts","Unspecified","Unspecified","ASSOS XLG","clothing:assos xlg","XLG","Size: XLG","","159","300","https://bikecloset.com/product/equipe-rsr-superleger-bib-shorts-s9-black-series/?attribute_pa_size=xlg","2220000205665","1494245","1494240","2026-09-11T12:08:04.173Z"
"Assos EQUIPE RSR Superleger Bib Shorts S9 Black Series","Assos","","","","Clothing","Bib shorts","Unspecified","Unspecified","XL","clothing:xl","XL","Size: XL","","159","300","https://bikecloset.com/product/equipe-rsr-superleger-bib-shorts-s9-black-series/?attribute_pa_size=xl","2220000205658","1494244","1494240","2026-09-11T12:08:04.173Z"
"Poc Ventral Lite Helmet","POC","","","","Footwear & protection","Helmets","","","L","helmets:l","LRG","Color: uranium black/hydrogen white matt, Size: LRG","uranium black/hydrogen white matt","134.99","270","https://bikecloset.com/product/poc-ventral-air-lite/?attribute_color=uranium+black%2Fhydrogen+white+matt&attribute_size=LRG","7325549957114","1491657","1469545","2026-09-11T12:08:04.173Z"
"Fizik Vento Stabilita Carbon Black Fluo/Yellow","Fizik","","","","Footwear & protection","Cycling shoes","","","48","shoes:48","48","Size: 48","","149","399.99","https://bikecloset.com/product/fizik-vento-stabilita-carbon-black-fluo-yellow/?attribute_pa_size=48","8058364080475","1468349","1468333","2026-09-11T12:08:04.173Z"
"Fizik Vento Stabilita Carbon Black Fluo/Yellow","Fizik","","","","Footwear & protection","Cycling shoes","","","46","shoes:46","46","Size: 46","","149","399.99","https://bikecloset.com/product/fizik-vento-stabilita-carbon-black-fluo-yellow/?attribute_pa_size=46","8058364080444","1468346","1468333","2026-09-11T12:08:04.173Z"
"Fizik Vento Stabilita Carbon Black Fluo/Yellow","Fizik","","","","Footwear & protection","Cycling shoes","","","45.5","shoes:45.5","45.5","Size: 45.5","","149","399.99","https://bikecloset.com/product/fizik-vento-stabilita-carbon-black-fluo-yellow/?attribute_pa_size=45-5","8058364080437","1468345","1468333","2026-09-11T12:08:04.173Z"
"Fizik Vento Stabilita Carbon Black Fluo/Yellow","Fizik","","","","Footwear & protection","Cycling shoes","","","45","shoes:45","45","Size: 45","","149","399.99","https://bikecloset.com/product/fizik-vento-stabilita-carbon-black-fluo-yellow/?attribute_pa_size=45","8058364080420","1468344","1468333","2026-09-11T12:08:04.173Z"
"Fizik Vento Stabilita Carbon Black Fluo/Yellow","Fizik","","","","Footwear & protection","Cycling shoes","","","44","shoes:44","44","Size: 44","","149","399.99","https://bikecloset.com/product/fizik-vento-stabilita-carbon-black-fluo-yellow/?attribute_pa_size=44","8058364080406","1468342","1468333","2026-09-11T12:08:04.173Z"
"Fizik Vento Stabilita Carbon Black Fluo/Yellow","Fizik","","","","Footwear & protection","Cycling shoes","","","42.5","shoes:42.5","42.5","Size: 42.5","","149","399.99","https://bikecloset.com/product/fizik-vento-stabilita-carbon-black-fluo-yellow/?attribute_pa_size=42-5","8058364080376","1468339","1468333","2026-09-11T12:08:04.173Z"
"Sidi Shot 2 (Final Sale)","Sidi","","","Final sale","Footwear & protection","Cycling shoes","","","47","shoes:47","47","Color: Black, Size: 47","black","199","589.99","https://bikecloset.com/product/sidi-shot-2-other2/?attribute_pa_color=black&attribute_pa_size=47","8017732545497","1459035","1459017","2026-09-11T12:08:04.173Z"
"Sidi Shot 2 (Final Sale)","Sidi","","","Final sale","Footwear & protection","Cycling shoes","","","46.5","shoes:46.5","46.5","Color: Black, Size: 46.5","black","199","589.99","https://bikecloset.com/product/sidi-shot-2-other2/?attribute_pa_color=black&attribute_pa_size=46-5","8017732545480","1459034","1459017","2026-09-11T12:08:04.173Z"
"Sidi Shot 2 (Final Sale)","Sidi","","","Final sale","Footwear & protection","Cycling shoes","","","46","shoes:46","46","Color: Black, Size: 46","black","199","589.99","https://bikecloset.com/product/sidi-shot-2-other2/?attribute_pa_color=black&attribute_pa_size=46","8017732545473","1459033","1459017","2026-09-11T12:08:04.173Z"
"Sidi Shot 2 (Final Sale)","Sidi","","","Final sale","Footwear & protection","Cycling shoes","","","45.5","shoes:45.5","45.5","Color: Black, Size: 45.5","black","199","589.99","https://bikecloset.com/product/sidi-shot-2-other2/?attribute_pa_color=black&attribute_pa_size=45-5","8017732545466","1459032","1459017","2026-09-11T12:08:04.173Z"
"Sidi Shot 2 (Final Sale)","Sidi","","","Final sale","Footwear & protection","Cycling shoes","","","43.5","shoes:43.5","43.5","Color: Black, Size: 43.5","black","199","589.99","https://bikecloset.com/product/sidi-shot-2-other2/?attribute_pa_color=black&attribute_pa_size=43-5","8017732545428","1459028","1459017","2026-09-11T12:08:04.173Z"
"Sidi Shot 2 (Final Sale)","Sidi","","","Final sale","Footwear & protection","Cycling shoes","","","42.5","shoes:42.5","42.5","Color: Black, Size: 42.5","black","199","589.99","https://bikecloset.com/product/sidi-shot-2-other2/?attribute_pa_color=black&attribute_pa_size=42-5","8017732545404","1459026","1459017","2026-09-11T12:08:04.173Z"
"Sidi Shot 2 (Final Sale)","Sidi","","","Final sale","Footwear & protection","Cycling shoes","","","42","shoes:42","42","Color: Black, Size: 42","black","199","589.99","https://bikecloset.com/product/sidi-shot-2-other2/?attribute_pa_color=black&attribute_pa_size=42","8017732545398","1459025","1459017","2026-09-11T12:08:04.173Z"
"Sidi Shot 2 (Final Sale)","Sidi","","","Final sale","Footwear & protection","Cycling shoes","","","41","shoes:41","41","Color: Black, Size: 41","black","199","589.99","https://bikecloset.com/product/sidi-shot-2-other2/?attribute_pa_color=black&attribute_pa_size=41","8017732545374","1459020","1459017","2026-09-11T12:08:04.173Z"
"Castelli Entrata Bibshort Black","Castelli","","","","Clothing","Bib shorts","Unspecified","Unspecified","XL","clothing:xl","XL","Size: XL","","59.99","110","https://bikecloset.com/product/entrata-bibshort/?attribute_pa_size=xl","8050949066935","1445281","1445279","2026-09-11T12:08:04.173Z"
"Sidi Dominator 10 Black","Sidi","","","","Footwear & protection","Cycling shoes","","","41.5","shoes:41.5","41.5","Size: 41.5","","349.99","349.99","https://bikecloset.com/product/sidi-dominator-10-black/?attribute_pa_size=41-5","8017732532466","1442039","1442035","2026-09-11T12:08:04.173Z"
"Sidi Dominator 10 Black","Sidi","","","","Footwear & protection","Cycling shoes","","","41","shoes:41","41","Size: 41","","349.99","349.99","https://bikecloset.com/product/sidi-dominator-10-black/?attribute_pa_size=41","8017732532459","1442037","1442035","2026-09-11T12:08:04.173Z"
"Fizik Tempo R4 Overcurve Shoe Copper/Black","Fizik","","","","Footwear & protection","Cycling shoes","","","42","shoes:42","42","Size: 42","","99","229","https://bikecloset.com/product/tempo-r4-overcurve-copper-black/?attribute_pa_size=42","8058364073095","903103","902981","2026-09-11T12:08:04.173Z"
"Fizik Tempo R4 Overcurve Shoe Copper/Black","Fizik","","","","Footwear & protection","Cycling shoes","","","46.5","shoes:46.5","46.5","Size: 46.5","","99","229","https://bikecloset.com/product/tempo-r4-overcurve-copper-black/?attribute_pa_size=46-5","8058364073187","903065","902981","2026-09-11T12:08:04.173Z"
"Fizik Tempo R4 Overcurve Shoe Copper/Black","Fizik","","","","Footwear & protection","Cycling shoes","","","45.5","shoes:45.5","45.5","Size: 45.5","","99","229","https://bikecloset.com/product/tempo-r4-overcurve-copper-black/?attribute_pa_size=45-5","8058364073163","903049","902981","2026-09-11T12:08:04.173Z"
"Fizik Tempo R4 Overcurve Shoe Copper/Black","Fizik","","","","Footwear & protection","Cycling shoes","","","41.5","shoes:41.5","41.5","Size: 41.5","","99","229","https://bikecloset.com/product/tempo-r4-overcurve-copper-black/?attribute_pa_size=41-5","8058364073088","903010","902981","2026-09-11T12:08:04.173Z"
"Sidi Genius 10","Sidi","","","","Footwear & protection","Cycling shoes","","","48","shoes:48","48","Size: 48, Color: Black","Black","219","349.99","https://bikecloset.com/product/sidi-genius-10/?attribute_pa_size=48&attribute_color=Black","8017732530363","887388","842821","2026-09-11T12:08:04.173Z"
"Sidi Genius 10","Sidi","","","","Footwear & protection","Cycling shoes","","","46.5","shoes:46.5","46.5","Size: 46.5, Color: Black","Black","219","349.99","https://bikecloset.com/product/sidi-genius-10/?attribute_pa_size=46-5&attribute_color=Black","8017732530349","887380","842821","2026-09-11T12:08:04.173Z"
"Sidi Genius 10","Sidi","","","","Footwear & protection","Cycling shoes","","","46","shoes:46","46","Size: 46, Color: Black","Black","219","349.99","https://bikecloset.com/product/sidi-genius-10/?attribute_pa_size=46&attribute_color=Black","8017732530332","887376","842821","2026-09-11T12:08:04.173Z"
"Sidi Genius 10","Sidi","","","","Footwear & protection","Cycling shoes","","","45.5","shoes:45.5","45.5","Size: 45.5, Color: Black","Black","219","349.99","https://bikecloset.com/product/sidi-genius-10/?attribute_pa_size=45-5&attribute_color=Black","8017732530325","887372","842821","2026-09-11T12:08:04.173Z"
"Sidi Genius 10","Sidi","","","","Footwear & protection","Cycling shoes","","","44.5","shoes:44.5","44.5","Size: 44.5, Color: Black","Black","219","349.99","https://bikecloset.com/product/sidi-genius-10/?attribute_pa_size=44-5&attribute_color=Black","8017732530301","887364","842821","2026-09-11T12:08:04.173Z"
"Sidi Genius 10","Sidi","","","","Footwear & protection","Cycling shoes","","","43","shoes:43","43","Size: 43, Color: Black","Black","219","349.99","https://bikecloset.com/product/sidi-genius-10/?attribute_pa_size=43&attribute_color=Black","8017732530271","887352","842821","2026-09-11T12:08:04.173Z"
"Sidi Genius 10","Sidi","","","","Footwear & protection","Cycling shoes","","","42","shoes:42","42","Size: 42, Color: Black","Black","219","349.99","https://bikecloset.com/product/sidi-genius-10/?attribute_pa_size=42&attribute_color=Black","8017732530257","887344","842821","2026-09-11T12:08:04.173Z"
"Sidi Genius 10","Sidi","","","","Footwear & protection","Cycling shoes","","","41","shoes:41","41","Size: 41, Color: Black","Black","219","349.99","https://bikecloset.com/product/sidi-genius-10/?attribute_pa_size=41&attribute_color=Black","8017732530233","887336","842821","2026-09-11T12:08:04.173Z"
"Sidi Genius 10","Sidi","","","","Footwear & protection","Cycling shoes","","","40.5","shoes:40.5","40.5","Size: 40.5, Color: Black","Black","219","349.99","https://bikecloset.com/product/sidi-genius-10/?attribute_pa_size=40-5&attribute_color=Black","8017732530226","887332","842821","2026-09-11T12:08:04.173Z"
"Sidi Genius 10","Sidi","","","","Footwear & protection","Cycling shoes","","","40","shoes:40","40","Size: 40, Color: Black","Black","219","349.99","https://bikecloset.com/product/sidi-genius-10/?attribute_pa_size=40&attribute_color=Black","8017732530219","887328","842821","2026-09-11T12:08:04.173Z"
"Sidi Dominator 10 Grey","Sidi","","","","Footwear & protection","Cycling shoes","","","46.5","shoes:46.5","46.5","Size: 46.5","","219","349.99","https://bikecloset.com/product/sidi-dominator-10/?attribute_pa_size=46-5","8017732532312","842891","842860","2026-09-11T12:08:04.173Z"
"Sidi Dominator 10 Grey","Sidi","","","","Footwear & protection","Cycling shoes","","","46","shoes:46","46","Size: 46","","174.99","349.99","https://bikecloset.com/product/sidi-dominator-10/?attribute_pa_size=46","8017732532305","842889","842860","2026-09-11T12:08:04.173Z"
"Sidi Dominator 10 Grey","Sidi","","","","Footwear & protection","Cycling shoes","","","44.5","shoes:44.5","44.5","Size: 44.5","","219","349.99","https://bikecloset.com/product/sidi-dominator-10/?attribute_pa_size=44-5","8017732532275","842883","842860","2026-09-11T12:08:04.173Z"
"Sidi Dominator 10 Grey","Sidi","","","","Footwear & protection","Cycling shoes","","","43.5","shoes:43.5","43.5","Size: 43.5","","219","349.99","https://bikecloset.com/product/sidi-dominator-10/?attribute_pa_size=43-5","8017732532251","842879","842860","2026-09-11T12:08:04.173Z"
"Sidi Dominator 10 Grey","Sidi","","","","Footwear & protection","Cycling shoes","","","43","shoes:43","43","Size: 43","","219","349.99","https://bikecloset.com/product/sidi-dominator-10/?attribute_pa_size=43","8017732532244","842877","842860","2026-09-11T12:08:04.173Z"
"Sidi Dominator 10 Grey","Sidi","","","","Footwear & protection","Cycling shoes","","","42.5","shoes:42.5","42.5","Size: 42.5","","219","349.99","https://bikecloset.com/product/sidi-dominator-10/?attribute_pa_size=42-5","8017732532237","842875","842860","2026-09-11T12:08:04.173Z"
"Sidi Genius 10","Sidi","","","","Footwear & protection","Cycling shoes","","","48","shoes:48","48","Size: 48, Color: Grey","Grey","219","349.99","https://bikecloset.com/product/sidi-genius-10/?attribute_pa_size=48&attribute_color=Grey","8017732530110","842858","842821","2026-09-11T12:08:04.173Z"
"Sidi Genius 10","Sidi","","","","Footwear & protection","Cycling shoes","","","47","shoes:47","47","Size: 47, Color: Grey","Grey","219","349.99","https://bikecloset.com/product/sidi-genius-10/?attribute_pa_size=47&attribute_color=Grey","8017732530103","842856","842821","2026-09-11T12:08:04.173Z"
"Sidi Genius 10","Sidi","","","","Footwear & protection","Cycling shoes","","","46.5","shoes:46.5","46.5","Size: 46.5, Color: Grey","Grey","219","349.99","https://bikecloset.com/product/sidi-genius-10/?attribute_pa_size=46-5&attribute_color=Grey","8017732530097","842854","842821","2026-09-11T12:08:04.173Z"
"Sidi Genius 10","Sidi","","","","Footwear & protection","Cycling shoes","","","46","shoes:46","46","Size: 46, Color: Grey","Grey","219","349.99","https://bikecloset.com/product/sidi-genius-10/?attribute_pa_size=46&attribute_color=Grey","8017732530080","842852","842821","2026-09-11T12:08:04.173Z"
"Sidi Genius 10","Sidi","","","","Footwear & protection","Cycling shoes","","","45.5","shoes:45.5","45.5","Size: 45.5, Color: Grey","Grey","219","349.99","https://bikecloset.com/product/sidi-genius-10/?attribute_pa_size=45-5&attribute_color=Grey","8017732530073","842850","842821","2026-09-11T12:08:04.173Z"
"Sidi Genius 10","Sidi","","","","Footwear & protection","Cycling shoes","","","44.5","shoes:44.5","44.5","Size: 44.5, Color: Grey","Grey","219","349.99","https://bikecloset.com/product/sidi-genius-10/?attribute_pa_size=44-5&attribute_color=Grey","8017732530059","842846","842821","2026-09-11T12:08:04.173Z"
"Sidi Genius 10","Sidi","","","","Footwear & protection","Cycling shoes","","","44","shoes:44","44","Size: 44, Color: Grey","Grey","219","349.99","https://bikecloset.com/product/sidi-genius-10/?attribute_pa_size=44&attribute_color=Grey","8017732530042","842844","842821","2026-09-11T12:08:04.173Z"
"Sidi Genius 10","Sidi","","","","Footwear & protection","Cycling shoes","","","43.5","shoes:43.5","43.5","Size: 43.5, Color: Grey","Grey","219","349.99","https://bikecloset.com/product/sidi-genius-10/?attribute_pa_size=43-5&attribute_color=Grey","8017732530035","842842","842821","2026-09-11T12:08:04.173Z"
"Sidi Genius 10","Sidi","","","","Footwear & protection","Cycling shoes","","","43","shoes:43","43","Size: 43, Color: Grey","Grey","219","349.99","https://bikecloset.com/product/sidi-genius-10/?attribute_pa_size=43&attribute_color=Grey","8017732530028","842840","842821","2026-09-11T12:08:04.173Z"
"Sidi Genius 10","Sidi","","","","Footwear & protection","Cycling shoes","","","42.5","shoes:42.5","42.5","Size: 42.5, Color: Grey","Grey","219","349.99","https://bikecloset.com/product/sidi-genius-10/?attribute_pa_size=42-5&attribute_color=Grey","8017732530011","842838","842821","2026-09-11T12:08:04.173Z"
"Sidi Genius 10","Sidi","","","","Footwear & protection","Cycling shoes","","","42","shoes:42","42","Size: 42, Color: Grey","Grey","219","349.99","https://bikecloset.com/product/sidi-genius-10/?attribute_pa_size=42&attribute_color=Grey","8017732530004","842836","842821","2026-09-11T12:08:04.173Z"
"CrankBrothers Stamp 1 Pedals","CrankBrothers","","","","Components","Pedals & cleats","","","L","pedals & cleats:l","Large","Color: Red, Size: Large","red","14.99","49.99","https://bikecloset.com/product/stamp-1/?attribute_pa_color=red&attribute_pa_size=large","641300162687","476711","476700","2026-09-11T12:08:04.173Z"
"CrankBrothers Stamp 1 Pedals","CrankBrothers","","","","Components","Pedals & cleats","","","L","pedals & cleats:l","Large","Color: Blue, Size: Large","blue","19.99","49.99","https://bikecloset.com/product/stamp-1/?attribute_pa_color=blue&attribute_pa_size=large","641300162694","476709","476700","2026-09-11T12:08:04.173Z"
"CrankBrothers Stamp 1 Pedals","CrankBrothers","","","","Components","Pedals & cleats","","","S","pedals & cleats:s","Small","Color: Black, Size: Small","black","29.99","49.99","https://bikecloset.com/product/stamp-1/?attribute_pa_color=black&attribute_pa_size=small","641300162700","476707","476700","2026-09-11T12:08:04.173Z"